# Blender 4.2.3 LTS
# www.blender.org
mtllib axis.mtl
o Cone
v 0.000000 1.800327 -0.012805 0.0196 1.0000 0.5608
v 0.002498 1.800327 -0.012559 0.0196 1.0000 0.5608
v 0.004900 1.800327 -0.011830 0.0196 1.0000 0.5608
v 0.007114 1.800327 -0.010647 0.0196 1.0000 0.5608
v 0.009055 1.800327 -0.009055 0.0196 1.0000 0.5608
v 0.010647 1.800327 -0.007114 0.0196 1.0000 0.5608
v 0.011830 1.800327 -0.004900 0.0196 1.0000 0.5608
v 0.012559 1.800327 -0.002498 0.0196 1.0000 0.5608
v 0.012805 1.800327 -0.000000 0.0196 1.0000 0.5608
v 0.012559 1.800327 0.002498 0.0196 1.0000 0.5608
v 0.011830 1.800327 0.004900 0.0196 1.0000 0.5608
v 0.010647 1.800327 0.007114 0.0196 1.0000 0.5608
v 0.009055 1.800327 0.009055 0.0196 1.0000 0.5608
v 0.007114 1.800327 0.010647 0.0196 1.0000 0.5608
v 0.004900 1.800327 0.011830 0.0196 1.0000 0.5608
v 0.002498 1.800327 0.012559 0.0196 1.0000 0.5608
v 0.000000 1.800327 0.012805 0.0196 1.0000 0.5608
v -0.002498 1.800327 0.012559 0.0196 1.0000 0.5608
v -0.004900 1.800327 0.011830 0.0196 1.0000 0.5608
v -0.007114 1.800327 0.010647 0.0196 1.0000 0.5608
v -0.009055 1.800327 0.009055 0.0196 1.0000 0.5608
v -0.010647 1.800327 0.007114 0.0196 1.0000 0.5608
v -0.011830 1.800327 0.004900 0.0196 1.0000 0.5608
v -0.012559 1.800327 0.002498 0.0196 1.0000 0.5608
v -0.012805 1.800327 -0.000000 0.0196 1.0000 0.5608
v -0.012559 1.800327 -0.002498 0.0196 1.0000 0.5608
v -0.011830 1.800327 -0.004900 0.0196 1.0000 0.5608
v -0.010647 1.800327 -0.007114 0.0196 1.0000 0.5608
v -0.009055 1.800327 -0.009055 0.0196 1.0000 0.5608
v -0.007114 1.800327 -0.010647 0.0196 1.0000 0.5608
v -0.004900 1.800327 -0.011830 0.0196 1.0000 0.5608
v -0.002498 1.800327 -0.012559 0.0196 1.0000 0.5608
v 0.000000 2.000327 -0.000000 0.0549 1.0000 0.5608
v 0.000000 1.800327 -0.038251 0.0196 1.0000 0.5608
v 0.007462 1.800327 -0.037516 0.0196 1.0000 0.5608
v 0.014638 1.800327 -0.035340 0.0196 1.0000 0.5608
v 0.021251 1.800327 -0.031805 0.0196 1.0000 0.5608
v 0.027048 1.800327 -0.027048 0.0196 1.0000 0.5608
v 0.031805 1.800327 -0.021251 0.0196 1.0000 0.5608
v 0.035340 1.800327 -0.014638 0.0196 1.0000 0.5608
v 0.037516 1.800327 -0.007462 0.0196 1.0000 0.5608
v 0.038251 1.800327 -0.000000 0.0196 1.0000 0.5608
v 0.037516 1.800327 0.007462 0.0196 1.0000 0.5608
v 0.035340 1.800327 0.014638 0.0196 1.0000 0.5608
v 0.031805 1.800327 0.021251 0.0196 1.0000 0.5608
v 0.027048 1.800327 0.027048 0.0196 1.0000 0.5608
v 0.021251 1.800327 0.031805 0.0196 1.0000 0.5608
v 0.014638 1.800327 0.035340 0.0196 1.0000 0.5608
v 0.007462 1.800327 0.037516 0.0196 1.0000 0.5608
v 0.000000 1.800327 0.038251 0.0196 1.0000 0.5608
v -0.007462 1.800327 0.037516 0.0196 1.0000 0.5608
v -0.014638 1.800327 0.035340 0.0196 1.0000 0.5608
v -0.021251 1.800327 0.031805 0.0196 1.0000 0.5608
v -0.027048 1.800327 0.027048 0.0196 1.0000 0.5608
v -0.031805 1.800327 0.021251 0.0196 1.0000 0.5608
v -0.035340 1.800327 0.014638 0.0196 1.0000 0.5608
v -0.037516 1.800327 0.007462 0.0196 1.0000 0.5608
v -0.038251 1.800327 -0.000000 0.0196 1.0000 0.5608
v -0.037516 1.800327 -0.007462 0.0196 1.0000 0.5608
v -0.035340 1.800327 -0.014638 0.0196 1.0000 0.5608
v -0.031805 1.800327 -0.021251 0.0196 1.0000 0.5608
v -0.027048 1.800327 -0.027048 0.0196 1.0000 0.5608
v -0.021251 1.800327 -0.031805 0.0196 1.0000 0.5608
v -0.014638 1.800327 -0.035340 0.0196 1.0000 0.5608
v -0.007462 1.800327 -0.037516 0.0196 1.0000 0.5608
v 0.000000 -0.000425 -0.012805 0.0275 1.0000 0.5608
v 0.002498 -0.000425 -0.012559 0.0275 1.0000 0.5608
v 0.004900 -0.000425 -0.011830 0.0275 1.0000 0.5608
v 0.007114 -0.000425 -0.010647 0.0314 1.0000 0.5608
v 0.009055 -0.000425 -0.009055 0.0314 1.0000 0.5608
v 0.010647 -0.000425 -0.007114 0.0314 1.0000 0.5608
v 0.011830 -0.000425 -0.004900 0.0314 1.0000 0.5608
v 0.012559 -0.000425 -0.002498 0.0275 1.0000 0.5608
v 0.012805 -0.000425 0.000000 0.0275 1.0000 0.5608
v 0.012559 -0.000425 0.002498 0.0235 1.0000 0.5608
v 0.011830 -0.000425 0.004900 0.0196 1.0000 0.5608
v 0.010647 -0.000425 0.007114 0.0196 1.0000 0.5608
v 0.009055 -0.000425 0.009055 0.0196 1.0000 0.5608
v 0.007114 -0.000425 0.010647 0.0196 1.0000 0.5608
v 0.004900 -0.000425 0.011830 0.0196 1.0000 0.5608
v 0.002498 -0.000425 0.012559 0.0196 1.0000 0.5608
v 0.000000 -0.000425 0.012805 0.0196 1.0000 0.5608
v -0.002498 -0.000425 0.012559 0.0196 1.0000 0.5608
v -0.004900 -0.000425 0.011830 0.0196 1.0000 0.5608
v -0.007114 -0.000425 0.010647 0.0196 1.0000 0.5608
v -0.009055 -0.000425 0.009055 0.0196 1.0000 0.5608
v -0.010647 -0.000425 0.007114 0.0196 1.0000 0.5608
v -0.011830 -0.000425 0.004900 0.0196 1.0000 0.5608
v -0.012559 -0.000425 0.002498 0.0196 1.0000 0.5608
v -0.012805 -0.000425 0.000000 0.0196 1.0000 0.5608
v -0.012559 -0.000425 -0.002498 0.0196 1.0000 0.5608
v -0.011830 -0.000425 -0.004900 0.0196 1.0000 0.5608
v -0.010647 -0.000425 -0.007114 0.0196 1.0000 0.5608
v -0.009055 -0.000425 -0.009055 0.0196 1.0000 0.5608
v -0.007114 -0.000425 -0.010647 0.0235 1.0000 0.5608
v -0.004900 -0.000425 -0.011830 0.0235 1.0000 0.5608
v -0.002498 -0.000425 -0.012559 0.0235 1.0000 0.5608
v 1.800327 -0.000000 -0.012805 1.0000 0.3921 0.3255
v 1.800327 -0.002498 -0.012559 1.0000 0.3921 0.3255
v 1.800327 -0.004900 -0.011830 1.0000 0.3921 0.3255
v 1.800327 -0.007114 -0.010647 1.0000 0.3921 0.3255
v 1.800327 -0.009054 -0.009055 1.0000 0.3921 0.3255
v 1.800327 -0.010647 -0.007114 1.0000 0.3921 0.3255
v 1.800327 -0.011830 -0.004900 1.0000 0.3921 0.3255
v 1.800327 -0.012559 -0.002498 1.0000 0.3921 0.3255
v 1.800327 -0.012805 0.000000 1.0000 0.3921 0.3255
v 1.800327 -0.012559 0.002498 1.0000 0.3921 0.3255
v 1.800327 -0.011830 0.004900 1.0000 0.3921 0.3255
v 1.800327 -0.010647 0.007114 1.0000 0.3921 0.3255
v 1.800327 -0.009054 0.009055 1.0000 0.3921 0.3255
v 1.800327 -0.007114 0.010647 1.0000 0.3921 0.3255
v 1.800327 -0.004900 0.011830 1.0000 0.3921 0.3255
v 1.800327 -0.002498 0.012559 1.0000 0.3921 0.3255
v 1.800327 0.000000 0.012805 1.0000 0.3921 0.3255
v 1.800327 0.002498 0.012559 1.0000 0.3921 0.3255
v 1.800327 0.004900 0.011830 1.0000 0.3921 0.3255
v 1.800327 0.007114 0.010647 1.0000 0.3921 0.3255
v 1.800327 0.009055 0.009055 1.0000 0.3921 0.3255
v 1.800327 0.010647 0.007114 1.0000 0.3921 0.3255
v 1.800327 0.011831 0.004900 1.0000 0.3921 0.3255
v 1.800327 0.012559 0.002498 1.0000 0.3921 0.3255
v 1.800327 0.012805 -0.000000 1.0000 0.3921 0.3255
v 1.800327 0.012559 -0.002498 1.0000 0.3921 0.3255
v 1.800327 0.011831 -0.004900 1.0000 0.3921 0.3255
v 1.800327 0.010647 -0.007114 1.0000 0.3921 0.3255
v 1.800327 0.009055 -0.009055 1.0000 0.3921 0.3255
v 1.800327 0.007114 -0.010647 1.0000 0.3921 0.3255
v 1.800327 0.004900 -0.011830 1.0000 0.3921 0.3255
v 1.800327 0.002498 -0.012559 1.0000 0.3921 0.3255
v 2.000327 0.000000 0.000000 1.0000 0.3921 0.3255
v 1.800327 -0.000000 -0.038251 1.0000 0.3921 0.3255
v 1.800327 -0.007462 -0.037516 1.0000 0.3921 0.3255
v 1.800327 -0.014638 -0.035340 1.0000 0.3921 0.3255
v 1.800327 -0.021251 -0.031805 1.0000 0.3921 0.3255
v 1.800327 -0.027048 -0.027048 1.0000 0.3921 0.3255
v 1.800327 -0.031805 -0.021251 1.0000 0.3921 0.3255
v 1.800327 -0.035339 -0.014638 1.0000 0.3921 0.3255
v 1.800327 -0.037516 -0.007462 1.0000 0.3921 0.3255
v 1.800327 -0.038251 0.000000 1.0000 0.3921 0.3255
v 1.800327 -0.037516 0.007463 1.0000 0.3921 0.3255
v 1.800327 -0.035339 0.014638 1.0000 0.3921 0.3255
v 1.800327 -0.031805 0.021251 1.0000 0.3921 0.3255
v 1.800327 -0.027048 0.027048 1.0000 0.3921 0.3255
v 1.800327 -0.021251 0.031805 1.0000 0.3921 0.3255
v 1.800327 -0.014638 0.035340 1.0000 0.3921 0.3255
v 1.800327 -0.007462 0.037516 1.0000 0.3921 0.3255
v 1.800327 0.000000 0.038251 1.0000 0.3921 0.3255
v 1.800327 0.007463 0.037516 1.0000 0.3921 0.3255
v 1.800327 0.014638 0.035340 1.0000 0.3921 0.3255
v 1.800327 0.021251 0.031805 1.0000 0.3921 0.3255
v 1.800327 0.027048 0.027048 1.0000 0.3921 0.3255
v 1.800327 0.031805 0.021251 1.0000 0.3921 0.3255
v 1.800327 0.035340 0.014638 1.0000 0.3921 0.3255
v 1.800327 0.037516 0.007463 1.0000 0.3921 0.3255
v 1.800327 0.038251 -0.000000 1.0000 0.3921 0.3255
v 1.800327 0.037516 -0.007462 1.0000 0.3921 0.3255
v 1.800327 0.035340 -0.014638 1.0000 0.3921 0.3255
v 1.800327 0.031805 -0.021251 1.0000 0.3921 0.3255
v 1.800327 0.027048 -0.027048 1.0000 0.3921 0.3255
v 1.800327 0.021251 -0.031805 1.0000 0.3921 0.3255
v 1.800327 0.014638 -0.035340 1.0000 0.3921 0.3255
v 1.800327 0.007463 -0.037516 1.0000 0.3921 0.3255
v -0.000425 -0.000000 -0.012805 1.0000 0.3921 0.3255
v -0.000425 -0.002498 -0.012559 1.0000 0.3921 0.3255
v -0.000425 -0.004900 -0.011830 1.0000 0.3921 0.3255
v -0.000425 -0.007114 -0.010647 1.0000 0.3921 0.3255
v -0.000425 -0.009055 -0.009055 1.0000 0.3921 0.3255
v -0.000425 -0.010647 -0.007114 1.0000 0.3921 0.3255
v -0.000425 -0.011830 -0.004900 1.0000 0.3921 0.3255
v -0.000425 -0.012559 -0.002498 1.0000 0.3921 0.3255
v -0.000425 -0.012805 0.000000 1.0000 0.3921 0.3255
v -0.000425 -0.012559 0.002498 1.0000 0.3921 0.3255
v -0.000425 -0.011830 0.004900 1.0000 0.3921 0.3255
v -0.000425 -0.010647 0.007114 1.0000 0.3921 0.3255
v -0.000425 -0.009055 0.009055 1.0000 0.3921 0.3255
v -0.000425 -0.007114 0.010647 1.0000 0.3921 0.3255
v -0.000425 -0.004900 0.011830 1.0000 0.3921 0.3255
v -0.000425 -0.002498 0.012559 1.0000 0.3921 0.3255
v -0.000425 0.000000 0.012805 1.0000 0.3921 0.3255
v -0.000425 0.002498 0.012559 1.0000 0.3921 0.3255
v -0.000425 0.004900 0.011830 1.0000 0.3921 0.3255
v -0.000425 0.007114 0.010647 1.0000 0.3921 0.3255
v -0.000425 0.009055 0.009055 1.0000 0.3921 0.3255
v -0.000425 0.010647 0.007114 1.0000 0.3921 0.3255
v -0.000425 0.011830 0.004900 1.0000 0.3921 0.3255
v -0.000425 0.012559 0.002498 1.0000 0.3921 0.3255
v -0.000425 0.012805 -0.000000 1.0000 0.3921 0.3255
v -0.000425 0.012559 -0.002498 1.0000 0.3921 0.3255
v -0.000425 0.011830 -0.004900 1.0000 0.3921 0.3255
v -0.000425 0.010647 -0.007114 1.0000 0.3921 0.3255
v -0.000425 0.009055 -0.009055 1.0000 0.3921 0.3255
v -0.000425 0.007114 -0.010647 1.0000 0.3921 0.3255
v -0.000425 0.004900 -0.011830 1.0000 0.3921 0.3255
v -0.000425 0.002498 -0.012559 1.0000 0.3921 0.3255
v 0.000000 -0.012805 1.800327 0.0000 0.4157 1.0000
v 0.002498 -0.012559 1.800327 0.0000 0.4157 1.0000
v 0.004900 -0.011830 1.800327 0.0000 0.4157 1.0000
v 0.007114 -0.010647 1.800327 0.0000 0.4157 1.0000
v 0.009055 -0.009054 1.800327 0.0000 0.4157 1.0000
v 0.010647 -0.007114 1.800327 0.0000 0.4157 1.0000
v 0.011830 -0.004900 1.800327 0.0000 0.4157 1.0000
v 0.012559 -0.002498 1.800327 0.0000 0.4157 1.0000
v 0.012805 -0.000000 1.800327 0.0000 0.4157 1.0000
v 0.012559 0.002498 1.800327 0.0000 0.4157 1.0000
v 0.011830 0.004900 1.800327 0.0000 0.4157 1.0000
v 0.010647 0.007114 1.800327 0.0000 0.4157 1.0000
v 0.009055 0.009055 1.800327 0.0000 0.4157 1.0000
v 0.007114 0.010647 1.800327 0.0000 0.4157 1.0000
v 0.004900 0.011831 1.800327 0.0000 0.4157 1.0000
v 0.002498 0.012559 1.800327 0.0000 0.4157 1.0000
v 0.000000 0.012805 1.800327 0.0000 0.4157 1.0000
v -0.002498 0.012559 1.800327 0.0000 0.4157 1.0000
v -0.004900 0.011831 1.800327 0.0000 0.4157 1.0000
v -0.007114 0.010647 1.800327 0.0000 0.4157 1.0000
v -0.009055 0.009055 1.800327 0.0000 0.4157 1.0000
v -0.010647 0.007114 1.800327 0.0000 0.4157 1.0000
v -0.011830 0.004900 1.800327 0.0000 0.4157 1.0000
v -0.012559 0.002498 1.800327 0.0000 0.4157 1.0000
v -0.012805 -0.000000 1.800327 0.0000 0.4157 1.0000
v -0.012559 -0.002498 1.800327 0.0000 0.4157 1.0000
v -0.011830 -0.004900 1.800327 0.0000 0.4157 1.0000
v -0.010647 -0.007114 1.800327 0.0000 0.4157 1.0000
v -0.009055 -0.009054 1.800327 0.0000 0.4157 1.0000
v -0.007114 -0.010647 1.800327 0.0000 0.4157 1.0000
v -0.004900 -0.011830 1.800327 0.0000 0.4157 1.0000
v -0.002498 -0.012559 1.800327 0.0000 0.4157 1.0000
v 0.000000 -0.000000 2.000327 0.1255 0.4314 1.0000
v 0.000000 -0.038251 1.800327 0.0000 0.4157 1.0000
v 0.007462 -0.037516 1.800327 0.0000 0.4157 1.0000
v 0.014638 -0.035339 1.800327 0.0000 0.4157 1.0000
v 0.021251 -0.031805 1.800327 0.0000 0.4157 1.0000
v 0.027048 -0.027048 1.800327 0.0000 0.4157 1.0000
v 0.031805 -0.021251 1.800327 0.0000 0.4157 1.0000
v 0.035340 -0.014638 1.800327 0.0000 0.4157 1.0000
v 0.037516 -0.007462 1.800327 0.0039 0.4157 1.0000
v 0.038251 -0.000000 1.800327 0.0000 0.4157 1.0000
v 0.037516 0.007463 1.800327 0.0000 0.4157 1.0000
v 0.035340 0.014638 1.800327 0.0000 0.4157 1.0000
v 0.031805 0.021251 1.800327 0.0000 0.4157 1.0000
v 0.027048 0.027048 1.800327 0.0000 0.4157 1.0000
v 0.021251 0.031805 1.800327 0.0000 0.4157 1.0000
v 0.014638 0.035340 1.800327 0.0000 0.4157 1.0000
v 0.007462 0.037516 1.800327 0.0000 0.4157 1.0000
v 0.000000 0.038251 1.800327 0.0000 0.4157 1.0000
v -0.007462 0.037516 1.800327 0.0000 0.4157 1.0000
v -0.014638 0.035340 1.800327 0.0000 0.4157 1.0000
v -0.021251 0.031805 1.800327 0.0000 0.4157 1.0000
v -0.027048 0.027048 1.800327 0.0000 0.4157 1.0000
v -0.031805 0.021251 1.800327 0.0000 0.4157 1.0000
v -0.035340 0.014638 1.800327 0.0000 0.4157 1.0000
v -0.037516 0.007463 1.800327 0.0000 0.4157 1.0000
v -0.038251 -0.000000 1.800327 0.0000 0.4157 1.0000
v -0.037516 -0.007462 1.800327 0.0000 0.4157 1.0000
v -0.035340 -0.014638 1.800327 0.0000 0.4157 1.0000
v -0.031805 -0.021251 1.800327 0.0000 0.4157 1.0000
v -0.027048 -0.027048 1.800327 0.0000 0.4157 1.0000
v -0.021251 -0.031805 1.800327 0.0000 0.4157 1.0000
v -0.014638 -0.035339 1.800327 0.0000 0.4157 1.0000
v -0.007462 -0.037516 1.800327 0.0000 0.4157 1.0000
v 0.000000 -0.012805 -0.000425 0.0471 0.4196 1.0000
v 0.002498 -0.012559 -0.000425 0.0706 0.4196 1.0000
v 0.004900 -0.011830 -0.000425 0.0706 0.4196 1.0000
v 0.007114 -0.010647 -0.000425 0.0000 0.4157 1.0000
v 0.009055 -0.009055 -0.000425 0.0000 0.4157 1.0000
v 0.010647 -0.007114 -0.000425 0.0000 0.4157 1.0000
v 0.011830 -0.004900 -0.000425 0.0000 0.4157 1.0000
v 0.012559 -0.002498 -0.000425 0.0000 0.4157 1.0000
v 0.012805 0.000000 -0.000425 0.0000 0.4157 1.0000
v 0.012559 0.002498 -0.000425 0.0000 0.4157 1.0000
v 0.011830 0.004900 -0.000425 0.0000 0.4157 1.0000
v 0.010647 0.007114 -0.000425 0.0000 0.4157 1.0000
v 0.009055 0.009055 -0.000425 0.0000 0.4157 1.0000
v 0.007114 0.010647 -0.000425 0.0000 0.4157 1.0000
v 0.004900 0.011830 -0.000425 0.0000 0.4157 1.0000
v 0.002498 0.012559 -0.000425 0.0000 0.4157 1.0000
v 0.000000 0.012805 -0.000425 0.0000 0.4157 1.0000
v -0.002498 0.012559 -0.000425 0.0000 0.4157 1.0000
v -0.004900 0.011830 -0.000425 0.0000 0.4157 1.0000
v -0.007114 0.010647 -0.000425 0.0000 0.4157 1.0000
v -0.009055 0.009055 -0.000425 0.0000 0.4157 1.0000
v -0.010647 0.007114 -0.000425 0.0000 0.4157 1.0000
v -0.011830 0.004900 -0.000425 0.0000 0.4157 1.0000
v -0.012559 0.002498 -0.000425 0.0000 0.4157 1.0000
v -0.012805 0.000000 -0.000425 0.0000 0.4157 1.0000
v -0.012559 -0.002498 -0.000425 0.0000 0.4157 1.0000
v -0.011830 -0.004900 -0.000425 0.0000 0.4157 1.0000
v -0.010647 -0.007114 -0.000425 0.0471 0.4196 1.0000
v -0.009055 -0.009055 -0.000425 0.0471 0.4196 1.0000
v -0.007114 -0.010647 -0.000425 0.0471 0.4196 1.0000
v -0.004900 -0.011830 -0.000425 0.0471 0.4196 1.0000
v -0.002498 -0.012559 -0.000425 0.0471 0.4196 1.0000
v -0.017572 -0.017572 0.017572 1.0000 0.9294 0.1922
v -0.017572 0.017572 0.017572 1.0000 0.9294 0.1922
v -0.017572 -0.017572 -0.017572 1.0000 0.9294 0.1922
v -0.017572 0.017572 -0.017572 1.0000 0.9294 0.1922
v 0.017572 -0.017572 0.017572 1.0000 0.9294 0.1922
v 0.017572 0.017572 0.017572 1.0000 0.9294 0.1922
v 0.017572 -0.017572 -0.017572 1.0000 0.9294 0.1922
v 0.017572 0.017572 -0.017572 1.0000 0.9294 0.1922
v -0.021521 -0.021521 0.000000 1.0000 0.9294 0.1922
v -0.021521 0.000000 0.021521 1.0000 0.9294 0.1922
v -0.021521 0.021521 -0.000000 1.0000 0.9294 0.1922
v -0.021521 -0.000000 -0.021521 1.0000 0.9294 0.1922
v 0.000000 -0.021521 -0.021521 1.0000 0.9294 0.1922
v 0.000000 0.021521 -0.021521 1.0000 0.9294 0.1922
v 0.021521 -0.000000 -0.021521 1.0000 0.9294 0.1922
v 0.021521 -0.021521 0.000000 1.0000 0.9294 0.1922
v 0.021521 0.021521 -0.000000 1.0000 0.9294 0.1922
v 0.021521 0.000000 0.021521 1.0000 0.9294 0.1922
v 0.000000 -0.021521 0.021521 1.0000 0.9294 0.1922
v 0.000000 0.021521 0.021521 1.0000 0.9294 0.1922
v 0.000000 0.030436 -0.000000 1.0000 0.9294 0.1922
v 0.000000 -0.030436 0.000000 1.0000 0.9294 0.1922
v 0.000000 0.000000 0.030436 1.0000 0.9294 0.1922
v 0.030436 0.000000 0.000000 1.0000 0.9294 0.1922
v 0.000000 -0.000000 -0.030436 1.0000 0.9294 0.1922
v -0.030436 0.000000 0.000000 1.0000 0.9294 0.1922
v -0.020510 -0.020510 0.009219 1.0000 0.9294 0.1922
v -0.020510 0.009219 0.020510 1.0000 0.9294 0.1922
v -0.020510 0.020510 -0.009219 1.0000 0.9294 0.1922
v -0.020510 -0.009219 -0.020510 1.0000 0.9294 0.1922
v -0.009219 -0.020510 -0.020510 1.0000 0.9294 0.1961
v 0.009219 0.020510 -0.020510 1.0000 0.9294 0.1922
v 0.020510 -0.009219 -0.020510 1.0000 0.9294 0.1922
v 0.020510 -0.020510 -0.009219 1.0000 0.9294 0.1922
v 0.020510 0.020510 0.009219 1.0000 0.9294 0.1922
v 0.020510 -0.009219 0.020510 1.0000 0.9294 0.1922
v 0.009219 -0.020510 0.020510 1.0000 0.9294 0.1922
v -0.009219 0.020510 0.020510 1.0000 0.9294 0.1922
v -0.020510 -0.020510 -0.009219 1.0000 0.9294 0.1922
v -0.020510 -0.009219 0.020510 1.0000 0.9294 0.1922
v -0.020510 0.020510 0.009219 1.0000 0.9294 0.1922
v -0.020510 0.009219 -0.020510 1.0000 0.9294 0.1922
v 0.009219 -0.020510 -0.020510 1.0000 0.9294 0.1922
v -0.009219 0.020510 -0.020510 1.0000 0.9294 0.1922
v 0.020510 0.009219 -0.020510 1.0000 0.9294 0.1922
v 0.020510 -0.020510 0.009219 1.0000 0.9294 0.1922
v 0.020510 0.020510 -0.009219 1.0000 0.9294 0.1922
v 0.020510 0.009219 0.020510 1.0000 0.9294 0.1922
v -0.009219 -0.020510 0.020510 1.0000 0.9294 0.1922
v 0.009219 0.020510 0.020510 1.0000 0.9294 0.1922
v 0.000000 0.028119 0.011647 1.0000 0.9294 0.1922
v 0.000000 0.028119 -0.011647 1.0000 0.9294 0.1922
v 0.011647 0.028119 -0.000000 1.0000 0.9294 0.1922
v -0.011647 0.028119 -0.000000 1.0000 0.9294 0.1922
v 0.000000 -0.028119 0.011647 1.0000 0.9294 0.1922
v 0.000000 -0.028119 -0.011647 1.0000 0.9294 0.1922
v -0.011647 -0.028119 0.000000 1.0000 0.9294 0.1922
v 0.011647 -0.028119 0.000000 1.0000 0.9294 0.1922
v -0.011647 0.000000 0.028119 1.0000 0.9294 0.1922
v 0.011647 0.000000 0.028119 1.0000 0.9294 0.1922
v 0.000000 -0.011647 0.028119 1.0000 0.9294 0.1922
v 0.000000 0.011647 0.028119 1.0000 0.9294 0.1922
v 0.028119 0.000000 0.011647 1.0000 0.9294 0.1922
v 0.028119 -0.000000 -0.011647 1.0000 0.9294 0.1922
v 0.028119 -0.011647 0.000000 1.0000 0.9294 0.1922
v 0.028119 0.011647 -0.000000 1.0000 0.9294 0.1922
v 0.011647 -0.000000 -0.028119 1.0000 0.9294 0.1922
v -0.011647 -0.000000 -0.028119 1.0000 0.9294 0.1922
v 0.000000 -0.011647 -0.028119 1.0000 0.9294 0.1922
v 0.000000 0.011647 -0.028119 1.0000 0.9294 0.1922
v -0.028119 -0.000000 -0.011647 1.0000 0.9294 0.1922
v -0.028119 0.000000 0.011647 1.0000 0.9294 0.1922
v -0.028119 -0.011647 0.000000 1.0000 0.9294 0.1922
v -0.028119 0.011647 -0.000000 1.0000 0.9294 0.1922
v -0.026079 0.011190 0.010999 1.0000 0.9294 0.1922
v -0.026079 -0.011190 0.010999 1.0000 0.9294 0.1922
v -0.026079 -0.011190 -0.010999 1.0000 0.9294 0.1922
v -0.010999 0.011190 -0.026079 1.0000 0.9294 0.1922
v -0.010999 -0.011190 -0.026079 1.0000 0.9294 0.1961
v 0.010999 -0.011190 -0.026079 1.0000 0.9294 0.1922
v 0.026079 0.011190 -0.010999 1.0000 0.9294 0.1922
v 0.026079 -0.011190 -0.010999 1.0000 0.9294 0.1922
v 0.026079 -0.011190 0.010999 1.0000 0.9294 0.1922
v 0.010999 0.011190 0.026079 1.0000 0.9294 0.1922
v 0.010999 -0.011190 0.026079 1.0000 0.9294 0.1922
v -0.010999 -0.011190 0.026079 1.0000 0.9294 0.1922
v 0.011190 -0.026079 -0.010999 1.0000 0.9294 0.1922
v -0.011190 -0.026079 -0.010999 1.0000 0.9294 0.1922
v -0.011190 -0.026079 0.010999 1.0000 0.9294 0.1922
v -0.011190 0.026079 -0.010999 1.0000 0.9294 0.1922
v 0.011190 0.026079 -0.010999 1.0000 0.9294 0.1922
v 0.011190 0.026079 0.010999 1.0000 0.9294 0.1922
v -0.011190 0.026079 0.010999 1.0000 0.9294 0.1922
v 0.011190 -0.026079 0.010999 1.0000 0.9294 0.1922
v -0.010999 0.011190 0.026079 1.0000 0.9294 0.1922
v 0.026079 0.011190 0.010999 1.0000 0.9294 0.1922
v 0.010999 0.011190 -0.026079 1.0000 0.9294 0.1922
v -0.026079 0.011190 -0.010999 1.0000 0.9294 0.1922
v -0.019269 -0.019269 0.013556 1.0000 0.9294 0.1922
v -0.019269 0.013556 0.019269 1.0000 0.9294 0.1922
v -0.019269 0.019269 -0.013556 1.0000 0.9294 0.1922
v -0.019269 -0.013556 -0.019269 1.0000 0.9294 0.1922
v -0.013556 -0.019269 -0.019269 1.0000 0.9294 0.1922
v 0.013556 0.019269 -0.019269 1.0000 0.9294 0.1922
v 0.019269 -0.013556 -0.019269 1.0000 0.9294 0.1922
v 0.019269 -0.019269 -0.013556 1.0000 0.9294 0.1922
v 0.019269 0.019269 0.013556 1.0000 0.9294 0.1922
v 0.019269 -0.013556 0.019269 1.0000 0.9294 0.1922
v 0.013556 -0.019269 0.019269 1.0000 0.9294 0.1922
v -0.013556 0.019269 0.019269 1.0000 0.9294 0.1922
v -0.021267 -0.021267 -0.004665 1.0000 0.9294 0.1922
v -0.021267 -0.004665 0.021267 1.0000 0.9294 0.1922
v -0.021267 0.021267 0.004665 1.0000 0.9294 0.1922
v -0.021267 0.004665 -0.021267 1.0000 0.9294 0.1922
v 0.004665 -0.021267 -0.021267 1.0000 0.9294 0.1922
v -0.004665 0.021267 -0.021267 1.0000 0.9294 0.1922
v 0.021267 0.004665 -0.021267 1.0000 0.9294 0.1922
v 0.021267 -0.021267 0.004665 1.0000 0.9294 0.1922
v 0.021267 0.021267 -0.004665 1.0000 0.9294 0.1922
v 0.021267 0.004665 0.021267 1.0000 0.9294 0.1922
v -0.004665 -0.021267 0.021267 1.0000 0.9294 0.1922
v 0.004665 0.021267 0.021267 1.0000 0.9294 0.1922
v 0.000000 0.025307 0.016909 1.0000 0.9294 0.1922
v 0.000000 0.029851 -0.005938 1.0000 0.9294 0.1922
v 0.016909 0.025307 -0.000000 1.0000 0.9294 0.1922
v -0.005938 0.029851 -0.000000 1.0000 0.9294 0.1922
v 0.000000 -0.025307 0.016909 1.0000 0.9294 0.1922
v 0.000000 -0.029851 -0.005938 1.0000 0.9294 0.1922
v -0.016909 -0.025307 0.000000 1.0000 0.9294 0.1922
v 0.005938 -0.029851 0.000000 1.0000 0.9294 0.1922
v -0.016909 0.000000 0.025307 1.0000 0.9294 0.1922
v 0.005938 0.000000 0.029851 1.0000 0.9294 0.1922
v 0.000000 -0.016909 0.025307 1.0000 0.9294 0.1922
v 0.000000 0.005938 0.029851 1.0000 0.9294 0.1922
v 0.025307 0.000000 0.016909 1.0000 0.9294 0.1922
v 0.029851 -0.000000 -0.005938 1.0000 0.9294 0.1922
v 0.025307 -0.016909 0.000000 1.0000 0.9294 0.1922
v 0.029851 0.005938 -0.000000 1.0000 0.9294 0.1922
v 0.016909 -0.000000 -0.025307 1.0000 0.9294 0.1922
v -0.005938 -0.000000 -0.029851 1.0000 0.9294 0.1922
v 0.000000 -0.016909 -0.025307 1.0000 0.9294 0.1922
v 0.000000 0.005938 -0.029851 1.0000 0.9294 0.1922
v -0.025307 -0.000000 -0.016909 1.0000 0.9294 0.1922
v -0.029851 0.000000 0.005938 1.0000 0.9294 0.1922
v -0.025307 -0.016909 0.000000 1.0000 0.9294 0.1922
v -0.029851 0.005938 -0.000000 1.0000 0.9294 0.1922
v -0.021267 -0.021267 0.004665 1.0000 0.9294 0.1922
v -0.021267 0.004665 0.021267 1.0000 0.9294 0.1922
v -0.021267 0.021267 -0.004665 1.0000 0.9294 0.1922
v -0.021267 -0.004665 -0.021267 1.0000 0.9294 0.1922
v -0.004665 -0.021267 -0.021267 1.0000 0.9294 0.1922
v 0.004665 0.021267 -0.021267 1.0000 0.9294 0.1922
v 0.021267 -0.004665 -0.021267 1.0000 0.9294 0.1922
v 0.021267 -0.021267 -0.004665 1.0000 0.9294 0.1922
v 0.021267 0.021267 0.004665 1.0000 0.9294 0.1922
v 0.021267 -0.004665 0.021267 1.0000 0.9294 0.1922
v 0.004665 -0.021267 0.021267 1.0000 0.9294 0.1922
v -0.004665 0.021267 0.021267 1.0000 0.9294 0.1922
v -0.019269 -0.019269 -0.013556 1.0000 0.9294 0.1922
v -0.019269 -0.013556 0.019269 1.0000 0.9294 0.1922
v -0.019269 0.019269 0.013556 1.0000 0.9294 0.1922
v -0.019269 0.013556 -0.019269 1.0000 0.9294 0.1922
v 0.013556 -0.019269 -0.019269 1.0000 0.9294 0.1922
v -0.013556 0.019269 -0.019269 1.0000 0.9294 0.1922
v 0.019269 0.013556 -0.019269 1.0000 0.9294 0.1922
v 0.019269 -0.019269 0.013556 1.0000 0.9294 0.1922
v 0.019269 0.019269 -0.013556 1.0000 0.9294 0.1922
v 0.019269 0.013556 0.019269 1.0000 0.9294 0.1922
v -0.013556 -0.019269 0.019269 1.0000 0.9294 0.1922
v 0.013556 0.019269 0.019269 1.0000 0.9294 0.1922
v 0.000000 0.029851 0.005938 1.0000 0.9294 0.1922
v 0.000000 0.025307 -0.016909 1.0000 0.9294 0.1922
v 0.005938 0.029851 -0.000000 1.0000 0.9294 0.1922
v -0.016909 0.025307 -0.000000 1.0000 0.9294 0.1922
v 0.000000 -0.029851 0.005938 1.0000 0.9294 0.1922
v 0.000000 -0.025307 -0.016909 1.0000 0.9294 0.1922
v -0.005938 -0.029851 0.000000 1.0000 0.9294 0.1922
v 0.016909 -0.025307 0.000000 1.0000 0.9294 0.1922
v -0.005938 0.000000 0.029851 1.0000 0.9294 0.1922
v 0.016909 0.000000 0.025307 1.0000 0.9294 0.1922
v 0.000000 -0.005938 0.029851 1.0000 0.9294 0.1922
v 0.000000 0.016909 0.025307 1.0000 0.9294 0.1922
v 0.029851 0.000000 0.005938 1.0000 0.9294 0.1922
v 0.025307 -0.000000 -0.016909 1.0000 0.9294 0.1922
v 0.029851 -0.005938 0.000000 1.0000 0.9294 0.1922
v 0.025307 0.016909 -0.000000 1.0000 0.9294 0.1922
v 0.005938 -0.000000 -0.029851 1.0000 0.9294 0.1922
v -0.016909 -0.000000 -0.025307 1.0000 0.9294 0.1922
v 0.000000 -0.005938 -0.029851 1.0000 0.9294 0.1922
v 0.000000 0.016909 -0.025307 1.0000 0.9294 0.1922
v -0.029851 -0.000000 -0.005938 1.0000 0.9294 0.1922
v -0.025307 0.000000 0.016909 1.0000 0.9294 0.1922
v -0.029851 -0.005938 0.000000 1.0000 0.9294 0.1922
v -0.025307 0.016909 -0.000000 1.0000 0.9294 0.1922
v -0.027572 0.011611 0.005595 1.0000 0.9294 0.1922
v -0.023700 0.010380 0.016028 1.0000 0.9294 0.1922
v -0.027589 0.005696 0.011522 1.0000 0.9294 0.1922
v -0.023686 0.016116 0.010277 1.0000 0.9294 0.1922
v -0.027572 -0.011611 0.005595 1.0000 0.9294 0.1922
v -0.023700 -0.010380 0.016028 1.0000 0.9294 0.1922
v -0.023686 -0.016116 0.010277 1.0000 0.9294 0.1922
v -0.027589 -0.005696 0.011522 1.0000 0.9294 0.1922
v -0.023700 -0.010380 -0.016028 1.0000 0.9294 0.1922
v -0.027572 -0.011611 -0.005595 1.0000 0.9294 0.1922
v -0.023686 -0.016116 -0.010277 1.0000 0.9294 0.1922
v -0.027589 -0.005696 -0.011522 1.0000 0.9294 0.1922
v -0.005595 0.011611 -0.027572 1.0000 0.9294 0.1922
v -0.016028 0.010380 -0.023700 1.0000 0.9294 0.1922
v -0.011522 0.005696 -0.027589 1.0000 0.9294 0.1922
v -0.010277 0.016116 -0.023686 1.0000 0.9294 0.1922
v -0.005595 -0.011611 -0.027572 1.0000 0.9294 0.1922
v -0.016028 -0.010380 -0.023700 1.0000 0.9294 0.1922
v -0.010277 -0.016116 -0.023686 1.0000 0.9294 0.1961
v -0.011522 -0.005696 -0.027589 1.0000 0.9294 0.1922
v 0.016028 -0.010380 -0.023700 1.0000 0.9294 0.1922
v 0.005595 -0.011611 -0.027572 1.0000 0.9294 0.1922
v 0.010277 -0.016116 -0.023686 1.0000 0.9294 0.1922
v 0.011522 -0.005696 -0.027589 1.0000 0.9294 0.1922
v 0.027572 0.011611 -0.005595 1.0000 0.9294 0.1922
v 0.023700 0.010380 -0.016028 1.0000 0.9294 0.1922
v 0.027589 0.005696 -0.011522 1.0000 0.9294 0.1922
v 0.023686 0.016116 -0.010277 1.0000 0.9294 0.1922
v 0.027572 -0.011611 -0.005595 1.0000 0.9294 0.1922
v 0.023700 -0.010380 -0.016028 1.0000 0.9294 0.1922
v 0.023686 -0.016116 -0.010277 1.0000 0.9294 0.1922
v 0.027589 -0.005696 -0.011522 1.0000 0.9294 0.1922
v 0.023700 -0.010380 0.016028 1.0000 0.9294 0.1922
v 0.027572 -0.011611 0.005595 1.0000 0.9294 0.1922
v 0.023686 -0.016116 0.010277 1.0000 0.9294 0.1922
v 0.027589 -0.005696 0.011522 1.0000 0.9294 0.1922
v 0.005595 0.011611 0.027572 1.0000 0.9294 0.1922
v 0.016028 0.010380 0.023700 1.0000 0.9294 0.1922
v 0.011522 0.005696 0.027589 1.0000 0.9294 0.1922
v 0.010277 0.016116 0.023686 1.0000 0.9294 0.1922
v 0.005595 -0.011611 0.027572 1.0000 0.9294 0.1922
v 0.016028 -0.010380 0.023700 1.0000 0.9294 0.1922
v 0.010277 -0.016116 0.023686 1.0000 0.9294 0.1922
v 0.011522 -0.005696 0.027589 1.0000 0.9294 0.1922
v -0.016028 -0.010380 0.023700 1.0000 0.9294 0.1922
v -0.005595 -0.011611 0.027572 1.0000 0.9294 0.1922
v -0.010277 -0.016116 0.023686 1.0000 0.9294 0.1922
v -0.011522 -0.005696 0.027589 1.0000 0.9294 0.1922
v 0.011611 -0.027572 -0.005595 1.0000 0.9294 0.1922
v 0.010380 -0.023700 -0.016028 1.0000 0.9294 0.1922
v 0.005696 -0.027589 -0.011522 1.0000 0.9294 0.1922
v 0.016116 -0.023686 -0.010277 1.0000 0.9294 0.1922
v -0.011611 -0.027572 -0.005595 1.0000 0.9294 0.1922
v -0.010380 -0.023700 -0.016028 1.0000 0.9294 0.1922
v -0.016116 -0.023686 -0.010277 1.0000 0.9294 0.1922
v -0.005696 -0.027589 -0.011522 1.0000 0.9294 0.1922
v -0.010380 -0.023700 0.016028 1.0000 0.9294 0.1922
v -0.011611 -0.027572 0.005595 1.0000 0.9294 0.1922
v -0.016116 -0.023686 0.010277 1.0000 0.9294 0.1922
v -0.005696 -0.027589 0.011522 1.0000 0.9294 0.1922
v -0.011611 0.027572 -0.005595 1.0000 0.9294 0.1922
v -0.010380 0.023700 -0.016028 1.0000 0.9294 0.1922
v -0.005696 0.027589 -0.011522 1.0000 0.9294 0.1922
v -0.016116 0.023686 -0.010277 1.0000 0.9294 0.1922
v 0.011611 0.027572 -0.005595 1.0000 0.9294 0.1922
v 0.010380 0.023700 -0.016028 1.0000 0.9294 0.1922
v 0.016116 0.023686 -0.010277 1.0000 0.9294 0.1922
v 0.005696 0.027589 -0.011522 1.0000 0.9294 0.1922
v 0.010380 0.023700 0.016028 1.0000 0.9294 0.1922
v 0.011611 0.027572 0.005595 1.0000 0.9294 0.1922
v 0.016116 0.023686 0.010277 1.0000 0.9294 0.1922
v 0.005696 0.027589 0.011522 1.0000 0.9294 0.1922
v -0.010380 0.023700 0.016028 1.0000 0.9294 0.1922
v -0.011611 0.027572 0.005595 1.0000 0.9294 0.1922
v -0.005696 0.027589 0.011522 1.0000 0.9294 0.1922
v -0.016116 0.023686 0.010277 1.0000 0.9294 0.1922
v 0.010380 -0.023700 0.016028 1.0000 0.9294 0.1922
v 0.011611 -0.027572 0.005595 1.0000 0.9294 0.1922
v 0.005696 -0.027589 0.011522 1.0000 0.9294 0.1922
v 0.016116 -0.023686 0.010277 1.0000 0.9294 0.1922
v -0.016028 0.010380 0.023700 1.0000 0.9294 0.1922
v -0.005595 0.011611 0.027572 1.0000 0.9294 0.1922
v -0.011522 0.005696 0.027589 1.0000 0.9294 0.1922
v -0.010277 0.016116 0.023686 1.0000 0.9294 0.1922
v 0.023700 0.010380 0.016028 1.0000 0.9294 0.1922
v 0.027572 0.011611 0.005595 1.0000 0.9294 0.1922
v 0.027589 0.005696 0.011522 1.0000 0.9294 0.1922
v 0.023686 0.016116 0.010277 1.0000 0.9294 0.1922
v 0.016028 0.010380 -0.023700 1.0000 0.9294 0.1922
v 0.005595 0.011611 -0.027572 1.0000 0.9294 0.1922
v 0.011522 0.005696 -0.027589 1.0000 0.9294 0.1922
v 0.010277 0.016116 -0.023686 1.0000 0.9294 0.1922
v -0.023700 0.010380 -0.016028 1.0000 0.9294 0.1922
v -0.027572 0.011611 -0.005595 1.0000 0.9294 0.1922
v -0.027589 0.005696 -0.011522 1.0000 0.9294 0.1922
v -0.023686 0.016116 -0.010277 1.0000 0.9294 0.1922
v -0.024866 0.016758 -0.005216 1.0000 0.9294 0.1922
v -0.029271 0.005925 -0.005871 1.0000 0.9294 0.1922
v -0.024889 0.005277 -0.016705 1.0000 0.9294 0.1922
v 0.005216 0.016758 -0.024866 1.0000 0.9294 0.1922
v 0.005871 0.005925 -0.029271 1.0000 0.9294 0.1922
v 0.016705 0.005277 -0.024889 1.0000 0.9294 0.1922
v 0.024866 0.016758 0.005216 1.0000 0.9294 0.1922
v 0.029271 0.005925 0.005871 1.0000 0.9294 0.1922
v 0.024889 0.005277 0.016705 1.0000 0.9294 0.1922
v -0.005216 0.016758 0.024866 1.0000 0.9294 0.1922
v -0.005871 0.005925 0.029271 1.0000 0.9294 0.1922
v -0.016705 0.005277 0.024889 1.0000 0.9294 0.1922
v 0.016758 -0.024866 0.005216 1.0000 0.9294 0.1922
v 0.005925 -0.029271 0.005871 1.0000 0.9294 0.1922
v 0.005277 -0.024889 0.016705 1.0000 0.9294 0.1922
v -0.016758 0.024866 0.005216 1.0000 0.9294 0.1922
v -0.005925 0.029271 0.005871 1.0000 0.9294 0.1922
v -0.005277 0.024889 0.016705 1.0000 0.9294 0.1922
v 0.005925 0.029271 0.005871 1.0000 0.9294 0.1922
v 0.016758 0.024866 0.005216 1.0000 0.9294 0.1922
v 0.015054 0.021795 0.014990 1.0000 0.9294 0.1922
v 0.005277 0.024889 -0.016705 1.0000 0.9294 0.1922
v 0.015054 0.021795 -0.014990 1.0000 0.9294 0.1922
v 0.016758 0.024866 -0.005216 1.0000 0.9294 0.1922
v -0.015054 0.021795 -0.014990 1.0000 0.9294 0.1922
v -0.005277 0.024889 -0.016705 1.0000 0.9294 0.1922
v -0.005925 0.029271 -0.005871 1.0000 0.9294 0.1922
v -0.005925 -0.029271 0.005871 1.0000 0.9294 0.1922
v -0.016758 -0.024866 0.005216 1.0000 0.9294 0.1922
v -0.015054 -0.021795 0.014990 1.0000 0.9294 0.1922
v -0.005277 -0.024889 -0.016705 1.0000 0.9294 0.1922
v -0.015054 -0.021795 -0.014990 1.0000 0.9294 0.1922
v -0.016758 -0.024866 -0.005216 1.0000 0.9294 0.1922
v 0.015054 -0.021795 -0.014990 1.0000 0.9294 0.1922
v 0.005277 -0.024889 -0.016705 1.0000 0.9294 0.1922
v 0.005925 -0.029271 -0.005871 1.0000 0.9294 0.1922
v -0.005871 -0.005925 0.029271 1.0000 0.9294 0.1922
v -0.005216 -0.016758 0.024866 1.0000 0.9294 0.1922
v -0.014990 -0.015054 0.021795 1.0000 0.9294 0.1922
v 0.016705 -0.005277 0.024889 1.0000 0.9294 0.1922
v 0.014990 -0.015054 0.021795 1.0000 0.9294 0.1922
v 0.005216 -0.016758 0.024866 1.0000 0.9294 0.1922
v 0.014990 0.015054 0.021795 1.0000 0.9294 0.1922
v 0.016705 0.005277 0.024889 1.0000 0.9294 0.1922
v 0.005871 0.005925 0.029271 1.0000 0.9294 0.1922
v 0.029271 -0.005925 0.005871 1.0000 0.9294 0.1922
v 0.024866 -0.016758 0.005216 1.0000 0.9294 0.1922
v 0.021795 -0.015054 0.014990 1.0000 0.9294 0.1922
v 0.024889 -0.005277 -0.016705 1.0000 0.9294 0.1922
v 0.021795 -0.015054 -0.014990 1.0000 0.9294 0.1922
v 0.024866 -0.016758 -0.005216 1.0000 0.9294 0.1922
v 0.021795 0.015054 -0.014990 1.0000 0.9294 0.1922
v 0.024889 0.005277 -0.016705 1.0000 0.9294 0.1922
v 0.029271 0.005925 -0.005871 1.0000 0.9294 0.1922
v 0.005871 -0.005925 -0.029271 1.0000 0.9294 0.1922
v 0.005216 -0.016758 -0.024866 1.0000 0.9294 0.1922
v 0.014990 -0.015054 -0.021795 1.0000 0.9294 0.1922
v -0.016705 -0.005277 -0.024889 1.0000 0.9294 0.1922
v -0.014990 -0.015054 -0.021795 1.0000 0.9294 0.1922
v -0.005216 -0.016758 -0.024866 1.0000 0.9294 0.1922
v -0.014990 0.015054 -0.021795 1.0000 0.9294 0.1922
v -0.016705 0.005277 -0.024889 1.0000 0.9294 0.1922
v -0.005871 0.005925 -0.029271 1.0000 0.9294 0.1922
v -0.029271 -0.005925 -0.005871 1.0000 0.9294 0.1922
v -0.024866 -0.016758 -0.005216 1.0000 0.9294 0.1922
v -0.021795 -0.015054 -0.014990 1.0000 0.9294 0.1922
v -0.024889 -0.005277 0.016705 1.0000 0.9294 0.1922
v -0.021795 -0.015054 0.014990 1.0000 0.9294 0.1922
v -0.024866 -0.016758 0.005216 1.0000 0.9294 0.1922
v -0.021795 0.015054 0.014990 1.0000 0.9294 0.1922
v -0.024889 0.005277 0.016705 1.0000 0.9294 0.1922
v -0.029271 0.005925 0.005871 1.0000 0.9294 0.1922
v -0.024866 0.016758 0.005216 1.0000 0.9294 0.1922
v -0.029271 -0.005925 0.005871 1.0000 0.9294 0.1922
v -0.024889 -0.005277 -0.016705 1.0000 0.9294 0.1922
v -0.005216 0.016758 -0.024866 1.0000 0.9294 0.1922
v -0.005871 -0.005925 -0.029271 1.0000 0.9294 0.1922
v 0.016705 -0.005277 -0.024889 1.0000 0.9294 0.1922
v 0.024866 0.016758 -0.005216 1.0000 0.9294 0.1922
v 0.029271 -0.005925 -0.005871 1.0000 0.9294 0.1922
v 0.024889 -0.005277 0.016705 1.0000 0.9294 0.1922
v 0.005216 0.016758 0.024866 1.0000 0.9294 0.1922
v 0.005871 -0.005925 0.029271 1.0000 0.9294 0.1922
v -0.016705 -0.005277 0.024889 1.0000 0.9294 0.1922
v 0.016758 -0.024866 -0.005216 1.0000 0.9294 0.1922
v -0.005925 -0.029271 -0.005871 1.0000 0.9294 0.1922
v -0.005277 -0.024889 0.016705 1.0000 0.9294 0.1922
v -0.016758 0.024866 -0.005216 1.0000 0.9294 0.1922
v 0.005925 0.029271 -0.005871 1.0000 0.9294 0.1922
v 0.005277 0.024889 0.016705 1.0000 0.9294 0.1922
v -0.015054 0.021795 0.014990 1.0000 0.9294 0.1922
v 0.015054 -0.021795 0.014990 1.0000 0.9294 0.1922
v -0.014990 0.015054 0.021795 1.0000 0.9294 0.1922
v 0.021795 0.015054 0.014990 1.0000 0.9294 0.1922
v 0.014990 0.015054 -0.021795 1.0000 0.9294 0.1922
v -0.021795 0.015054 -0.014990 1.0000 0.9294 0.1922
v -0.018475 -0.018475 0.015610 1.0000 0.9294 0.1922
v -0.018475 0.015610 0.018475 1.0000 0.9294 0.1922
v -0.018475 0.018475 -0.015610 1.0000 0.9294 0.1922
v -0.018475 -0.015610 -0.018475 1.0000 0.9294 0.1922
v -0.015610 -0.018475 -0.018475 1.0000 0.9294 0.1922
v 0.015610 0.018475 -0.018475 1.0000 0.9294 0.1922
v 0.018475 -0.015610 -0.018475 1.0000 0.9294 0.1922
v 0.018475 -0.018475 -0.015610 1.0000 0.9294 0.1922
v 0.018475 0.018475 0.015610 1.0000 0.9294 0.1922
v 0.018475 -0.015610 0.018475 1.0000 0.9294 0.1922
v 0.015610 -0.018475 0.018475 1.0000 0.9294 0.1922
v -0.015610 0.018475 0.018475 1.0000 0.9294 0.1922
v -0.021458 -0.021458 -0.002339 1.0000 0.9294 0.1922
v -0.021458 -0.002339 0.021458 1.0000 0.9294 0.1922
v -0.021458 0.021458 0.002339 1.0000 0.9294 0.1922
v -0.021458 0.002339 -0.021458 1.0000 0.9294 0.1922
v 0.002339 -0.021458 -0.021458 1.0000 0.9294 0.1922
v -0.002339 0.021458 -0.021458 1.0000 0.9294 0.1922
v 0.021458 0.002339 -0.021458 1.0000 0.9294 0.1922
v 0.021458 -0.021458 0.002339 1.0000 0.9294 0.1922
v 0.021458 0.021458 -0.002339 1.0000 0.9294 0.1922
v 0.021458 0.002339 0.021458 1.0000 0.9294 0.1922
v -0.002339 -0.021458 0.021458 1.0000 0.9294 0.1922
v 0.002339 0.021458 0.021458 1.0000 0.9294 0.1922
v 0.000000 0.023527 0.019308 1.0000 0.9294 0.1922
v 0.000000 0.030289 -0.002983 1.0000 0.9294 0.1922
v 0.019308 0.023527 -0.000000 1.0000 0.9294 0.1922
v -0.002983 0.030289 -0.000000 1.0000 0.9294 0.1922
v 0.000000 -0.023527 0.019308 1.0000 0.9294 0.1922
v 0.000000 -0.030289 -0.002983 1.0000 0.9294 0.1922
v -0.019308 -0.023527 0.000000 1.0000 0.9294 0.1922
v 0.002983 -0.030289 0.000000 1.0000 0.9294 0.1922
v -0.019308 0.000000 0.023527 1.0000 0.9294 0.1922
v 0.002983 0.000000 0.030289 1.0000 0.9294 0.1922
v 0.000000 -0.019308 0.023527 1.0000 0.9294 0.1922
v 0.000000 0.002983 0.030289 1.0000 0.9294 0.1922
v 0.023527 0.000000 0.019308 1.0000 0.9294 0.1922
v 0.030289 -0.000000 -0.002983 1.0000 0.9294 0.1922
v 0.023527 -0.019308 0.000000 1.0000 0.9294 0.1922
v 0.030289 0.002983 -0.000000 1.0000 0.9294 0.1922
v 0.019308 -0.000000 -0.023527 1.0000 0.9294 0.1922
v -0.002983 -0.000000 -0.030289 1.0000 0.9294 0.1922
v 0.000000 -0.019308 -0.023527 1.0000 0.9294 0.1922
v 0.000000 0.002983 -0.030289 1.0000 0.9294 0.1922
v -0.023527 -0.000000 -0.019308 1.0000 0.9294 0.1922
v -0.030289 0.000000 0.002983 1.0000 0.9294 0.1922
v -0.023527 -0.019308 0.000000 1.0000 0.9294 0.1922
v -0.030289 0.002983 -0.000000 1.0000 0.9294 0.1922
v -0.020951 -0.020951 0.006963 1.0000 0.9294 0.1922
v -0.020951 0.006963 0.020951 1.0000 0.9294 0.1922
v -0.020951 0.020951 -0.006963 1.0000 0.9294 0.1922
v -0.020951 -0.006963 -0.020951 1.0000 0.9294 0.1922
v -0.006963 -0.020951 -0.020951 1.0000 0.9294 0.1922
v 0.006963 0.020951 -0.020951 1.0000 0.9294 0.1922
v 0.020951 -0.006963 -0.020951 1.0000 0.9294 0.1922
v 0.020951 -0.020951 -0.006963 1.0000 0.9294 0.1922
v 0.020951 0.020951 0.006963 1.0000 0.9294 0.1922
v 0.020951 -0.006963 0.020951 1.0000 0.9294 0.1922
v 0.006963 -0.020951 0.020951 1.0000 0.9294 0.1922
v -0.006963 0.020951 0.020951 1.0000 0.9294 0.1922
v -0.019949 -0.019949 -0.011421 1.0000 0.9294 0.1922
v -0.019949 -0.011421 0.019949 1.0000 0.9294 0.1922
v -0.019949 0.019949 0.011421 1.0000 0.9294 0.1922
v -0.019949 0.011421 -0.019949 1.0000 0.9294 0.1922
v 0.011421 -0.019949 -0.019949 1.0000 0.9294 0.1922
v -0.011421 0.019949 -0.019949 1.0000 0.9294 0.1922
v 0.019949 0.011421 -0.019949 1.0000 0.9294 0.1922
v 0.019949 -0.019949 0.011421 1.0000 0.9294 0.1922
v 0.019949 0.019949 -0.011421 1.0000 0.9294 0.1922
v 0.019949 0.011421 0.019949 1.0000 0.9294 0.1922
v -0.011421 -0.019949 0.019949 1.0000 0.9294 0.1922
v 0.011421 0.019949 0.019949 1.0000 0.9294 0.1922
v 0.000000 0.029125 0.008835 1.0000 0.9294 0.1922
v 0.000000 0.026842 -0.014347 1.0000 0.9294 0.1922
v 0.008835 0.029125 -0.000000 1.0000 0.9294 0.1922
v -0.014347 0.026842 -0.000000 1.0000 0.9294 0.1922
v 0.000000 -0.029125 0.008835 1.0000 0.9294 0.1922
v 0.000000 -0.026842 -0.014347 1.0000 0.9294 0.1922
v -0.008835 -0.029125 0.000000 1.0000 0.9294 0.1922
v 0.014347 -0.026842 0.000000 1.0000 0.9294 0.1922
v -0.008835 0.000000 0.029125 1.0000 0.9294 0.1922
v 0.014347 0.000000 0.026842 1.0000 0.9294 0.1922
v 0.000000 -0.008835 0.029125 1.0000 0.9294 0.1922
v 0.000000 0.014347 0.026842 1.0000 0.9294 0.1922
v 0.029125 0.000000 0.008835 1.0000 0.9294 0.1922
v 0.026842 -0.000000 -0.014347 1.0000 0.9294 0.1922
v 0.029125 -0.008835 0.000000 1.0000 0.9294 0.1922
v 0.026842 0.014347 -0.000000 1.0000 0.9294 0.1922
v 0.008835 -0.000000 -0.029125 1.0000 0.9294 0.1922
v -0.014347 -0.000000 -0.026842 1.0000 0.9294 0.1922
v 0.000000 -0.008835 -0.029125 1.0000 0.9294 0.1922
v 0.000000 0.014347 -0.026842 1.0000 0.9294 0.1922
v -0.029125 -0.000000 -0.008835 1.0000 0.9294 0.1922
v -0.026842 0.000000 0.014347 1.0000 0.9294 0.1922
v -0.029125 -0.008835 0.000000 1.0000 0.9294 0.1922
v -0.026842 0.014347 -0.000000 1.0000 0.9294 0.1922
v -0.027965 0.011679 0.002810 1.0000 0.9294 0.1922
v -0.024997 0.010831 0.013572 1.0000 0.9294 0.1922
v -0.027978 0.002861 0.011636 1.0000 0.9294 0.1922
v -0.024986 0.013710 0.010682 1.0000 0.9294 0.1922
v -0.027965 -0.011679 0.002810 1.0000 0.9294 0.1922
v -0.024997 -0.010831 0.013572 1.0000 0.9294 0.1922
v -0.022189 -0.018389 0.009789 1.0000 0.9294 0.1922
v -0.026954 -0.008481 0.011310 1.0000 0.9294 0.1922
v -0.022200 -0.009842 -0.018348 1.0000 0.9294 0.1922
v -0.026941 -0.011449 -0.008333 1.0000 0.9294 0.1922
v -0.022189 -0.018389 -0.009789 1.0000 0.9294 0.1922
v -0.026954 -0.008481 -0.011310 1.0000 0.9294 0.1922
v -0.002810 0.011679 -0.027965 1.0000 0.9294 0.1922
v -0.013572 0.010831 -0.024997 1.0000 0.9294 0.1922
v -0.011636 0.002861 -0.027978 1.0000 0.9294 0.1922
v -0.010682 0.013710 -0.024986 1.0000 0.9294 0.1922
v -0.002810 -0.011679 -0.027965 1.0000 0.9294 0.1922
v -0.013572 -0.010831 -0.024997 1.0000 0.9294 0.1922
v -0.009789 -0.018389 -0.022189 1.0000 0.9294 0.1961
v -0.011310 -0.008481 -0.026954 1.0000 0.9294 0.1922
v 0.018348 -0.009842 -0.022200 1.0000 0.9294 0.1922
v 0.008333 -0.011449 -0.026941 1.0000 0.9294 0.1922
v 0.009789 -0.018389 -0.022189 1.0000 0.9294 0.1922
v 0.011310 -0.008481 -0.026954 1.0000 0.9294 0.1922
v 0.027965 0.011679 -0.002810 1.0000 0.9294 0.1922
v 0.024997 0.010831 -0.013572 1.0000 0.9294 0.1922
v 0.027978 0.002861 -0.011636 1.0000 0.9294 0.1922
v 0.024986 0.013710 -0.010682 1.0000 0.9294 0.1922
v 0.027965 -0.011679 -0.002810 1.0000 0.9294 0.1922
v 0.024997 -0.010831 -0.013572 1.0000 0.9294 0.1922
v 0.022189 -0.018389 -0.009789 1.0000 0.9294 0.1922
v 0.026954 -0.008481 -0.011310 1.0000 0.9294 0.1922
v 0.022200 -0.009842 0.018348 1.0000 0.9294 0.1922
v 0.026941 -0.011449 0.008333 1.0000 0.9294 0.1922
v 0.022189 -0.018389 0.009789 1.0000 0.9294 0.1922
v 0.026954 -0.008481 0.011310 1.0000 0.9294 0.1922
v 0.002810 0.011679 0.027965 1.0000 0.9294 0.1922
v 0.013572 0.010831 0.024997 1.0000 0.9294 0.1922
v 0.011636 0.002861 0.027978 1.0000 0.9294 0.1922
v 0.010682 0.013710 0.024986 1.0000 0.9294 0.1922
v 0.002810 -0.011679 0.027965 1.0000 0.9294 0.1922
v 0.013572 -0.010831 0.024997 1.0000 0.9294 0.1922
v 0.009789 -0.018389 0.022189 1.0000 0.9294 0.1922
v 0.011310 -0.008481 0.026954 1.0000 0.9294 0.1922
v -0.018348 -0.009842 0.022200 1.0000 0.9294 0.1922
v -0.008333 -0.011449 0.026941 1.0000 0.9294 0.1922
v -0.009789 -0.018389 0.022189 1.0000 0.9294 0.1922
v -0.011310 -0.008481 0.026954 1.0000 0.9294 0.1922
v 0.011679 -0.027965 -0.002810 1.0000 0.9294 0.1922
v 0.010831 -0.024997 -0.013572 1.0000 0.9294 0.1922
v 0.002861 -0.027978 -0.011636 1.0000 0.9294 0.1922
v 0.013710 -0.024986 -0.010682 1.0000 0.9294 0.1922
v -0.011679 -0.027965 -0.002810 1.0000 0.9294 0.1922
v -0.010831 -0.024997 -0.013572 1.0000 0.9294 0.1922
v -0.018389 -0.022189 -0.009789 1.0000 0.9294 0.1922
v -0.008481 -0.026954 -0.011310 1.0000 0.9294 0.1922
v -0.009842 -0.022200 0.018348 1.0000 0.9294 0.1922
v -0.011449 -0.026941 0.008333 1.0000 0.9294 0.1922
v -0.018389 -0.022189 0.009789 1.0000 0.9294 0.1922
v -0.008481 -0.026954 0.011310 1.0000 0.9294 0.1922
v -0.011679 0.027965 -0.002810 1.0000 0.9294 0.1922
v -0.010831 0.024997 -0.013572 1.0000 0.9294 0.1922
v -0.002861 0.027978 -0.011636 1.0000 0.9294 0.1922
v -0.013710 0.024986 -0.010682 1.0000 0.9294 0.1922
v 0.011679 0.027965 -0.002810 1.0000 0.9294 0.1922
v 0.010831 0.024997 -0.013572 1.0000 0.9294 0.1922
v 0.018389 0.022189 -0.009789 1.0000 0.9294 0.1922
v 0.008481 0.026954 -0.011310 1.0000 0.9294 0.1922
v 0.009842 0.022200 0.018348 1.0000 0.9294 0.1922
v 0.011449 0.026941 0.008333 1.0000 0.9294 0.1922
v 0.018389 0.022189 0.009789 1.0000 0.9294 0.1922
v 0.008481 0.026954 0.011310 1.0000 0.9294 0.1922
v -0.009842 0.022200 0.018348 1.0000 0.9294 0.1922
v -0.011449 0.026941 0.008333 1.0000 0.9294 0.1922
v -0.002861 0.027978 0.011636 1.0000 0.9294 0.1922
v -0.013710 0.024986 0.010682 1.0000 0.9294 0.1922
v 0.009842 -0.022200 0.018348 1.0000 0.9294 0.1922
v 0.011449 -0.026941 0.008333 1.0000 0.9294 0.1922
v 0.002861 -0.027978 0.011636 1.0000 0.9294 0.1922
v 0.013710 -0.024986 0.010682 1.0000 0.9294 0.1922
v -0.018348 0.009842 0.022200 1.0000 0.9294 0.1922
v -0.008333 0.011449 0.026941 1.0000 0.9294 0.1922
v -0.011636 0.002861 0.027978 1.0000 0.9294 0.1922
v -0.010682 0.013710 0.024986 1.0000 0.9294 0.1922
v 0.022200 0.009842 0.018348 1.0000 0.9294 0.1922
v 0.026941 0.011449 0.008333 1.0000 0.9294 0.1922
v 0.027978 0.002861 0.011636 1.0000 0.9294 0.1922
v 0.024986 0.013710 0.010682 1.0000 0.9294 0.1922
v 0.018348 0.009842 -0.022200 1.0000 0.9294 0.1922
v 0.008333 0.011449 -0.026941 1.0000 0.9294 0.1922
v 0.011636 0.002861 -0.027978 1.0000 0.9294 0.1922
v 0.010682 0.013710 -0.024986 1.0000 0.9294 0.1922
v -0.022200 0.009842 -0.018348 1.0000 0.9294 0.1922
v -0.026941 0.011449 -0.008333 1.0000 0.9294 0.1922
v -0.027978 0.002861 -0.011636 1.0000 0.9294 0.1922
v -0.024986 0.013710 -0.010682 1.0000 0.9294 0.1922
v -0.019949 -0.019949 0.011421 1.0000 0.9294 0.1922
v -0.019949 0.011421 0.019949 1.0000 0.9294 0.1922
v -0.019949 0.019949 -0.011421 1.0000 0.9294 0.1922
v -0.019949 -0.011421 -0.019949 1.0000 0.9294 0.1922
v -0.011421 -0.019949 -0.019949 1.0000 0.9294 0.1922
v 0.011421 0.019949 -0.019949 1.0000 0.9294 0.1922
v 0.019949 -0.011421 -0.019949 1.0000 0.9294 0.1922
v 0.019949 -0.019949 -0.011421 1.0000 0.9294 0.1922
v 0.019949 0.019949 0.011421 1.0000 0.9294 0.1922
v 0.019949 -0.011421 0.019949 1.0000 0.9294 0.1922
v 0.011421 -0.019949 0.019949 1.0000 0.9294 0.1922
v -0.011421 0.019949 0.019949 1.0000 0.9294 0.1922
v -0.020951 -0.020951 -0.006963 1.0000 0.9294 0.1922
v -0.020951 -0.006963 0.020951 1.0000 0.9294 0.1922
v -0.020951 0.020951 0.006963 1.0000 0.9294 0.1922
v -0.020951 0.006963 -0.020951 1.0000 0.9294 0.1922
v 0.006963 -0.020951 -0.020951 1.0000 0.9294 0.1922
v -0.006963 0.020951 -0.020951 1.0000 0.9294 0.1922
v 0.020951 0.006963 -0.020951 1.0000 0.9294 0.1922
v 0.020951 -0.020951 0.006963 1.0000 0.9294 0.1922
v 0.020951 0.020951 -0.006963 1.0000 0.9294 0.1922
v 0.020951 0.006963 0.020951 1.0000 0.9294 0.1922
v -0.006963 -0.020951 0.020951 1.0000 0.9294 0.1922
v 0.006963 0.020951 0.020951 1.0000 0.9294 0.1922
v 0.000000 0.026842 0.014347 1.0000 0.9294 0.1922
v 0.000000 0.029125 -0.008835 1.0000 0.9294 0.1922
v 0.014347 0.026842 -0.000000 1.0000 0.9294 0.1922
v -0.008835 0.029125 -0.000000 1.0000 0.9294 0.1922
v 0.000000 -0.026842 0.014347 1.0000 0.9294 0.1922
v 0.000000 -0.029125 -0.008835 1.0000 0.9294 0.1922
v -0.014347 -0.026842 0.000000 1.0000 0.9294 0.1922
v 0.008835 -0.029125 0.000000 1.0000 0.9294 0.1922
v -0.014347 0.000000 0.026842 1.0000 0.9294 0.1922
v 0.008835 0.000000 0.029125 1.0000 0.9294 0.1922
v 0.000000 -0.014347 0.026842 1.0000 0.9294 0.1922
v 0.000000 0.008835 0.029125 1.0000 0.9294 0.1922
v 0.026842 0.000000 0.014347 1.0000 0.9294 0.1922
v 0.029125 -0.000000 -0.008835 1.0000 0.9294 0.1922
v 0.026842 -0.014347 0.000000 1.0000 0.9294 0.1922
v 0.029125 0.008835 -0.000000 1.0000 0.9294 0.1922
v 0.014347 -0.000000 -0.026842 1.0000 0.9294 0.1922
v -0.008835 -0.000000 -0.029125 1.0000 0.9294 0.1922
v 0.000000 -0.014347 -0.026842 1.0000 0.9294 0.1922
v 0.000000 0.008835 -0.029125 1.0000 0.9294 0.1922
v -0.026842 -0.000000 -0.014347 1.0000 0.9294 0.1922
v -0.029125 0.000000 0.008835 1.0000 0.9294 0.1922
v -0.026842 -0.014347 0.000000 1.0000 0.9294 0.1922
v -0.029125 0.008835 -0.000000 1.0000 0.9294 0.1922
v -0.021458 -0.021458 0.002339 1.0000 0.9294 0.1922
v -0.021458 0.002339 0.021458 1.0000 0.9294 0.1922
v -0.021458 0.021458 -0.002339 1.0000 0.9294 0.1922
v -0.021458 -0.002339 -0.021458 1.0000 0.9294 0.1922
v -0.002339 -0.021458 -0.021458 1.0000 0.9294 0.1922
v 0.002339 0.021458 -0.021458 1.0000 0.9294 0.1922
v 0.021458 -0.002339 -0.021458 1.0000 0.9294 0.1922
v 0.021458 -0.021458 -0.002339 1.0000 0.9294 0.1922
v 0.021458 0.021458 0.002339 1.0000 0.9294 0.1922
v 0.021458 -0.002339 0.021458 1.0000 0.9294 0.1922
v 0.002339 -0.021458 0.021458 1.0000 0.9294 0.1922
v -0.002339 0.021458 0.021458 1.0000 0.9294 0.1922
v -0.018475 -0.018475 -0.015610 1.0000 0.9294 0.1922
v -0.018475 -0.015610 0.018475 1.0000 0.9294 0.1922
v -0.018475 0.018475 0.015610 1.0000 0.9294 0.1922
v -0.018475 0.015610 -0.018475 1.0000 0.9294 0.1922
v 0.015610 -0.018475 -0.018475 1.0000 0.9294 0.1922
v -0.015610 0.018475 -0.018475 1.0000 0.9294 0.1922
v 0.018475 0.015610 -0.018475 1.0000 0.9294 0.1922
v 0.018475 -0.018475 0.015610 1.0000 0.9294 0.1922
v 0.018475 0.018475 -0.015610 1.0000 0.9294 0.1922
v 0.018475 0.015610 0.018475 1.0000 0.9294 0.1922
v -0.015610 -0.018475 0.018475 1.0000 0.9294 0.1922
v 0.015610 0.018475 0.018475 1.0000 0.9294 0.1922
v 0.000000 0.030289 0.002983 1.0000 0.9294 0.1922
v 0.000000 0.023527 -0.019308 1.0000 0.9294 0.1922
v 0.002983 0.030289 -0.000000 1.0000 0.9294 0.1922
v -0.019308 0.023527 -0.000000 1.0000 0.9294 0.1922
v 0.000000 -0.030289 0.002983 1.0000 0.9294 0.1922
v 0.000000 -0.023527 -0.019308 1.0000 0.9294 0.1922
v -0.002983 -0.030289 0.000000 1.0000 0.9294 0.1922
v 0.019308 -0.023527 0.000000 1.0000 0.9294 0.1922
v -0.002983 0.000000 0.030289 1.0000 0.9294 0.1922
v 0.019308 0.000000 0.023527 1.0000 0.9294 0.1922
v 0.000000 -0.002983 0.030289 1.0000 0.9294 0.1922
v 0.000000 0.019308 0.023527 1.0000 0.9294 0.1922
v 0.030289 0.000000 0.002983 1.0000 0.9294 0.1922
v 0.023527 -0.000000 -0.019308 1.0000 0.9294 0.1922
v 0.030289 -0.002983 0.000000 1.0000 0.9294 0.1922
v 0.023527 0.019308 -0.000000 1.0000 0.9294 0.1922
v 0.002983 -0.000000 -0.030289 1.0000 0.9294 0.1922
v -0.019308 -0.000000 -0.023527 1.0000 0.9294 0.1922
v 0.000000 -0.002983 -0.030289 1.0000 0.9294 0.1922
v 0.000000 0.019308 -0.023527 1.0000 0.9294 0.1922
v -0.030289 -0.000000 -0.002983 1.0000 0.9294 0.1922
v -0.023527 0.000000 0.019308 1.0000 0.9294 0.1922
v -0.030289 -0.002983 0.000000 1.0000 0.9294 0.1922
v -0.023527 0.019308 -0.000000 1.0000 0.9294 0.1922
v -0.026941 0.011449 0.008333 1.0000 0.9294 0.1922
v -0.022200 0.009842 0.018348 1.0000 0.9294 0.1922
v -0.026954 0.008481 0.011310 1.0000 0.9294 0.1922
v -0.022189 0.018389 0.009789 1.0000 0.9294 0.1922
v -0.026941 -0.011449 0.008333 1.0000 0.9294 0.1922
v -0.022200 -0.009842 0.018348 1.0000 0.9294 0.1922
v -0.024986 -0.013710 0.010682 1.0000 0.9294 0.1922
v -0.027978 -0.002861 0.011636 1.0000 0.9294 0.1922
v -0.024997 -0.010831 -0.013572 1.0000 0.9294 0.1922
v -0.027965 -0.011679 -0.002810 1.0000 0.9294 0.1922
v -0.024986 -0.013710 -0.010682 1.0000 0.9294 0.1922
v -0.027978 -0.002861 -0.011636 1.0000 0.9294 0.1922
v -0.008333 0.011449 -0.026941 1.0000 0.9294 0.1922
v -0.018348 0.009842 -0.022200 1.0000 0.9294 0.1922
v -0.011310 0.008481 -0.026954 1.0000 0.9294 0.1922
v -0.009789 0.018389 -0.022189 1.0000 0.9294 0.1922
v -0.008333 -0.011449 -0.026941 1.0000 0.9294 0.1922
v -0.018348 -0.009842 -0.022200 1.0000 0.9294 0.1922
v -0.010682 -0.013710 -0.024986 1.0000 0.9294 0.1961
v -0.011636 -0.002861 -0.027978 1.0000 0.9294 0.1922
v 0.013572 -0.010831 -0.024997 1.0000 0.9294 0.1922
v 0.002810 -0.011679 -0.027965 1.0000 0.9294 0.1922
v 0.010682 -0.013710 -0.024986 1.0000 0.9294 0.1922
v 0.011636 -0.002861 -0.027978 1.0000 0.9294 0.1922
v 0.026941 0.011449 -0.008333 1.0000 0.9294 0.1922
v 0.022200 0.009842 -0.018348 1.0000 0.9294 0.1922
v 0.026954 0.008481 -0.011310 1.0000 0.9294 0.1922
v 0.022189 0.018389 -0.009789 1.0000 0.9294 0.1922
v 0.026941 -0.011449 -0.008333 1.0000 0.9294 0.1922
v 0.022200 -0.009842 -0.018348 1.0000 0.9294 0.1922
v 0.024986 -0.013710 -0.010682 1.0000 0.9294 0.1922
v 0.027978 -0.002861 -0.011636 1.0000 0.9294 0.1922
v 0.024997 -0.010831 0.013572 1.0000 0.9294 0.1922
v 0.027965 -0.011679 0.002810 1.0000 0.9294 0.1922
v 0.024986 -0.013710 0.010682 1.0000 0.9294 0.1922
v 0.027978 -0.002861 0.011636 1.0000 0.9294 0.1922
v 0.008333 0.011449 0.026941 1.0000 0.9294 0.1922
v 0.018348 0.009842 0.022200 1.0000 0.9294 0.1922
v 0.011310 0.008481 0.026954 1.0000 0.9294 0.1922
v 0.009789 0.018389 0.022189 1.0000 0.9294 0.1922
v 0.008333 -0.011449 0.026941 1.0000 0.9294 0.1922
v 0.018348 -0.009842 0.022200 1.0000 0.9294 0.1922
v 0.010682 -0.013710 0.024986 1.0000 0.9294 0.1922
v 0.011636 -0.002861 0.027978 1.0000 0.9294 0.1922
v -0.013572 -0.010831 0.024997 1.0000 0.9294 0.1922
v -0.002810 -0.011679 0.027965 1.0000 0.9294 0.1922
v -0.010682 -0.013710 0.024986 1.0000 0.9294 0.1922
v -0.011636 -0.002861 0.027978 1.0000 0.9294 0.1922
v 0.011449 -0.026941 -0.008333 1.0000 0.9294 0.1922
v 0.009842 -0.022200 -0.018348 1.0000 0.9294 0.1922
v 0.008481 -0.026954 -0.011310 1.0000 0.9294 0.1922
v 0.018389 -0.022189 -0.009789 1.0000 0.9294 0.1922
v -0.011449 -0.026941 -0.008333 1.0000 0.9294 0.1922
v -0.009842 -0.022200 -0.018348 1.0000 0.9294 0.1922
v -0.013710 -0.024986 -0.010682 1.0000 0.9294 0.1922
v -0.002861 -0.027978 -0.011636 1.0000 0.9294 0.1922
v -0.010831 -0.024997 0.013572 1.0000 0.9294 0.1922
v -0.011679 -0.027965 0.002810 1.0000 0.9294 0.1922
v -0.013710 -0.024986 0.010682 1.0000 0.9294 0.1922
v -0.002861 -0.027978 0.011636 1.0000 0.9294 0.1922
v -0.011449 0.026941 -0.008333 1.0000 0.9294 0.1922
v -0.009842 0.022200 -0.018348 1.0000 0.9294 0.1922
v -0.008481 0.026954 -0.011310 1.0000 0.9294 0.1922
v -0.018389 0.022189 -0.009789 1.0000 0.9294 0.1922
v 0.011449 0.026941 -0.008333 1.0000 0.9294 0.1922
v 0.009842 0.022200 -0.018348 1.0000 0.9294 0.1922
v 0.013710 0.024986 -0.010682 1.0000 0.9294 0.1922
v 0.002861 0.027978 -0.011636 1.0000 0.9294 0.1922
v 0.010831 0.024997 0.013572 1.0000 0.9294 0.1922
v 0.011679 0.027965 0.002810 1.0000 0.9294 0.1922
v 0.013710 0.024986 0.010682 1.0000 0.9294 0.1922
v 0.002861 0.027978 0.011636 1.0000 0.9294 0.1922
v -0.010831 0.024997 0.013572 1.0000 0.9294 0.1922
v -0.011679 0.027965 0.002810 1.0000 0.9294 0.1922
v -0.008481 0.026954 0.011310 1.0000 0.9294 0.1922
v -0.018389 0.022189 0.009789 1.0000 0.9294 0.1922
v 0.010831 -0.024997 0.013572 1.0000 0.9294 0.1922
v 0.011679 -0.027965 0.002810 1.0000 0.9294 0.1922
v 0.008481 -0.026954 0.011310 1.0000 0.9294 0.1922
v 0.018389 -0.022189 0.009789 1.0000 0.9294 0.1922
v -0.013572 0.010831 0.024997 1.0000 0.9294 0.1922
v -0.002810 0.011679 0.027965 1.0000 0.9294 0.1922
v -0.011310 0.008481 0.026954 1.0000 0.9294 0.1922
v -0.009789 0.018389 0.022189 1.0000 0.9294 0.1922
v 0.024997 0.010831 0.013572 1.0000 0.9294 0.1922
v 0.027965 0.011679 0.002810 1.0000 0.9294 0.1922
v 0.026954 0.008481 0.011310 1.0000 0.9294 0.1922
v 0.022189 0.018389 0.009789 1.0000 0.9294 0.1922
v 0.013572 0.010831 -0.024997 1.0000 0.9294 0.1922
v 0.002810 0.011679 -0.027965 1.0000 0.9294 0.1922
v 0.011310 0.008481 -0.026954 1.0000 0.9294 0.1922
v 0.009789 0.018389 -0.022189 1.0000 0.9294 0.1922
v -0.024997 0.010831 -0.013572 1.0000 0.9294 0.1922
v -0.027965 0.011679 -0.002810 1.0000 0.9294 0.1922
v -0.026954 0.008481 -0.011310 1.0000 0.9294 0.1922
v -0.022189 0.018389 -0.009789 1.0000 0.9294 0.1922
v -0.024366 0.016498 -0.007775 1.0000 0.9294 0.1922
v -0.025180 0.016896 -0.002618 1.0000 0.9294 0.1922
v -0.026340 0.014250 -0.005430 1.0000 0.9294 0.1922
v -0.023172 0.019099 -0.004963 1.0000 0.9294 0.1922
v -0.028564 0.005838 -0.008738 1.0000 0.9294 0.1922
v -0.029701 0.005959 -0.002949 1.0000 0.9294 0.1922
v -0.029703 0.002977 -0.005933 1.0000 0.9294 0.1922
v -0.028558 0.008810 -0.005761 1.0000 0.9294 0.1922
v -0.023185 0.004994 -0.019075 1.0000 0.9294 0.1922
v -0.026361 0.005512 -0.014179 1.0000 0.9294 0.1922
v -0.025193 0.002648 -0.016871 1.0000 0.9294 0.1922
v -0.024387 0.007858 -0.016428 1.0000 0.9294 0.1922
v 0.007775 0.016498 -0.024366 1.0000 0.9294 0.1922
v 0.002618 0.016896 -0.025180 1.0000 0.9294 0.1922
v 0.005430 0.014250 -0.026340 1.0000 0.9294 0.1922
v 0.004963 0.019100 -0.023171 1.0000 0.9294 0.1922
v 0.008738 0.005838 -0.028564 1.0000 0.9294 0.1922
v 0.002949 0.005959 -0.029701 1.0000 0.9294 0.1922
v 0.005933 0.002977 -0.029703 1.0000 0.9294 0.1922
v 0.005761 0.008810 -0.028558 1.0000 0.9294 0.1922
v 0.019075 0.004994 -0.023185 1.0000 0.9294 0.1922
v 0.014179 0.005512 -0.026361 1.0000 0.9294 0.1922
v 0.016871 0.002648 -0.025193 1.0000 0.9294 0.1922
v 0.016428 0.007858 -0.024387 1.0000 0.9294 0.1922
v 0.024366 0.016498 0.007775 1.0000 0.9294 0.1922
v 0.025180 0.016896 0.002618 1.0000 0.9294 0.1922
v 0.026340 0.014250 0.005430 1.0000 0.9294 0.1922
v 0.023172 0.019099 0.004963 1.0000 0.9294 0.1922
v 0.028564 0.005838 0.008738 1.0000 0.9294 0.1922
v 0.029701 0.005959 0.002949 1.0000 0.9294 0.1922
v 0.029703 0.002977 0.005933 1.0000 0.9294 0.1922
v 0.028558 0.008810 0.005761 1.0000 0.9294 0.1922
v 0.023185 0.004994 0.019075 1.0000 0.9294 0.1922
v 0.026361 0.005512 0.014179 1.0000 0.9294 0.1922
v 0.025193 0.002648 0.016871 1.0000 0.9294 0.1922
v 0.024387 0.007858 0.016428 1.0000 0.9294 0.1922
v -0.007775 0.016498 0.024366 1.0000 0.9294 0.1922
v -0.002618 0.016896 0.025180 1.0000 0.9294 0.1922
v -0.005430 0.014250 0.026340 1.0000 0.9294 0.1922
v -0.004963 0.019100 0.023172 1.0000 0.9294 0.1922
v -0.008738 0.005838 0.028564 1.0000 0.9294 0.1922
v -0.002949 0.005959 0.029701 1.0000 0.9294 0.1922
v -0.005933 0.002977 0.029703 1.0000 0.9294 0.1922
v -0.005761 0.008810 0.028558 1.0000 0.9294 0.1922
v -0.019075 0.004994 0.023185 1.0000 0.9294 0.1922
v -0.014179 0.005512 0.026361 1.0000 0.9294 0.1922
v -0.016871 0.002648 0.025193 1.0000 0.9294 0.1922
v -0.016428 0.007858 0.024387 1.0000 0.9294 0.1922
v 0.016498 -0.024366 0.007775 1.0000 0.9294 0.1922
v 0.016896 -0.025180 0.002618 1.0000 0.9294 0.1922
v 0.014250 -0.026340 0.005430 1.0000 0.9294 0.1922
v 0.019099 -0.023172 0.004963 1.0000 0.9294 0.1922
v 0.005838 -0.028564 0.008738 1.0000 0.9294 0.1922
v 0.005959 -0.029701 0.002949 1.0000 0.9294 0.1922
v 0.002977 -0.029703 0.005933 1.0000 0.9294 0.1922
v 0.008810 -0.028558 0.005761 1.0000 0.9294 0.1922
v 0.004994 -0.023186 0.019074 1.0000 0.9294 0.1922
v 0.005512 -0.026361 0.014179 1.0000 0.9294 0.1922
v 0.002648 -0.025193 0.016871 1.0000 0.9294 0.1922
v 0.007858 -0.024387 0.016428 1.0000 0.9294 0.1922
v -0.016498 0.024366 0.007775 1.0000 0.9294 0.1922
v -0.016896 0.025180 0.002618 1.0000 0.9294 0.1922
v -0.014250 0.026340 0.005430 1.0000 0.9294 0.1922
v -0.019099 0.023172 0.004963 1.0000 0.9294 0.1922
v -0.005838 0.028564 0.008738 1.0000 0.9294 0.1922
v -0.005959 0.029701 0.002949 1.0000 0.9294 0.1922
v -0.002977 0.029703 0.005933 1.0000 0.9294 0.1922
v -0.008810 0.028558 0.005761 1.0000 0.9294 0.1922
v -0.004994 0.023186 0.019074 1.0000 0.9294 0.1922
v -0.005512 0.026361 0.014179 1.0000 0.9294 0.1922
v -0.002648 0.025193 0.016871 1.0000 0.9294 0.1922
v -0.007858 0.024387 0.016428 1.0000 0.9294 0.1922
v 0.005838 0.028564 0.008738 1.0000 0.9294 0.1922
v 0.005959 0.029701 0.002949 1.0000 0.9294 0.1922
v 0.008810 0.028558 0.005761 1.0000 0.9294 0.1922
v 0.002977 0.029703 0.005933 1.0000 0.9294 0.1922
v 0.016498 0.024366 0.007775 1.0000 0.9294 0.1922
v 0.016896 0.025180 0.002618 1.0000 0.9294 0.1922
v 0.019099 0.023172 0.004963 1.0000 0.9294 0.1922
v 0.014250 0.026340 0.005430 1.0000 0.9294 0.1922
v 0.014357 0.020607 0.017192 1.0000 0.9294 0.1922
v 0.015641 0.022824 0.012680 1.0000 0.9294 0.1922
v 0.017222 0.020605 0.014324 1.0000 0.9294 0.1922
v 0.012763 0.022830 0.015565 1.0000 0.9294 0.1922
v 0.005512 0.026361 -0.014179 1.0000 0.9294 0.1922
v 0.004994 0.023186 -0.019074 1.0000 0.9294 0.1922
v 0.007858 0.024387 -0.016428 1.0000 0.9294 0.1922
v 0.002648 0.025193 -0.016871 1.0000 0.9294 0.1922
v 0.015641 0.022824 -0.012680 1.0000 0.9294 0.1922
v 0.014357 0.020607 -0.017192 1.0000 0.9294 0.1922
v 0.017222 0.020605 -0.014324 1.0000 0.9294 0.1922
v 0.012763 0.022830 -0.015565 1.0000 0.9294 0.1922
v 0.016896 0.025180 -0.002618 1.0000 0.9294 0.1922
v 0.016498 0.024366 -0.007775 1.0000 0.9294 0.1922
v 0.019099 0.023172 -0.004963 1.0000 0.9294 0.1922
v 0.014250 0.026340 -0.005430 1.0000 0.9294 0.1922
v -0.015641 0.022824 -0.012680 1.0000 0.9294 0.1922
v -0.014357 0.020607 -0.017192 1.0000 0.9294 0.1922
v -0.012763 0.022830 -0.015565 1.0000 0.9294 0.1922
v -0.017222 0.020605 -0.014324 1.0000 0.9294 0.1922
v -0.005512 0.026361 -0.014179 1.0000 0.9294 0.1922
v -0.004994 0.023186 -0.019074 1.0000 0.9294 0.1922
v -0.002648 0.025193 -0.016871 1.0000 0.9294 0.1922
v -0.007858 0.024387 -0.016428 1.0000 0.9294 0.1922
v -0.005959 0.029701 -0.002949 1.0000 0.9294 0.1922
v -0.005838 0.028564 -0.008738 1.0000 0.9294 0.1922
v -0.002977 0.029703 -0.005933 1.0000 0.9294 0.1922
v -0.008810 0.028558 -0.005761 1.0000 0.9294 0.1922
v -0.005838 -0.028564 0.008738 1.0000 0.9294 0.1922
v -0.005959 -0.029701 0.002949 1.0000 0.9294 0.1922
v -0.008810 -0.028558 0.005761 1.0000 0.9294 0.1922
v -0.002977 -0.029703 0.005933 1.0000 0.9294 0.1922
v -0.016498 -0.024366 0.007775 1.0000 0.9294 0.1922
v -0.016896 -0.025180 0.002618 1.0000 0.9294 0.1922
v -0.019099 -0.023172 0.004963 1.0000 0.9294 0.1922
v -0.014250 -0.026340 0.005430 1.0000 0.9294 0.1922
v -0.014357 -0.020607 0.017192 1.0000 0.9294 0.1922
v -0.015641 -0.022824 0.012680 1.0000 0.9294 0.1922
v -0.017222 -0.020605 0.014324 1.0000 0.9294 0.1922
v -0.012763 -0.022830 0.015565 1.0000 0.9294 0.1922
v -0.005512 -0.026361 -0.014179 1.0000 0.9294 0.1922
v -0.004994 -0.023186 -0.019074 1.0000 0.9294 0.1922
v -0.007858 -0.024387 -0.016428 1.0000 0.9294 0.1922
v -0.002648 -0.025193 -0.016871 1.0000 0.9294 0.1922
v -0.015641 -0.022824 -0.012680 1.0000 0.9294 0.1922
v -0.014357 -0.020607 -0.017192 1.0000 0.9294 0.1922
v -0.017222 -0.020605 -0.014324 1.0000 0.9294 0.1922
v -0.012763 -0.022830 -0.015565 1.0000 0.9294 0.1922
v -0.016896 -0.025180 -0.002618 1.0000 0.9294 0.1922
v -0.016498 -0.024366 -0.007775 1.0000 0.9294 0.1922
v -0.019099 -0.023172 -0.004963 1.0000 0.9294 0.1922
v -0.014250 -0.026340 -0.005430 1.0000 0.9294 0.1922
v 0.015641 -0.022824 -0.012680 1.0000 0.9294 0.1922
v 0.014357 -0.020607 -0.017192 1.0000 0.9294 0.1922
v 0.012763 -0.022830 -0.015565 1.0000 0.9294 0.1922
v 0.017222 -0.020605 -0.014324 1.0000 0.9294 0.1922
v 0.005512 -0.026361 -0.014179 1.0000 0.9294 0.1922
v 0.004994 -0.023186 -0.019074 1.0000 0.9294 0.1922
v 0.002648 -0.025193 -0.016871 1.0000 0.9294 0.1922
v 0.007858 -0.024387 -0.016428 1.0000 0.9294 0.1922
v 0.005959 -0.029701 -0.002949 1.0000 0.9294 0.1922
v 0.005838 -0.028564 -0.008738 1.0000 0.9294 0.1922
v 0.002977 -0.029703 -0.005933 1.0000 0.9294 0.1922
v 0.008810 -0.028558 -0.005761 1.0000 0.9294 0.1922
v -0.008738 -0.005838 0.028564 1.0000 0.9294 0.1922
v -0.002949 -0.005959 0.029701 1.0000 0.9294 0.1922
v -0.005761 -0.008810 0.028558 1.0000 0.9294 0.1922
v -0.005933 -0.002977 0.029703 1.0000 0.9294 0.1922
v -0.007775 -0.016498 0.024366 1.0000 0.9294 0.1922
v -0.002618 -0.016896 0.025180 1.0000 0.9294 0.1922
v -0.004963 -0.019100 0.023172 1.0000 0.9294 0.1922
v -0.005430 -0.014250 0.026340 1.0000 0.9294 0.1922
v -0.017192 -0.014357 0.020607 1.0000 0.9294 0.1922
v -0.012680 -0.015641 0.022824 1.0000 0.9294 0.1922
v -0.014324 -0.017223 0.020605 1.0000 0.9294 0.1922
v -0.015565 -0.012763 0.022830 1.0000 0.9294 0.1922
v 0.014179 -0.005512 0.026361 1.0000 0.9294 0.1922
v 0.019075 -0.004994 0.023185 1.0000 0.9294 0.1922
v 0.016428 -0.007858 0.024387 1.0000 0.9294 0.1922
v 0.016871 -0.002648 0.025193 1.0000 0.9294 0.1922
v 0.012680 -0.015641 0.022824 1.0000 0.9294 0.1922
v 0.017192 -0.014357 0.020607 1.0000 0.9294 0.1922
v 0.014324 -0.017223 0.020605 1.0000 0.9294 0.1922
v 0.015565 -0.012763 0.022830 1.0000 0.9294 0.1922
v 0.002618 -0.016896 0.025180 1.0000 0.9294 0.1922
v 0.007775 -0.016498 0.024366 1.0000 0.9294 0.1922
v 0.004963 -0.019100 0.023172 1.0000 0.9294 0.1922
v 0.005430 -0.014250 0.026340 1.0000 0.9294 0.1922
v 0.012680 0.015641 0.022824 1.0000 0.9294 0.1922
v 0.017192 0.014357 0.020607 1.0000 0.9294 0.1922
v 0.015565 0.012763 0.022830 1.0000 0.9294 0.1922
v 0.014324 0.017223 0.020605 1.0000 0.9294 0.1922
v 0.014179 0.005512 0.026361 1.0000 0.9294 0.1922
v 0.019075 0.004994 0.023185 1.0000 0.9294 0.1922
v 0.016871 0.002648 0.025193 1.0000 0.9294 0.1922
v 0.016428 0.007858 0.024387 1.0000 0.9294 0.1922
v 0.002949 0.005959 0.029701 1.0000 0.9294 0.1922
v 0.008738 0.005838 0.028564 1.0000 0.9294 0.1922
v 0.005933 0.002977 0.029703 1.0000 0.9294 0.1922
v 0.005761 0.008810 0.028558 1.0000 0.9294 0.1922
v 0.028564 -0.005838 0.008738 1.0000 0.9294 0.1922
v 0.029701 -0.005959 0.002949 1.0000 0.9294 0.1922
v 0.028558 -0.008810 0.005761 1.0000 0.9294 0.1922
v 0.029703 -0.002977 0.005933 1.0000 0.9294 0.1922
v 0.024366 -0.016498 0.007775 1.0000 0.9294 0.1922
v 0.025180 -0.016896 0.002618 1.0000 0.9294 0.1922
v 0.023172 -0.019099 0.004963 1.0000 0.9294 0.1922
v 0.026340 -0.014250 0.005430 1.0000 0.9294 0.1922
v 0.020607 -0.014357 0.017192 1.0000 0.9294 0.1922
v 0.022824 -0.015641 0.012680 1.0000 0.9294 0.1922
v 0.020605 -0.017222 0.014324 1.0000 0.9294 0.1922
v 0.022830 -0.012763 0.015565 1.0000 0.9294 0.1922
v 0.026361 -0.005512 -0.014179 1.0000 0.9294 0.1922
v 0.023185 -0.004994 -0.019075 1.0000 0.9294 0.1922
v 0.024387 -0.007858 -0.016428 1.0000 0.9294 0.1922
v 0.025193 -0.002648 -0.016871 1.0000 0.9294 0.1922
v 0.022824 -0.015641 -0.012680 1.0000 0.9294 0.1922
v 0.020607 -0.014357 -0.017192 1.0000 0.9294 0.1922
v 0.020605 -0.017222 -0.014324 1.0000 0.9294 0.1922
v 0.022830 -0.012763 -0.015565 1.0000 0.9294 0.1922
v 0.025180 -0.016896 -0.002618 1.0000 0.9294 0.1922
v 0.024366 -0.016498 -0.007775 1.0000 0.9294 0.1922
v 0.023172 -0.019099 -0.004963 1.0000 0.9294 0.1922
v 0.026340 -0.014250 -0.005430 1.0000 0.9294 0.1922
v 0.022824 0.015641 -0.012680 1.0000 0.9294 0.1922
v 0.020607 0.014357 -0.017192 1.0000 0.9294 0.1922
v 0.022830 0.012763 -0.015565 1.0000 0.9294 0.1922
v 0.020605 0.017222 -0.014324 1.0000 0.9294 0.1922
v 0.026361 0.005512 -0.014179 1.0000 0.9294 0.1922
v 0.023185 0.004994 -0.019075 1.0000 0.9294 0.1922
v 0.025193 0.002648 -0.016871 1.0000 0.9294 0.1922
v 0.024387 0.007858 -0.016428 1.0000 0.9294 0.1922
v 0.029701 0.005959 -0.002949 1.0000 0.9294 0.1922
v 0.028564 0.005838 -0.008738 1.0000 0.9294 0.1922
v 0.029703 0.002977 -0.005933 1.0000 0.9294 0.1922
v 0.028558 0.008810 -0.005761 1.0000 0.9294 0.1922
v 0.008738 -0.005838 -0.028564 1.0000 0.9294 0.1922
v 0.002949 -0.005959 -0.029701 1.0000 0.9294 0.1922
v 0.005761 -0.008810 -0.028558 1.0000 0.9294 0.1922
v 0.005933 -0.002977 -0.029703 1.0000 0.9294 0.1922
v 0.007775 -0.016498 -0.024366 1.0000 0.9294 0.1922
v 0.002618 -0.016896 -0.025180 1.0000 0.9294 0.1922
v 0.004963 -0.019100 -0.023171 1.0000 0.9294 0.1922
v 0.005430 -0.014250 -0.026340 1.0000 0.9294 0.1922
v 0.017192 -0.014357 -0.020607 1.0000 0.9294 0.1922
v 0.012680 -0.015641 -0.022824 1.0000 0.9294 0.1922
v 0.014324 -0.017223 -0.020605 1.0000 0.9294 0.1922
v 0.015565 -0.012763 -0.022830 1.0000 0.9294 0.1922
v -0.014179 -0.005512 -0.026361 1.0000 0.9294 0.1922
v -0.019075 -0.004994 -0.023185 1.0000 0.9294 0.1922
v -0.016428 -0.007858 -0.024387 1.0000 0.9294 0.1922
v -0.016871 -0.002648 -0.025193 1.0000 0.9294 0.1922
v -0.012680 -0.015641 -0.022824 1.0000 0.9294 0.1922
v -0.017192 -0.014357 -0.020607 1.0000 0.9294 0.1922
v -0.014324 -0.017223 -0.020605 1.0000 0.9294 0.1922
v -0.015565 -0.012763 -0.022830 1.0000 0.9294 0.1922
v -0.002618 -0.016896 -0.025180 1.0000 0.9294 0.1922
v -0.007775 -0.016498 -0.024366 1.0000 0.9294 0.1922
v -0.004963 -0.019100 -0.023171 1.0000 0.9294 0.1922
v -0.005430 -0.014250 -0.026340 1.0000 0.9294 0.1922
v -0.012680 0.015641 -0.022824 1.0000 0.9294 0.1922
v -0.017192 0.014357 -0.020607 1.0000 0.9294 0.1922
v -0.015565 0.012763 -0.022830 1.0000 0.9294 0.1922
v -0.014324 0.017223 -0.020605 1.0000 0.9294 0.1922
v -0.014179 0.005512 -0.026361 1.0000 0.9294 0.1922
v -0.019075 0.004994 -0.023185 1.0000 0.9294 0.1922
v -0.016871 0.002648 -0.025193 1.0000 0.9294 0.1922
v -0.016428 0.007858 -0.024387 1.0000 0.9294 0.1922
v -0.002949 0.005959 -0.029701 1.0000 0.9294 0.1922
v -0.008738 0.005838 -0.028564 1.0000 0.9294 0.1922
v -0.005933 0.002977 -0.029703 1.0000 0.9294 0.1922
v -0.005761 0.008810 -0.028558 1.0000 0.9294 0.1922
v -0.028564 -0.005838 -0.008738 1.0000 0.9294 0.1922
v -0.029701 -0.005959 -0.002949 1.0000 0.9294 0.1922
v -0.028558 -0.008810 -0.005761 1.0000 0.9294 0.1922
v -0.029703 -0.002977 -0.005933 1.0000 0.9294 0.1922
v -0.024366 -0.016498 -0.007775 1.0000 0.9294 0.1922
v -0.025180 -0.016896 -0.002618 1.0000 0.9294 0.1922
v -0.023172 -0.019099 -0.004963 1.0000 0.9294 0.1922
v -0.026340 -0.014250 -0.005430 1.0000 0.9294 0.1922
v -0.020607 -0.014357 -0.017192 1.0000 0.9294 0.1922
v -0.022824 -0.015641 -0.012680 1.0000 0.9294 0.1922
v -0.020605 -0.017222 -0.014324 1.0000 0.9294 0.1922
v -0.022830 -0.012763 -0.015565 1.0000 0.9294 0.1922
v -0.026361 -0.005512 0.014179 1.0000 0.9294 0.1922
v -0.023185 -0.004994 0.019075 1.0000 0.9294 0.1922
v -0.024387 -0.007858 0.016428 1.0000 0.9294 0.1922
v -0.025193 -0.002648 0.016871 1.0000 0.9294 0.1922
v -0.022824 -0.015641 0.012680 1.0000 0.9294 0.1922
v -0.020607 -0.014357 0.017192 1.0000 0.9294 0.1922
v -0.020605 -0.017222 0.014324 1.0000 0.9294 0.1922
v -0.022830 -0.012763 0.015565 1.0000 0.9294 0.1922
v -0.025180 -0.016896 0.002618 1.0000 0.9294 0.1922
v -0.024366 -0.016498 0.007775 1.0000 0.9294 0.1922
v -0.023172 -0.019099 0.004963 1.0000 0.9294 0.1922
v -0.026340 -0.014250 0.005430 1.0000 0.9294 0.1922
v -0.022824 0.015641 0.012680 1.0000 0.9294 0.1922
v -0.020607 0.014357 0.017192 1.0000 0.9294 0.1922
v -0.022830 0.012763 0.015565 1.0000 0.9294 0.1922
v -0.020605 0.017222 0.014324 1.0000 0.9294 0.1922
v -0.026361 0.005512 0.014179 1.0000 0.9294 0.1922
v -0.023185 0.004994 0.019075 1.0000 0.9294 0.1922
v -0.025193 0.002648 0.016871 1.0000 0.9294 0.1922
v -0.024387 0.007858 0.016428 1.0000 0.9294 0.1922
v -0.029701 0.005959 0.002949 1.0000 0.9294 0.1922
v -0.028564 0.005838 0.008738 1.0000 0.9294 0.1922
v -0.029703 0.002977 0.005933 1.0000 0.9294 0.1922
v -0.028558 0.008810 0.005761 1.0000 0.9294 0.1922
v -0.025180 0.016896 0.002618 1.0000 0.9294 0.1922
v -0.024366 0.016498 0.007775 1.0000 0.9294 0.1922
v -0.026340 0.014250 0.005430 1.0000 0.9294 0.1922
v -0.023172 0.019099 0.004963 1.0000 0.9294 0.1922
v -0.029701 -0.005959 0.002949 1.0000 0.9294 0.1922
v -0.028564 -0.005838 0.008738 1.0000 0.9294 0.1922
v -0.028558 -0.008810 0.005761 1.0000 0.9294 0.1922
v -0.029703 -0.002977 0.005933 1.0000 0.9294 0.1922
v -0.023185 -0.004994 -0.019075 1.0000 0.9294 0.1922
v -0.026361 -0.005512 -0.014179 1.0000 0.9294 0.1922
v -0.024387 -0.007858 -0.016428 1.0000 0.9294 0.1922
v -0.025193 -0.002648 -0.016871 1.0000 0.9294 0.1922
v -0.002618 0.016896 -0.025180 1.0000 0.9294 0.1922
v -0.007775 0.016498 -0.024366 1.0000 0.9294 0.1922
v -0.005430 0.014250 -0.026340 1.0000 0.9294 0.1922
v -0.004963 0.019100 -0.023171 1.0000 0.9294 0.1922
v -0.002949 -0.005959 -0.029701 1.0000 0.9294 0.1922
v -0.008738 -0.005838 -0.028564 1.0000 0.9294 0.1922
v -0.005761 -0.008810 -0.028558 1.0000 0.9294 0.1922
v -0.005933 -0.002977 -0.029703 1.0000 0.9294 0.1922
v 0.019075 -0.004994 -0.023185 1.0000 0.9294 0.1922
v 0.014179 -0.005512 -0.026361 1.0000 0.9294 0.1922
v 0.016428 -0.007858 -0.024387 1.0000 0.9294 0.1922
v 0.016871 -0.002648 -0.025193 1.0000 0.9294 0.1922
v 0.025180 0.016896 -0.002618 1.0000 0.9294 0.1922
v 0.024366 0.016498 -0.007775 1.0000 0.9294 0.1922
v 0.026340 0.014250 -0.005430 1.0000 0.9294 0.1922
v 0.023172 0.019099 -0.004963 1.0000 0.9294 0.1922
v 0.029701 -0.005959 -0.002949 1.0000 0.9294 0.1922
v 0.028564 -0.005838 -0.008738 1.0000 0.9294 0.1922
v 0.028558 -0.008810 -0.005761 1.0000 0.9294 0.1922
v 0.029703 -0.002977 -0.005933 1.0000 0.9294 0.1922
v 0.023185 -0.004994 0.019075 1.0000 0.9294 0.1922
v 0.026361 -0.005512 0.014179 1.0000 0.9294 0.1922
v 0.024387 -0.007858 0.016428 1.0000 0.9294 0.1922
v 0.025193 -0.002648 0.016871 1.0000 0.9294 0.1922
v 0.002618 0.016896 0.025180 1.0000 0.9294 0.1922
v 0.007775 0.016498 0.024366 1.0000 0.9294 0.1922
v 0.005430 0.014250 0.026340 1.0000 0.9294 0.1922
v 0.004963 0.019100 0.023172 1.0000 0.9294 0.1922
v 0.002949 -0.005959 0.029701 1.0000 0.9294 0.1922
v 0.008738 -0.005838 0.028564 1.0000 0.9294 0.1922
v 0.005761 -0.008810 0.028558 1.0000 0.9294 0.1922
v 0.005933 -0.002977 0.029703 1.0000 0.9294 0.1922
v -0.019075 -0.004994 0.023185 1.0000 0.9294 0.1922
v -0.014179 -0.005512 0.026361 1.0000 0.9294 0.1922
v -0.016428 -0.007858 0.024387 1.0000 0.9294 0.1922
v -0.016871 -0.002648 0.025193 1.0000 0.9294 0.1922
v 0.016896 -0.025180 -0.002618 1.0000 0.9294 0.1922
v 0.016498 -0.024366 -0.007775 1.0000 0.9294 0.1922
v 0.014250 -0.026340 -0.005430 1.0000 0.9294 0.1922
v 0.019099 -0.023172 -0.004963 1.0000 0.9294 0.1922
v -0.005959 -0.029701 -0.002949 1.0000 0.9294 0.1922
v -0.005838 -0.028564 -0.008738 1.0000 0.9294 0.1922
v -0.008810 -0.028558 -0.005761 1.0000 0.9294 0.1922
v -0.002977 -0.029703 -0.005933 1.0000 0.9294 0.1922
v -0.004994 -0.023186 0.019074 1.0000 0.9294 0.1922
v -0.005512 -0.026361 0.014179 1.0000 0.9294 0.1922
v -0.007858 -0.024387 0.016428 1.0000 0.9294 0.1922
v -0.002648 -0.025193 0.016871 1.0000 0.9294 0.1922
v -0.016896 0.025180 -0.002618 1.0000 0.9294 0.1922
v -0.016498 0.024366 -0.007775 1.0000 0.9294 0.1922
v -0.014250 0.026340 -0.005430 1.0000 0.9294 0.1922
v -0.019099 0.023172 -0.004963 1.0000 0.9294 0.1922
v 0.005959 0.029701 -0.002949 1.0000 0.9294 0.1922
v 0.005838 0.028564 -0.008738 1.0000 0.9294 0.1922
v 0.008810 0.028558 -0.005761 1.0000 0.9294 0.1922
v 0.002977 0.029703 -0.005933 1.0000 0.9294 0.1922
v 0.004994 0.023186 0.019074 1.0000 0.9294 0.1922
v 0.005512 0.026361 0.014179 1.0000 0.9294 0.1922
v 0.007858 0.024387 0.016428 1.0000 0.9294 0.1922
v 0.002648 0.025193 0.016871 1.0000 0.9294 0.1922
v -0.014357 0.020607 0.017192 1.0000 0.9294 0.1922
v -0.015641 0.022824 0.012680 1.0000 0.9294 0.1922
v -0.012763 0.022830 0.015565 1.0000 0.9294 0.1922
v -0.017222 0.020605 0.014324 1.0000 0.9294 0.1922
v 0.014357 -0.020607 0.017192 1.0000 0.9294 0.1922
v 0.015641 -0.022824 0.012680 1.0000 0.9294 0.1922
v 0.012763 -0.022830 0.015565 1.0000 0.9294 0.1922
v 0.017222 -0.020605 0.014324 1.0000 0.9294 0.1922
v -0.017192 0.014357 0.020607 1.0000 0.9294 0.1922
v -0.012680 0.015641 0.022824 1.0000 0.9294 0.1922
v -0.015565 0.012763 0.022830 1.0000 0.9294 0.1922
v -0.014324 0.017223 0.020605 1.0000 0.9294 0.1922
v 0.020607 0.014357 0.017192 1.0000 0.9294 0.1922
v 0.022824 0.015641 0.012680 1.0000 0.9294 0.1922
v 0.022830 0.012763 0.015565 1.0000 0.9294 0.1922
v 0.020605 0.017222 0.014324 1.0000 0.9294 0.1922
v 0.017192 0.014357 -0.020607 1.0000 0.9294 0.1922
v 0.012680 0.015641 -0.022824 1.0000 0.9294 0.1922
v 0.015565 0.012763 -0.022830 1.0000 0.9294 0.1922
v 0.014324 0.017223 -0.020605 1.0000 0.9294 0.1922
v -0.020607 0.014357 -0.017192 1.0000 0.9294 0.1922
v -0.022824 0.015641 -0.012680 1.0000 0.9294 0.1922
v -0.022830 0.012763 -0.015565 1.0000 0.9294 0.1922
v -0.020605 0.017222 -0.014324 1.0000 0.9294 0.1922
v -0.021468 0.017865 -0.012096 1.0000 0.9294 0.1922
v -0.024003 0.013289 -0.013176 1.0000 0.9294 0.1922
v -0.021474 0.012140 -0.017827 1.0000 0.9294 0.1922
v 0.012096 0.017865 -0.021468 1.0000 0.9294 0.1922
v 0.013176 0.013289 -0.024003 1.0000 0.9294 0.1922
v 0.017827 0.012140 -0.021474 1.0000 0.9294 0.1922
v 0.021468 0.017865 0.012096 1.0000 0.9294 0.1922
v 0.024003 0.013289 0.013176 1.0000 0.9294 0.1922
v 0.021474 0.012140 0.017827 1.0000 0.9294 0.1922
v -0.012096 0.017865 0.021468 1.0000 0.9294 0.1922
v -0.013176 0.013289 0.024003 1.0000 0.9294 0.1922
v -0.017827 0.012140 0.021474 1.0000 0.9294 0.1922
v 0.017865 -0.021468 0.012096 1.0000 0.9294 0.1922
v 0.013288 -0.024003 0.013176 1.0000 0.9294 0.1922
v 0.012140 -0.021474 0.017827 1.0000 0.9294 0.1922
v -0.017865 0.021468 0.012096 1.0000 0.9294 0.1922
v -0.013288 0.024003 0.013176 1.0000 0.9294 0.1922
v -0.012140 0.021474 0.017827 1.0000 0.9294 0.1922
v 0.002768 0.026713 0.014321 1.0000 0.9294 0.1922
v 0.008206 0.025786 0.013932 1.0000 0.9294 0.1922
v 0.007444 0.022771 0.018773 1.0000 0.9294 0.1922
v 0.002933 0.028980 -0.008827 1.0000 0.9294 0.1922
v 0.008684 0.027882 -0.008574 1.0000 0.9294 0.1922
v 0.008862 0.028973 -0.002893 1.0000 0.9294 0.1922
v -0.018807 0.022757 -0.007401 1.0000 0.9294 0.1922
v -0.014036 0.025767 -0.008089 1.0000 0.9294 0.1922
v -0.014356 0.026699 -0.002726 1.0000 0.9294 0.1922
v -0.002768 -0.026713 0.014321 1.0000 0.9294 0.1922
v -0.008206 -0.025786 0.013932 1.0000 0.9294 0.1922
v -0.007444 -0.022771 0.018773 1.0000 0.9294 0.1922
v -0.002933 -0.028980 -0.008827 1.0000 0.9294 0.1922
v -0.008684 -0.027882 -0.008574 1.0000 0.9294 0.1922
v -0.008862 -0.028973 -0.002893 1.0000 0.9294 0.1922
v 0.018807 -0.022757 -0.007401 1.0000 0.9294 0.1922
v 0.014036 -0.025767 -0.008089 1.0000 0.9294 0.1922
v 0.014356 -0.026699 -0.002726 1.0000 0.9294 0.1922
v -0.014321 -0.002768 0.026713 1.0000 0.9294 0.1922
v -0.013932 -0.008206 0.025786 1.0000 0.9294 0.1922
v -0.018774 -0.007444 0.022770 1.0000 0.9294 0.1922
v 0.008827 -0.002933 0.028980 1.0000 0.9294 0.1922
v 0.008574 -0.008684 0.027882 1.0000 0.9294 0.1922
v 0.002893 -0.008862 0.028973 1.0000 0.9294 0.1922
v 0.007401 0.018807 0.022757 1.0000 0.9294 0.1922
v 0.008089 0.014036 0.025767 1.0000 0.9294 0.1922
v 0.002726 0.014356 0.026699 1.0000 0.9294 0.1922
v 0.026713 -0.002768 0.014321 1.0000 0.9294 0.1922
v 0.025786 -0.008206 0.013932 1.0000 0.9294 0.1922
v 0.022770 -0.007444 0.018774 1.0000 0.9294 0.1922
v 0.028980 -0.002933 -0.008827 1.0000 0.9294 0.1922
v 0.027882 -0.008684 -0.008574 1.0000 0.9294 0.1922
v 0.028973 -0.008862 -0.002893 1.0000 0.9294 0.1922
v 0.022757 0.018807 -0.007401 1.0000 0.9294 0.1922
v 0.025767 0.014036 -0.008089 1.0000 0.9294 0.1922
v 0.026699 0.014356 -0.002726 1.0000 0.9294 0.1922
v 0.014321 -0.002768 -0.026713 1.0000 0.9294 0.1922
v 0.013932 -0.008206 -0.025786 1.0000 0.9294 0.1922
v 0.018774 -0.007444 -0.022770 1.0000 0.9294 0.1922
v -0.008827 -0.002933 -0.028980 1.0000 0.9294 0.1922
v -0.008574 -0.008684 -0.027882 1.0000 0.9294 0.1922
v -0.002893 -0.008862 -0.028973 1.0000 0.9294 0.1922
v -0.007401 0.018807 -0.022757 1.0000 0.9294 0.1922
v -0.008089 0.014036 -0.025766 1.0000 0.9294 0.1922
v -0.002726 0.014356 -0.026699 1.0000 0.9294 0.1922
v -0.026713 -0.002768 -0.014321 1.0000 0.9294 0.1922
v -0.025786 -0.008206 -0.013932 1.0000 0.9294 0.1922
v -0.022770 -0.007444 -0.018774 1.0000 0.9294 0.1922
v -0.028980 -0.002933 0.008827 1.0000 0.9294 0.1922
v -0.027882 -0.008684 0.008574 1.0000 0.9294 0.1922
v -0.028973 -0.008862 0.002893 1.0000 0.9294 0.1922
v -0.022757 0.018807 0.007401 1.0000 0.9294 0.1922
v -0.025767 0.014036 0.008089 1.0000 0.9294 0.1922
v -0.026699 0.014356 0.002726 1.0000 0.9294 0.1922
v -0.027882 0.008684 0.008574 1.0000 0.9294 0.1922
v -0.028980 0.002933 0.008827 1.0000 0.9294 0.1922
v -0.030141 0.002994 0.002981 1.0000 0.9294 0.1922
v -0.022770 0.007444 0.018774 1.0000 0.9294 0.1922
v -0.023437 0.002506 0.019256 1.0000 0.9294 0.1922
v -0.026713 0.002768 0.014321 1.0000 0.9294 0.1922
v -0.019605 0.016471 0.016454 1.0000 0.9294 0.1922
v -0.021474 0.012140 0.017827 1.0000 0.9294 0.1922
v -0.024003 0.013289 0.013176 1.0000 0.9294 0.1922
v -0.025767 -0.014036 0.008089 1.0000 0.9294 0.1922
v -0.022757 -0.018807 0.007401 1.0000 0.9294 0.1922
v -0.023428 -0.019268 0.002490 1.0000 0.9294 0.1922
v -0.021474 -0.012140 0.017827 1.0000 0.9294 0.1922
v -0.019605 -0.016471 0.016454 1.0000 0.9294 0.1922
v -0.021468 -0.017865 0.012096 1.0000 0.9294 0.1922
v -0.023437 -0.002506 0.019256 1.0000 0.9294 0.1922
v -0.022770 -0.007444 0.018774 1.0000 0.9294 0.1922
v -0.025786 -0.008206 0.013932 1.0000 0.9294 0.1922
v -0.024003 -0.013289 -0.013176 1.0000 0.9294 0.1922
v -0.021468 -0.017865 -0.012096 1.0000 0.9294 0.1922
v -0.019605 -0.016471 -0.016454 1.0000 0.9294 0.1922
v -0.026699 -0.014356 -0.002726 1.0000 0.9294 0.1922
v -0.023428 -0.019268 -0.002490 1.0000 0.9294 0.1922
v -0.022757 -0.018807 -0.007401 1.0000 0.9294 0.1922
v -0.030141 -0.002994 -0.002981 1.0000 0.9294 0.1922
v -0.028973 -0.008862 -0.002893 1.0000 0.9294 0.1922
v -0.027882 -0.008684 -0.008574 1.0000 0.9294 0.1922
v -0.008574 0.008684 -0.027882 1.0000 0.9294 0.1922
v -0.008827 0.002933 -0.028980 1.0000 0.9294 0.1922
v -0.002981 0.002994 -0.030141 1.0000 0.9294 0.1922
v -0.018774 0.007444 -0.022770 1.0000 0.9294 0.1922
v -0.019256 0.002506 -0.023437 1.0000 0.9294 0.1922
v -0.014321 0.002768 -0.026713 1.0000 0.9294 0.1922
v -0.016454 0.016471 -0.019605 1.0000 0.9294 0.1922
v -0.017827 0.012140 -0.021474 1.0000 0.9294 0.1922
v -0.013176 0.013289 -0.024003 1.0000 0.9294 0.1922
v -0.008089 -0.014036 -0.025766 1.0000 0.9294 0.1922
v -0.007401 -0.018807 -0.022757 1.0000 0.9294 0.1961
v -0.002490 -0.019268 -0.023428 1.0000 0.9294 0.1922
v -0.017827 -0.012140 -0.021474 1.0000 0.9294 0.1922
v -0.016454 -0.016471 -0.019605 1.0000 0.9294 0.1922
v -0.012096 -0.017865 -0.021468 1.0000 0.9294 0.1922
v -0.019256 -0.002506 -0.023437 1.0000 0.9294 0.1922
v -0.018774 -0.007444 -0.022770 1.0000 0.9294 0.1922
v -0.013932 -0.008206 -0.025786 1.0000 0.9294 0.1922
v 0.013176 -0.013289 -0.024003 1.0000 0.9294 0.1922
v 0.012096 -0.017865 -0.021468 1.0000 0.9294 0.1922
v 0.016454 -0.016471 -0.019605 1.0000 0.9294 0.1922
v 0.002726 -0.014356 -0.026699 1.0000 0.9294 0.1922
v 0.002490 -0.019268 -0.023428 1.0000 0.9294 0.1922
v 0.007401 -0.018807 -0.022757 1.0000 0.9294 0.1922
v 0.002981 -0.002994 -0.030141 1.0000 0.9294 0.1922
v 0.002893 -0.008862 -0.028973 1.0000 0.9294 0.1922
v 0.008574 -0.008684 -0.027882 1.0000 0.9294 0.1922
v 0.027882 0.008684 -0.008574 1.0000 0.9294 0.1922
v 0.028980 0.002933 -0.008827 1.0000 0.9294 0.1922
v 0.030141 0.002994 -0.002981 1.0000 0.9294 0.1922
v 0.022770 0.007444 -0.018774 1.0000 0.9294 0.1922
v 0.023437 0.002506 -0.019256 1.0000 0.9294 0.1922
v 0.026713 0.002768 -0.014321 1.0000 0.9294 0.1922
v 0.019605 0.016471 -0.016454 1.0000 0.9294 0.1922
v 0.021474 0.012140 -0.017827 1.0000 0.9294 0.1922
v 0.024003 0.013289 -0.013176 1.0000 0.9294 0.1922
v 0.025767 -0.014036 -0.008089 1.0000 0.9294 0.1922
v 0.022757 -0.018807 -0.007401 1.0000 0.9294 0.1922
v 0.023428 -0.019268 -0.002490 1.0000 0.9294 0.1922
v 0.021474 -0.012140 -0.017827 1.0000 0.9294 0.1922
v 0.019605 -0.016471 -0.016454 1.0000 0.9294 0.1922
v 0.021468 -0.017865 -0.012096 1.0000 0.9294 0.1922
v 0.023437 -0.002506 -0.019256 1.0000 0.9294 0.1922
v 0.022770 -0.007444 -0.018774 1.0000 0.9294 0.1922
v 0.025786 -0.008206 -0.013932 1.0000 0.9294 0.1922
v 0.024003 -0.013289 0.013176 1.0000 0.9294 0.1922
v 0.021468 -0.017865 0.012096 1.0000 0.9294 0.1922
v 0.019605 -0.016471 0.016454 1.0000 0.9294 0.1922
v 0.026699 -0.014356 0.002726 1.0000 0.9294 0.1922
v 0.023428 -0.019268 0.002490 1.0000 0.9294 0.1922
v 0.022757 -0.018807 0.007401 1.0000 0.9294 0.1922
v 0.030141 -0.002994 0.002981 1.0000 0.9294 0.1922
v 0.028973 -0.008862 0.002893 1.0000 0.9294 0.1922
v 0.027882 -0.008684 0.008574 1.0000 0.9294 0.1922
v 0.008574 0.008684 0.027882 1.0000 0.9294 0.1922
v 0.008827 0.002933 0.028980 1.0000 0.9294 0.1922
v 0.002981 0.002994 0.030141 1.0000 0.9294 0.1922
v 0.018774 0.007444 0.022770 1.0000 0.9294 0.1922
v 0.019256 0.002506 0.023437 1.0000 0.9294 0.1922
v 0.014321 0.002768 0.026713 1.0000 0.9294 0.1922
v 0.016454 0.016471 0.019605 1.0000 0.9294 0.1922
v 0.017827 0.012140 0.021474 1.0000 0.9294 0.1922
v 0.013176 0.013289 0.024003 1.0000 0.9294 0.1922
v 0.008089 -0.014036 0.025767 1.0000 0.9294 0.1922
v 0.007401 -0.018807 0.022757 1.0000 0.9294 0.1922
v 0.002490 -0.019269 0.023428 1.0000 0.9294 0.1922
v 0.017827 -0.012140 0.021474 1.0000 0.9294 0.1922
v 0.016454 -0.016471 0.019605 1.0000 0.9294 0.1922
v 0.012096 -0.017865 0.021468 1.0000 0.9294 0.1922
v 0.019256 -0.002506 0.023437 1.0000 0.9294 0.1922
v 0.018774 -0.007444 0.022770 1.0000 0.9294 0.1922
v 0.013932 -0.008206 0.025786 1.0000 0.9294 0.1922
v -0.013176 -0.013289 0.024003 1.0000 0.9294 0.1922
v -0.012096 -0.017865 0.021468 1.0000 0.9294 0.1922
v -0.016454 -0.016471 0.019605 1.0000 0.9294 0.1922
v -0.002726 -0.014356 0.026699 1.0000 0.9294 0.1922
v -0.002490 -0.019269 0.023428 1.0000 0.9294 0.1922
v -0.007401 -0.018807 0.022757 1.0000 0.9294 0.1922
v -0.002981 -0.002994 0.030141 1.0000 0.9294 0.1922
v -0.002893 -0.008862 0.028973 1.0000 0.9294 0.1922
v -0.008574 -0.008684 0.027882 1.0000 0.9294 0.1922
v 0.008684 -0.027882 -0.008574 1.0000 0.9294 0.1922
v 0.002933 -0.028980 -0.008827 1.0000 0.9294 0.1922
v 0.002994 -0.030141 -0.002981 1.0000 0.9294 0.1922
v 0.007444 -0.022771 -0.018773 1.0000 0.9294 0.1922
v 0.002506 -0.023437 -0.019256 1.0000 0.9294 0.1922
v 0.002768 -0.026713 -0.014321 1.0000 0.9294 0.1922
v 0.016471 -0.019605 -0.016454 1.0000 0.9294 0.1922
v 0.012140 -0.021474 -0.017827 1.0000 0.9294 0.1922
v 0.013288 -0.024003 -0.013176 1.0000 0.9294 0.1922
v -0.014036 -0.025767 -0.008089 1.0000 0.9294 0.1922
v -0.018807 -0.022757 -0.007401 1.0000 0.9294 0.1922
v -0.019268 -0.023428 -0.002490 1.0000 0.9294 0.1922
v -0.012140 -0.021474 -0.017827 1.0000 0.9294 0.1922
v -0.016471 -0.019605 -0.016454 1.0000 0.9294 0.1922
v -0.017865 -0.021468 -0.012096 1.0000 0.9294 0.1922
v -0.002506 -0.023437 -0.019256 1.0000 0.9294 0.1922
v -0.007444 -0.022771 -0.018773 1.0000 0.9294 0.1922
v -0.008206 -0.025786 -0.013932 1.0000 0.9294 0.1922
v -0.013288 -0.024003 0.013176 1.0000 0.9294 0.1922
v -0.017865 -0.021468 0.012096 1.0000 0.9294 0.1922
v -0.016471 -0.019605 0.016454 1.0000 0.9294 0.1922
v -0.014356 -0.026699 0.002726 1.0000 0.9294 0.1922
v -0.019268 -0.023428 0.002490 1.0000 0.9294 0.1922
v -0.018807 -0.022757 0.007401 1.0000 0.9294 0.1922
v -0.002994 -0.030141 0.002981 1.0000 0.9294 0.1922
v -0.008862 -0.028973 0.002893 1.0000 0.9294 0.1922
v -0.008684 -0.027882 0.008574 1.0000 0.9294 0.1922
v -0.008684 0.027882 -0.008574 1.0000 0.9294 0.1922
v -0.002933 0.028980 -0.008827 1.0000 0.9294 0.1922
v -0.002994 0.030141 -0.002981 1.0000 0.9294 0.1922
v -0.007444 0.022771 -0.018773 1.0000 0.9294 0.1922
v -0.002506 0.023437 -0.019256 1.0000 0.9294 0.1922
v -0.002768 0.026713 -0.014321 1.0000 0.9294 0.1922
v -0.016471 0.019605 -0.016454 1.0000 0.9294 0.1922
v -0.012140 0.021474 -0.017827 1.0000 0.9294 0.1922
v -0.013288 0.024003 -0.013176 1.0000 0.9294 0.1922
v 0.014036 0.025767 -0.008089 1.0000 0.9294 0.1922
v 0.018807 0.022757 -0.007401 1.0000 0.9294 0.1922
v 0.019268 0.023428 -0.002490 1.0000 0.9294 0.1922
v 0.012140 0.021474 -0.017827 1.0000 0.9294 0.1922
v 0.016471 0.019605 -0.016454 1.0000 0.9294 0.1922
v 0.017865 0.021468 -0.012096 1.0000 0.9294 0.1922
v 0.002506 0.023437 -0.019256 1.0000 0.9294 0.1922
v 0.007444 0.022771 -0.018773 1.0000 0.9294 0.1922
v 0.008206 0.025786 -0.013932 1.0000 0.9294 0.1922
v 0.013288 0.024003 0.013176 1.0000 0.9294 0.1922
v 0.017865 0.021468 0.012096 1.0000 0.9294 0.1922
v 0.016471 0.019605 0.016454 1.0000 0.9294 0.1922
v 0.014356 0.026699 0.002726 1.0000 0.9294 0.1922
v 0.019268 0.023428 0.002490 1.0000 0.9294 0.1922
v 0.018807 0.022757 0.007401 1.0000 0.9294 0.1922
v 0.002994 0.030141 0.002981 1.0000 0.9294 0.1922
v 0.008862 0.028973 0.002893 1.0000 0.9294 0.1922
v 0.008684 0.027882 0.008574 1.0000 0.9294 0.1922
v -0.008206 0.025786 0.013932 1.0000 0.9294 0.1922
v -0.002768 0.026713 0.014321 1.0000 0.9294 0.1922
v -0.002506 0.023437 0.019256 1.0000 0.9294 0.1922
v -0.008862 0.028973 0.002893 1.0000 0.9294 0.1922
v -0.002994 0.030141 0.002981 1.0000 0.9294 0.1922
v -0.002933 0.028980 0.008827 1.0000 0.9294 0.1922
v -0.019268 0.023428 0.002490 1.0000 0.9294 0.1922
v -0.014356 0.026699 0.002726 1.0000 0.9294 0.1922
v -0.014036 0.025767 0.008089 1.0000 0.9294 0.1922
v 0.008206 -0.025786 0.013932 1.0000 0.9294 0.1922
v 0.002768 -0.026713 0.014321 1.0000 0.9294 0.1922
v 0.002506 -0.023437 0.019256 1.0000 0.9294 0.1922
v 0.008862 -0.028973 0.002893 1.0000 0.9294 0.1922
v 0.002994 -0.030141 0.002981 1.0000 0.9294 0.1922
v 0.002933 -0.028980 0.008827 1.0000 0.9294 0.1922
v 0.019268 -0.023428 0.002490 1.0000 0.9294 0.1922
v 0.014356 -0.026699 0.002726 1.0000 0.9294 0.1922
v 0.014036 -0.025767 0.008089 1.0000 0.9294 0.1922
v -0.013932 0.008206 0.025786 1.0000 0.9294 0.1922
v -0.014321 0.002768 0.026713 1.0000 0.9294 0.1922
v -0.019256 0.002506 0.023437 1.0000 0.9294 0.1922
v -0.002893 0.008862 0.028973 1.0000 0.9294 0.1922
v -0.002981 0.002994 0.030141 1.0000 0.9294 0.1922
v -0.008827 0.002933 0.028980 1.0000 0.9294 0.1922
v -0.002490 0.019269 0.023428 1.0000 0.9294 0.1922
v -0.002726 0.014356 0.026699 1.0000 0.9294 0.1922
v -0.008089 0.014036 0.025767 1.0000 0.9294 0.1922
v 0.025786 0.008206 0.013932 1.0000 0.9294 0.1922
v 0.026713 0.002768 0.014321 1.0000 0.9294 0.1922
v 0.023437 0.002506 0.019256 1.0000 0.9294 0.1922
v 0.028973 0.008862 0.002893 1.0000 0.9294 0.1922
v 0.030141 0.002994 0.002981 1.0000 0.9294 0.1922
v 0.028980 0.002933 0.008827 1.0000 0.9294 0.1922
v 0.023428 0.019268 0.002490 1.0000 0.9294 0.1922
v 0.026699 0.014356 0.002726 1.0000 0.9294 0.1922
v 0.025767 0.014036 0.008089 1.0000 0.9294 0.1922
v 0.013932 0.008206 -0.025786 1.0000 0.9294 0.1922
v 0.014321 0.002768 -0.026713 1.0000 0.9294 0.1922
v 0.019256 0.002506 -0.023437 1.0000 0.9294 0.1922
v 0.002893 0.008862 -0.028973 1.0000 0.9294 0.1922
v 0.002981 0.002994 -0.030141 1.0000 0.9294 0.1922
v 0.008827 0.002933 -0.028980 1.0000 0.9294 0.1922
v 0.002490 0.019269 -0.023428 1.0000 0.9294 0.1922
v 0.002726 0.014356 -0.026699 1.0000 0.9294 0.1922
v 0.008089 0.014036 -0.025766 1.0000 0.9294 0.1922
v -0.025786 0.008206 -0.013932 1.0000 0.9294 0.1922
v -0.026713 0.002768 -0.014321 1.0000 0.9294 0.1922
v -0.023437 0.002506 -0.019256 1.0000 0.9294 0.1922
v -0.028973 0.008862 -0.002893 1.0000 0.9294 0.1922
v -0.030141 0.002994 -0.002981 1.0000 0.9294 0.1922
v -0.028980 0.002933 -0.008827 1.0000 0.9294 0.1922
v -0.023428 0.019268 -0.002490 1.0000 0.9294 0.1922
v -0.026699 0.014356 -0.002726 1.0000 0.9294 0.1922
v -0.025767 0.014036 -0.008089 1.0000 0.9294 0.1922
v -0.022757 0.018807 -0.007401 1.0000 0.9294 0.1922
v -0.027882 0.008684 -0.008574 1.0000 0.9294 0.1922
v -0.022770 0.007444 -0.018774 1.0000 0.9294 0.1922
v 0.007401 0.018807 -0.022757 1.0000 0.9294 0.1922
v 0.008574 0.008684 -0.027882 1.0000 0.9294 0.1922
v 0.018774 0.007444 -0.022770 1.0000 0.9294 0.1922
v 0.022757 0.018807 0.007401 1.0000 0.9294 0.1922
v 0.027882 0.008684 0.008574 1.0000 0.9294 0.1922
v 0.022770 0.007444 0.018774 1.0000 0.9294 0.1922
v -0.007401 0.018807 0.022757 1.0000 0.9294 0.1922
v -0.008574 0.008684 0.027882 1.0000 0.9294 0.1922
v -0.018774 0.007444 0.022770 1.0000 0.9294 0.1922
v 0.018807 -0.022757 0.007401 1.0000 0.9294 0.1922
v 0.008684 -0.027882 0.008574 1.0000 0.9294 0.1922
v 0.007444 -0.022771 0.018773 1.0000 0.9294 0.1922
v -0.018807 0.022757 0.007401 1.0000 0.9294 0.1922
v -0.008684 0.027882 0.008574 1.0000 0.9294 0.1922
v -0.007444 0.022771 0.018773 1.0000 0.9294 0.1922
v 0.002933 0.028980 0.008827 1.0000 0.9294 0.1922
v 0.014036 0.025767 0.008089 1.0000 0.9294 0.1922
v 0.012140 0.021474 0.017827 1.0000 0.9294 0.1922
v 0.002768 0.026713 -0.014321 1.0000 0.9294 0.1922
v 0.013288 0.024003 -0.013176 1.0000 0.9294 0.1922
v 0.014356 0.026699 -0.002726 1.0000 0.9294 0.1922
v -0.017865 0.021468 -0.012096 1.0000 0.9294 0.1922
v -0.008206 0.025786 -0.013932 1.0000 0.9294 0.1922
v -0.008862 0.028973 -0.002893 1.0000 0.9294 0.1922
v -0.002933 -0.028980 0.008827 1.0000 0.9294 0.1922
v -0.014036 -0.025767 0.008089 1.0000 0.9294 0.1922
v -0.012140 -0.021474 0.017827 1.0000 0.9294 0.1922
v -0.002768 -0.026713 -0.014321 1.0000 0.9294 0.1922
v -0.013288 -0.024003 -0.013176 1.0000 0.9294 0.1922
v -0.014356 -0.026699 -0.002726 1.0000 0.9294 0.1922
v 0.017865 -0.021468 -0.012096 1.0000 0.9294 0.1922
v 0.008206 -0.025786 -0.013932 1.0000 0.9294 0.1922
v 0.008862 -0.028973 -0.002893 1.0000 0.9294 0.1922
v -0.008827 -0.002933 0.028980 1.0000 0.9294 0.1922
v -0.008089 -0.014036 0.025767 1.0000 0.9294 0.1922
v -0.017827 -0.012140 0.021474 1.0000 0.9294 0.1922
v 0.014321 -0.002768 0.026713 1.0000 0.9294 0.1922
v 0.013176 -0.013289 0.024003 1.0000 0.9294 0.1922
v 0.002726 -0.014356 0.026699 1.0000 0.9294 0.1922
v 0.012096 0.017865 0.021468 1.0000 0.9294 0.1922
v 0.013932 0.008206 0.025786 1.0000 0.9294 0.1922
v 0.002893 0.008862 0.028973 1.0000 0.9294 0.1922
v 0.028980 -0.002933 0.008827 1.0000 0.9294 0.1922
v 0.025767 -0.014036 0.008089 1.0000 0.9294 0.1922
v 0.021474 -0.012140 0.017827 1.0000 0.9294 0.1922
v 0.026713 -0.002768 -0.014321 1.0000 0.9294 0.1922
v 0.024003 -0.013289 -0.013176 1.0000 0.9294 0.1922
v 0.026699 -0.014356 -0.002726 1.0000 0.9294 0.1922
v 0.021468 0.017865 -0.012096 1.0000 0.9294 0.1922
v 0.025786 0.008206 -0.013932 1.0000 0.9294 0.1922
v 0.028973 0.008862 -0.002893 1.0000 0.9294 0.1922
v 0.008827 -0.002933 -0.028980 1.0000 0.9294 0.1922
v 0.008089 -0.014036 -0.025766 1.0000 0.9294 0.1922
v 0.017827 -0.012140 -0.021474 1.0000 0.9294 0.1922
v -0.014321 -0.002768 -0.026713 1.0000 0.9294 0.1922
v -0.013176 -0.013289 -0.024003 1.0000 0.9294 0.1922
v -0.002726 -0.014356 -0.026699 1.0000 0.9294 0.1922
v -0.012096 0.017865 -0.021468 1.0000 0.9294 0.1922
v -0.013932 0.008206 -0.025786 1.0000 0.9294 0.1922
v -0.002893 0.008862 -0.028973 1.0000 0.9294 0.1922
v -0.028980 -0.002933 -0.008827 1.0000 0.9294 0.1922
v -0.025767 -0.014036 -0.008089 1.0000 0.9294 0.1922
v -0.021474 -0.012140 -0.017827 1.0000 0.9294 0.1922
v -0.026713 -0.002768 0.014321 1.0000 0.9294 0.1922
v -0.024003 -0.013289 0.013176 1.0000 0.9294 0.1922
v -0.026699 -0.014356 0.002726 1.0000 0.9294 0.1922
v -0.021468 0.017865 0.012096 1.0000 0.9294 0.1922
v -0.025786 0.008206 0.013932 1.0000 0.9294 0.1922
v -0.028973 0.008862 0.002893 1.0000 0.9294 0.1922
v -0.023428 0.019268 0.002490 1.0000 0.9294 0.1922
v -0.030141 -0.002994 0.002981 1.0000 0.9294 0.1922
v -0.023437 -0.002506 -0.019256 1.0000 0.9294 0.1922
v -0.002490 0.019269 -0.023428 1.0000 0.9294 0.1922
v -0.002981 -0.002994 -0.030141 1.0000 0.9294 0.1922
v 0.019256 -0.002506 -0.023437 1.0000 0.9294 0.1922
v 0.023428 0.019268 -0.002490 1.0000 0.9294 0.1922
v 0.030141 -0.002994 -0.002981 1.0000 0.9294 0.1922
v 0.023437 -0.002506 0.019256 1.0000 0.9294 0.1922
v 0.002490 0.019269 0.023428 1.0000 0.9294 0.1922
v 0.002981 -0.002994 0.030141 1.0000 0.9294 0.1922
v -0.019256 -0.002506 0.023437 1.0000 0.9294 0.1922
v 0.019268 -0.023428 -0.002490 1.0000 0.9294 0.1922
v -0.002994 -0.030141 -0.002981 1.0000 0.9294 0.1922
v -0.002506 -0.023437 0.019256 1.0000 0.9294 0.1922
v -0.019268 0.023428 -0.002490 1.0000 0.9294 0.1922
v 0.002994 0.030141 -0.002981 1.0000 0.9294 0.1922
v 0.002506 0.023437 0.019256 1.0000 0.9294 0.1922
v -0.016471 0.019605 0.016454 1.0000 0.9294 0.1922
v 0.016471 -0.019605 0.016454 1.0000 0.9294 0.1922
v -0.016454 0.016471 0.019605 1.0000 0.9294 0.1922
v 0.019605 0.016471 0.016454 1.0000 0.9294 0.1922
v 0.016454 0.016471 -0.019605 1.0000 0.9294 0.1922
v -0.019605 0.016471 -0.016454 1.0000 0.9294 0.1922
vn 0.0963 0.1870 -0.9776
vn 0.2854 0.1870 -0.9400
vn 0.4631 0.1870 -0.8664
vn 0.6232 0.1870 -0.7594
vn 0.7594 0.1870 -0.6232
vn 0.8664 0.1870 -0.4631
vn 0.9400 0.1870 -0.2854
vn 0.9776 0.1870 -0.0963
vn 0.9776 0.1870 0.0963
vn 0.9400 0.1870 0.2854
vn 0.8664 0.1870 0.4631
vn 0.7594 0.1870 0.6232
vn 0.6232 0.1870 0.7594
vn 0.4631 0.1870 0.8664
vn 0.2851 0.1870 0.9401
vn 0.0963 0.1870 0.9776
vn -0.0963 0.1870 0.9776
vn -0.2854 0.1870 0.9400
vn -0.4631 0.1870 0.8664
vn -0.6232 0.1870 0.7594
vn -0.7594 0.1870 0.6232
vn -0.8664 0.1870 0.4631
vn -0.9400 0.1870 0.2854
vn -0.9776 0.1870 0.0963
vn -0.9776 0.1870 -0.0963
vn -0.9400 0.1870 -0.2854
vn -0.8664 0.1870 -0.4631
vn -0.7594 0.1870 -0.6232
vn -0.6232 0.1870 -0.7594
vn -0.4631 0.1870 -0.8664
vn -0.9952 -0.0000 0.0980
vn -0.2851 0.1870 -0.9401
vn -0.0963 0.1870 -0.9776
vn -0.0000 -1.0000 -0.0000
vn 0.8820 -0.0000 0.4713
vn -0.9952 -0.0000 -0.0980
vn 0.7732 -0.0000 0.6342
vn -0.9569 -0.0000 -0.2904
vn 0.6342 -0.0000 0.7732
vn -0.8820 -0.0000 -0.4713
vn 0.4713 -0.0000 0.8820
vn 0.0980 -0.0000 -0.9952
vn -0.7732 -0.0000 -0.6342
vn 0.2904 -0.0000 0.9569
vn 0.2904 -0.0000 -0.9569
vn -0.6342 -0.0000 -0.7732
vn 0.0980 -0.0000 0.9952
vn 0.4713 -0.0000 -0.8820
vn -0.4713 -0.0000 -0.8820
vn -0.0980 -0.0000 0.9952
vn 0.6342 -0.0000 -0.7732
vn -0.2904 -0.0000 -0.9569
vn -0.2904 -0.0000 0.9569
vn 0.7732 -0.0000 -0.6342
vn -0.0980 -0.0000 -0.9952
vn -0.4713 -0.0000 0.8820
vn 0.8820 -0.0000 -0.4713
vn -0.6342 -0.0000 0.7732
vn 0.9569 -0.0000 -0.2904
vn -0.7732 -0.0000 0.6342
vn 0.9952 -0.0000 -0.0980
vn -0.8820 -0.0000 0.4713
vn 0.9952 -0.0000 0.0980
vn -0.9569 -0.0000 0.2904
vn 0.9569 -0.0000 0.2904
vn 0.1870 -0.0963 -0.9776
vn 0.1870 -0.2854 -0.9400
vn 0.1870 -0.4631 -0.8664
vn 0.1870 -0.6232 -0.7594
vn 0.1870 -0.7594 -0.6232
vn 0.1870 -0.8664 -0.4630
vn 0.1870 -0.9401 -0.2852
vn 0.1870 -0.9776 -0.0963
vn 0.1870 -0.9776 0.0963
vn 0.1870 -0.9400 0.2852
vn 0.1870 -0.8664 0.4630
vn 0.1870 -0.7594 0.6232
vn 0.1870 -0.6232 0.7594
vn 0.1870 -0.4631 0.8664
vn 0.1870 -0.2854 0.9400
vn 0.1870 -0.0963 0.9776
vn 0.1870 0.0963 0.9776
vn 0.1870 0.2851 0.9401
vn 0.1870 0.4631 0.8664
vn 0.1870 0.6232 0.7594
vn 0.1870 0.7594 0.6232
vn 0.1870 0.8664 0.4631
vn 0.1870 0.9401 0.2851
vn 0.1870 0.9776 0.0963
vn 0.1870 0.9776 -0.0963
vn 0.1870 0.9400 -0.2854
vn 0.1870 0.8664 -0.4631
vn 0.1870 0.7594 -0.6232
vn 0.1870 0.6232 -0.7594
vn 0.1870 0.4631 -0.8664
vn -0.0000 0.9952 0.0980
vn 0.1870 0.2851 -0.9401
vn 0.1870 0.0963 -0.9776
vn -1.0000 -0.0000 -0.0000
vn -0.0000 -0.8820 0.4713
vn -0.0000 0.9952 -0.0980
vn -0.0000 -0.7731 0.6343
vn -0.0000 0.9570 -0.2902
vn -0.0000 -0.6345 0.7729
vn -0.0000 0.8819 -0.4714
vn -0.0000 -0.4713 0.8820
vn -0.0000 -0.0980 -0.9952
vn -0.0000 0.7732 -0.6342
vn -0.0000 -0.2904 0.9569
vn -0.0000 -0.2904 -0.9569
vn -0.0000 0.6342 -0.7732
vn -0.0000 -0.0980 0.9952
vn -0.0000 -0.4713 -0.8820
vn -0.0000 0.4713 -0.8820
vn -0.0000 0.0980 0.9952
vn -0.0000 -0.6345 -0.7729
vn -0.0000 0.2904 -0.9569
vn -0.0000 0.2904 0.9569
vn -0.0000 -0.7731 -0.6343
vn -0.0000 0.0980 -0.9952
vn -0.0000 0.4713 0.8820
vn -0.0000 -0.8820 -0.4713
vn -0.0000 0.6342 0.7732
vn -0.0000 -0.9569 -0.2904
vn -0.0000 0.7732 0.6342
vn -0.0000 -0.9952 -0.0980
vn -0.0000 0.8819 0.4714
vn -0.0000 -0.9952 0.0980
vn -0.0000 0.9570 0.2902
vn -0.0000 -0.9569 0.2904
vn 0.0963 -0.9776 0.1870
vn 0.2852 -0.9401 0.1870
vn 0.4630 -0.8664 0.1870
vn 0.6232 -0.7594 0.1870
vn 0.7594 -0.6232 0.1870
vn 0.8664 -0.4631 0.1870
vn 0.9403 -0.2844 0.1869
vn 0.9776 -0.0963 0.1870
vn 0.9776 0.0963 0.1870
vn 0.9401 0.2851 0.1870
vn 0.8664 0.4631 0.1870
vn 0.7594 0.6232 0.1870
vn 0.6232 0.7594 0.1870
vn 0.4631 0.8664 0.1870
vn 0.2846 0.9402 0.1869
vn 0.0963 0.9776 0.1870
vn -0.0963 0.9776 0.1870
vn -0.2846 0.9402 0.1869
vn -0.4631 0.8664 0.1870
vn -0.6232 0.7594 0.1870
vn -0.7594 0.6232 0.1870
vn -0.8664 0.4631 0.1870
vn -0.9401 0.2851 0.1870
vn -0.9776 0.0963 0.1870
vn -0.9776 -0.0963 0.1870
vn -0.9403 -0.2845 0.1869
vn -0.8664 -0.4631 0.1870
vn -0.7594 -0.6232 0.1870
vn -0.6232 -0.7594 0.1870
vn -0.4630 -0.8664 0.1870
vn -0.9952 0.0980 -0.0000
vn -0.2852 -0.9401 0.1870
vn -0.0963 -0.9776 0.1870
vn -0.0000 -0.0000 -1.0000
vn 0.8820 0.4713 -0.0000
vn -0.9952 -0.0980 -0.0000
vn 0.7732 0.6342 -0.0000
vn -0.9569 -0.2904 -0.0000
vn 0.6342 0.7732 -0.0000
vn -0.8820 -0.4713 -0.0000
vn 0.4714 0.8819 -0.0000
vn 0.0980 -0.9952 -0.0000
vn -0.7731 -0.6343 -0.0000
vn 0.2902 0.9570 -0.0000
vn 0.2904 -0.9569 -0.0000
vn -0.6343 -0.7731 -0.0000
vn 0.0980 0.9952 -0.0000
vn 0.4713 -0.8820 -0.0000
vn -0.4713 -0.8820 -0.0000
vn -0.0980 0.9952 -0.0000
vn 0.6343 -0.7731 -0.0000
vn -0.2904 -0.9569 -0.0000
vn -0.2902 0.9570 -0.0000
vn 0.7731 -0.6343 -0.0000
vn -0.0980 -0.9952 -0.0000
vn -0.4714 0.8819 -0.0000
vn 0.8820 -0.4713 -0.0000
vn -0.6342 0.7732 -0.0000
vn 0.9569 -0.2904 -0.0000
vn -0.7732 0.6342 -0.0000
vn 0.9952 -0.0980 -0.0000
vn -0.8820 0.4713 -0.0000
vn 0.9952 0.0980 -0.0000
vn -0.9569 0.2904 -0.0000
vn 0.9569 0.2904 -0.0000
vn -0.6457 0.5402 -0.5397
vn -0.6051 0.6051 -0.5174
vn -0.5774 0.5774 -0.5774
vn -0.6051 0.5174 -0.6051
vn 0.5396 0.5400 -0.6459
vn 0.5174 0.6052 -0.6050
vn 0.5774 0.5774 -0.5774
vn 0.6051 0.5174 -0.6051
vn 0.6457 0.5402 0.5397
vn 0.6051 0.6051 0.5174
vn 0.5774 0.5774 0.5774
vn 0.6051 0.5174 0.6051
vn -0.5396 0.5400 0.6459
vn -0.5174 0.6052 0.6050
vn -0.5774 0.5774 0.5774
vn -0.6051 0.5174 0.6051
vn 0.5402 -0.6457 0.5397
vn 0.6051 -0.6051 0.5174
vn 0.5774 -0.5774 0.5774
vn 0.5174 -0.6052 0.6050
vn -0.5402 0.6457 0.5397
vn -0.6051 0.6051 0.5174
vn 0.0820 0.7707 0.6318
vn -0.0000 0.7736 0.6336
vn -0.0000 0.7072 0.7070
vn 0.0777 0.7051 0.7048
vn 0.0982 0.9903 -0.0979
vn -0.0000 0.9952 -0.0981
vn -0.0000 1.0000 -0.0000
vn -0.6324 0.7704 -0.0813
vn -0.7050 0.7050 -0.0776
vn -0.7071 0.7071 -0.0000
vn -0.6338 0.7735 -0.0000
vn -0.0820 -0.7707 0.6318
vn -0.0000 -0.7736 0.6336
vn -0.0000 -0.7072 0.7070
vn -0.0777 -0.7051 0.7048
vn -0.0982 -0.9903 -0.0979
vn -0.0000 -0.9952 -0.0981
vn 0.6324 -0.7704 -0.0813
vn 0.7050 -0.7050 -0.0776
vn 0.7071 -0.7071 -0.0000
vn 0.6338 -0.7735 -0.0000
vn -0.6318 -0.0820 0.7707
vn -0.6336 -0.0000 0.7736
vn -0.7071 -0.0000 0.7071
vn -0.7050 -0.0779 0.7050
vn 0.0979 -0.0982 0.9903
vn 0.0981 -0.0000 0.9952
vn -0.0000 -0.0000 1.0000
vn 0.0813 0.6324 0.7704
vn -0.0000 0.6338 0.7735
vn 0.7707 -0.0820 0.6318
vn 0.7736 -0.0000 0.6336
vn 0.7071 -0.0000 0.7071
vn 0.7050 -0.0779 0.7050
vn 0.9903 -0.0982 -0.0979
vn 0.9952 -0.0000 -0.0981
vn 1.0000 -0.0000 -0.0000
vn 0.7704 0.6324 -0.0813
vn 0.7050 0.7050 -0.0776
vn 0.7071 0.7071 -0.0000
vn 0.7735 0.6338 -0.0000
vn 0.6318 -0.0820 -0.7707
vn 0.6336 -0.0000 -0.7736
vn 0.7071 -0.0000 -0.7071
vn 0.7050 -0.0779 -0.7050
vn -0.0979 -0.0982 -0.9903
vn -0.0981 -0.0000 -0.9952
vn -0.0813 0.6324 -0.7704
vn -0.0778 0.7051 -0.7049
vn -0.0000 0.7072 -0.7070
vn -0.0000 0.6338 -0.7735
vn -0.7707 -0.0820 -0.6318
vn -0.7736 -0.0000 -0.6336
vn -0.7071 -0.0000 -0.7071
vn -0.7050 -0.0779 -0.7050
vn -0.9903 -0.0982 0.0979
vn -0.9952 -0.0000 0.0981
vn -0.7704 0.6324 0.0813
vn -0.7050 0.7050 0.0776
vn -0.7735 0.6338 -0.0000
vn -0.9521 0.2907 0.0949
vn -0.9192 0.3829 0.0922
vn -0.9240 0.3824 -0.0000
vn -0.9570 0.2902 -0.0000
vn -0.8478 0.2691 0.4570
vn -0.8221 0.3545 0.4454
vn -0.8576 0.3663 0.3610
vn -0.8861 0.2782 0.3708
vn -0.7066 0.5862 0.3965
vn -0.6543 0.6543 0.3792
vn -0.6731 0.6731 0.3066
vn -0.7301 0.6035 0.3207
vn -0.8776 -0.4710 0.0893
vn -0.9192 -0.3829 0.0922
vn -0.9240 -0.3824 -0.0000
vn -0.8821 -0.4710 -0.0000
vn -0.7895 -0.4357 0.4322
vn -0.8221 -0.3545 0.4454
vn -0.8576 -0.3663 0.3610
vn -0.8217 -0.4497 0.3502
vn -0.8781 -0.0907 0.4698
vn -0.8822 -0.0000 0.4708
vn -0.9241 -0.0000 0.3823
vn -0.9195 -0.0938 0.3816
vn -0.7068 -0.3978 -0.5850
vn -0.7305 -0.3223 -0.6021
vn -0.6730 -0.3070 -0.6730
vn -0.6542 -0.3797 -0.6542
vn -0.8472 -0.4604 -0.2651
vn -0.8858 -0.3749 -0.2735
vn -0.8576 -0.3663 -0.3610
vn -0.8217 -0.4497 -0.3502
vn -0.9523 -0.0962 -0.2896
vn -0.9570 -0.0000 -0.2900
vn -0.9241 -0.0000 -0.3823
vn -0.9195 -0.0938 -0.3816
vn -0.0949 0.2907 -0.9521
vn -0.0922 0.3829 -0.9192
vn -0.0000 0.3824 -0.9240
vn -0.0000 0.2902 -0.9570
vn -0.4570 0.2691 -0.8478
vn -0.4454 0.3545 -0.8221
vn -0.3609 0.3663 -0.8576
vn -0.3708 0.2782 -0.8861
vn -0.3964 0.5862 -0.7066
vn -0.3794 0.6544 -0.6540
vn -0.3068 0.6732 -0.6728
vn -0.3207 0.6035 -0.7301
vn -0.0893 -0.4710 -0.8776
vn -0.0922 -0.3829 -0.9192
vn -0.0000 -0.3824 -0.9240
vn -0.0000 -0.4710 -0.8821
vn -0.4322 -0.4357 -0.7895
vn -0.4454 -0.3545 -0.8221
vn -0.3609 -0.3663 -0.8576
vn -0.3501 -0.4497 -0.8217
vn -0.4698 -0.0907 -0.8781
vn -0.4708 -0.0000 -0.8822
vn -0.3823 -0.0000 -0.9241
vn -0.3816 -0.0938 -0.9195
vn 0.5850 -0.3978 -0.7068
vn 0.6021 -0.3223 -0.7305
vn 0.6730 -0.3070 -0.6730
vn 0.6542 -0.3797 -0.6542
vn 0.2651 -0.4604 -0.8472
vn 0.2735 -0.3750 -0.8858
vn 0.3609 -0.3663 -0.8576
vn 0.3501 -0.4497 -0.8217
vn 0.2896 -0.0962 -0.9523
vn 0.2900 -0.0000 -0.9570
vn 0.3823 -0.0000 -0.9241
vn 0.3816 -0.0938 -0.9195
vn 0.9521 0.2907 -0.0949
vn 0.9192 0.3829 -0.0922
vn 0.9240 0.3824 -0.0000
vn 0.9570 0.2902 -0.0000
vn 0.8478 0.2691 -0.4570
vn 0.8221 0.3545 -0.4454
vn 0.8576 0.3663 -0.3610
vn 0.8861 0.2782 -0.3708
vn 0.7066 0.5862 -0.3965
vn 0.6542 0.6541 -0.3797
vn 0.6731 0.6731 -0.3066
vn 0.7301 0.6035 -0.3207
vn 0.8776 -0.4710 -0.0893
vn 0.9192 -0.3829 -0.0922
vn 0.9240 -0.3824 -0.0000
vn 0.8821 -0.4710 -0.0000
vn 0.7895 -0.4357 -0.4322
vn 0.8221 -0.3545 -0.4454
vn 0.8576 -0.3663 -0.3610
vn 0.8217 -0.4497 -0.3502
vn 0.8781 -0.0907 -0.4698
vn 0.8822 -0.0000 -0.4708
vn 0.9241 -0.0000 -0.3823
vn 0.9195 -0.0938 -0.3816
vn 0.7068 -0.3978 0.5850
vn 0.7305 -0.3223 0.6021
vn 0.6730 -0.3070 0.6730
vn 0.6542 -0.3797 0.6542
vn 0.8472 -0.4604 0.2651
vn 0.8858 -0.3749 0.2735
vn 0.8576 -0.3663 0.3610
vn 0.8217 -0.4497 0.3502
vn 0.9523 -0.0962 0.2896
vn 0.9570 -0.0000 0.2900
vn 0.9241 -0.0000 0.3823
vn 0.9195 -0.0938 0.3816
vn 0.0949 0.2907 0.9521
vn 0.0922 0.3829 0.9192
vn -0.0000 0.3824 0.9240
vn -0.0000 0.2902 0.9570
vn 0.4570 0.2691 0.8478
vn 0.4454 0.3545 0.8221
vn 0.3610 0.3663 0.8576
vn 0.3708 0.2782 0.8861
vn 0.3964 0.5862 0.7066
vn 0.3794 0.6544 0.6540
vn 0.3068 0.6732 0.6728
vn 0.3207 0.6035 0.7301
vn 0.0893 -0.4710 0.8776
vn 0.0922 -0.3829 0.9192
vn -0.0000 -0.3824 0.9240
vn -0.0000 -0.4710 0.8821
vn 0.4322 -0.4357 0.7895
vn 0.4454 -0.3545 0.8221
vn 0.3610 -0.3663 0.8576
vn 0.3502 -0.4497 0.8217
vn 0.4698 -0.0907 0.8781
vn 0.4708 -0.0000 0.8822
vn 0.3823 -0.0000 0.9241
vn 0.3816 -0.0938 0.9195
vn -0.5850 -0.3978 0.7068
vn -0.6021 -0.3223 0.7305
vn -0.6730 -0.3070 0.6730
vn -0.6542 -0.3797 0.6542
vn -0.2651 -0.4604 0.8472
vn -0.2735 -0.3749 0.8858
vn -0.3610 -0.3663 0.8576
vn -0.3502 -0.4497 0.8217
vn -0.2896 -0.0962 0.9523
vn -0.2900 -0.0000 0.9570
vn -0.3823 -0.0000 0.9241
vn -0.3816 -0.0938 0.9195
vn 0.2907 -0.9521 -0.0949
vn 0.3829 -0.9192 -0.0922
vn 0.3824 -0.9240 -0.0000
vn 0.2902 -0.9570 -0.0000
vn 0.2691 -0.8478 -0.4570
vn 0.3546 -0.8221 -0.4454
vn 0.3663 -0.8576 -0.3610
vn 0.2782 -0.8861 -0.3708
vn 0.5862 -0.7066 -0.3965
vn 0.6543 -0.6543 -0.3792
vn 0.6731 -0.6731 -0.3066
vn 0.6035 -0.7301 -0.3207
vn -0.4710 -0.8776 -0.0893
vn -0.3829 -0.9192 -0.0922
vn -0.3824 -0.9240 -0.0000
vn -0.4710 -0.8821 -0.0000
vn -0.4357 -0.7895 -0.4322
vn -0.3546 -0.8221 -0.4454
vn -0.3663 -0.8576 -0.3610
vn -0.4497 -0.8217 -0.3502
vn -0.0907 -0.8781 -0.4698
vn -0.0000 -0.8822 -0.4708
vn -0.0000 -0.9241 -0.3823
vn -0.0938 -0.9195 -0.3816
vn -0.3978 -0.7068 0.5850
vn -0.3223 -0.7305 0.6021
vn -0.3068 -0.6732 0.6728
vn -0.3794 -0.6544 0.6540
vn -0.4604 -0.8472 0.2651
vn -0.3749 -0.8858 0.2735
vn -0.3663 -0.8576 0.3610
vn -0.4497 -0.8217 0.3502
vn -0.0962 -0.9523 0.2896
vn -0.0000 -0.9570 0.2900
vn -0.0000 -0.9241 0.3823
vn -0.0938 -0.9195 0.3816
vn -0.2907 0.9521 -0.0949
vn -0.3829 0.9192 -0.0922
vn -0.3824 0.9240 -0.0000
vn -0.2691 0.8478 -0.4570
vn -0.3546 0.8221 -0.4454
vn -0.3663 0.8576 -0.3610
vn -0.2782 0.8861 -0.3708
vn -0.5862 0.7066 -0.3965
vn -0.6543 0.6543 -0.3792
vn -0.6731 0.6731 -0.3066
vn -0.6035 0.7301 -0.3207
vn 0.4710 0.8776 -0.0893
vn 0.3829 0.9192 -0.0922
vn 0.3824 0.9240 -0.0000
vn 0.4710 0.8821 -0.0000
vn 0.4357 0.7895 -0.4322
vn 0.3546 0.8221 -0.4454
vn 0.3663 0.8576 -0.3610
vn 0.4497 0.8217 -0.3502
vn 0.0907 0.8781 -0.4698
vn -0.0000 0.8822 -0.4708
vn -0.0000 0.9241 -0.3823
vn 0.0938 0.9195 -0.3816
vn 0.3978 0.7068 0.5850
vn 0.3223 0.7305 0.6021
vn 0.4604 0.8472 0.2651
vn 0.3749 0.8858 0.2735
vn 0.3663 0.8576 0.3610
vn 0.4497 0.8217 0.3502
vn 0.0962 0.9523 0.2896
vn -0.0000 0.9570 0.2900
vn -0.0000 0.9241 0.3823
vn 0.0938 0.9195 0.3816
vn -0.2440 0.7490 0.6160
vn -0.3223 0.7305 0.6021
vn -0.3068 0.6732 0.6728
vn -0.2319 0.6881 0.6876
vn -0.2848 0.9164 0.2813
vn -0.3749 0.8858 0.2735
vn -0.3663 0.8576 0.3610
vn -0.2782 0.8861 0.3708
vn -0.6171 0.7486 0.2425
vn -0.6879 0.6879 0.2317
vn -0.6035 0.7301 0.3207
vn 0.2440 -0.7490 0.6160
vn 0.3223 -0.7305 0.6021
vn 0.3068 -0.6732 0.6728
vn 0.2319 -0.6881 0.6876
vn 0.2848 -0.9164 0.2813
vn 0.3749 -0.8858 0.2735
vn 0.3663 -0.8576 0.3610
vn 0.2782 -0.8861 0.3708
vn 0.6171 -0.7486 0.2425
vn 0.6879 -0.6879 0.2317
vn 0.6731 -0.6731 0.3066
vn 0.6035 -0.7301 0.3207
vn -0.6160 0.2440 0.7490
vn -0.6021 0.3223 0.7305
vn -0.6730 0.3070 0.6730
vn -0.6878 0.2321 0.6878
vn -0.2813 0.2848 0.9164
vn -0.2735 0.3749 0.8858
vn -0.3610 0.3663 0.8576
vn -0.3708 0.2782 0.8861
vn -0.2426 0.6171 0.7486
vn -0.3207 0.6035 0.7301
vn 0.7490 0.2440 0.6160
vn 0.7305 0.3223 0.6021
vn 0.6730 0.3070 0.6730
vn 0.6878 0.2321 0.6878
vn 0.9164 0.2848 0.2813
vn 0.8858 0.3749 0.2735
vn 0.8576 0.3663 0.3610
vn 0.8861 0.2782 0.3708
vn 0.7486 0.6171 0.2425
vn 0.6879 0.6879 0.2317
vn 0.6731 0.6731 0.3066
vn 0.7301 0.6035 0.3207
vn 0.6160 0.2440 -0.7490
vn 0.6021 0.3223 -0.7305
vn 0.6730 0.3070 -0.6730
vn 0.6878 0.2321 -0.6878
vn 0.2813 0.2848 -0.9164
vn 0.2735 0.3750 -0.8858
vn 0.3609 0.3663 -0.8576
vn 0.3708 0.2782 -0.8861
vn 0.2425 0.6171 -0.7486
vn 0.2319 0.6880 -0.6876
vn 0.3068 0.6732 -0.6728
vn 0.3207 0.6035 -0.7301
vn -0.7490 0.2440 -0.6160
vn -0.7305 0.3223 -0.6021
vn -0.6730 0.3070 -0.6730
vn -0.6878 0.2321 -0.6878
vn -0.9164 0.2848 -0.2813
vn -0.8858 0.3749 -0.2735
vn -0.8576 0.3663 -0.3610
vn -0.8861 0.2782 -0.3708
vn -0.7486 0.6171 -0.2425
vn -0.6879 0.6879 -0.2317
vn -0.7301 0.6035 -0.3207
vn -0.8472 0.4604 -0.2651
vn -0.8013 0.5413 -0.2548
vn -0.7791 0.5288 -0.3368
vn -0.8217 0.4497 -0.3502
vn -0.8776 0.4710 -0.0893
vn -0.8278 0.5544 -0.0856
vn -0.8176 0.5498 -0.1709
vn -0.8659 0.4675 -0.1779
vn -0.7704 0.6324 -0.0813
vn -0.6985 0.6985 -0.1551
vn -0.7621 0.6268 -0.1624
vn -0.9523 0.0962 -0.2896
vn -0.9387 0.1914 -0.2867
vn -0.9068 0.1868 -0.3778
vn -0.9195 0.0938 -0.3816
vn -0.9903 0.0982 -0.0979
vn -0.9759 0.1954 -0.0968
vn -0.9618 0.1943 -0.1927
vn -0.9760 0.0976 -0.1947
vn -0.9521 0.2907 -0.0949
vn -0.9192 0.3829 -0.0922
vn -0.9064 0.3805 -0.1836
vn -0.9385 0.2890 -0.1890
vn -0.7707 0.0820 -0.6318
vn -0.7626 0.1636 -0.6259
vn -0.6985 0.1556 -0.6985
vn -0.7050 0.0779 -0.7050
vn -0.8781 0.0907 -0.4698
vn -0.8666 0.1806 -0.4652
vn -0.8184 0.1729 -0.5480
vn -0.8284 0.0867 -0.5535
vn -0.8478 0.2691 -0.4570
vn -0.8221 0.3545 -0.4454
vn -0.7796 0.3398 -0.5260
vn -0.8020 0.2576 -0.5389
vn 0.2651 0.4604 -0.8472
vn 0.2548 0.5412 -0.8013
vn 0.3367 0.5288 -0.7791
vn 0.3501 0.4497 -0.8217
vn 0.0893 0.4710 -0.8776
vn 0.0857 0.5544 -0.8279
vn 0.1710 0.5498 -0.8176
vn 0.1780 0.4675 -0.8659
vn 0.0813 0.6324 -0.7704
vn 0.0778 0.7051 -0.7049
vn 0.1554 0.6987 -0.6983
vn 0.1625 0.6268 -0.7621
vn 0.2896 0.0962 -0.9523
vn 0.2867 0.1914 -0.9387
vn 0.3778 0.1868 -0.9068
vn 0.3816 0.0938 -0.9195
vn 0.0979 0.0982 -0.9903
vn 0.0968 0.1954 -0.9759
vn 0.1927 0.1943 -0.9618
vn 0.1947 0.0976 -0.9760
vn 0.0949 0.2907 -0.9521
vn 0.0922 0.3829 -0.9192
vn 0.1837 0.3805 -0.9064
vn 0.1890 0.2890 -0.9385
vn 0.6318 0.0820 -0.7707
vn 0.6259 0.1636 -0.7626
vn 0.6985 0.1556 -0.6985
vn 0.7050 0.0779 -0.7050
vn 0.4698 0.0907 -0.8781
vn 0.4652 0.1806 -0.8666
vn 0.5480 0.1729 -0.8184
vn 0.5535 0.0867 -0.8284
vn 0.4570 0.2691 -0.8478
vn 0.4454 0.3545 -0.8221
vn 0.5260 0.3398 -0.7796
vn 0.5389 0.2576 -0.8020
vn 0.8472 0.4604 0.2651
vn 0.8013 0.5413 0.2548
vn 0.7791 0.5288 0.3368
vn 0.8217 0.4497 0.3502
vn 0.8776 0.4710 0.0893
vn 0.8278 0.5544 0.0856
vn 0.8176 0.5498 0.1709
vn 0.8659 0.4675 0.1779
vn 0.7704 0.6324 0.0813
vn 0.7050 0.7050 0.0776
vn 0.6985 0.6985 0.1551
vn 0.7621 0.6268 0.1624
vn 0.9523 0.0962 0.2896
vn 0.9387 0.1914 0.2867
vn 0.9068 0.1868 0.3778
vn 0.9195 0.0938 0.3816
vn 0.9903 0.0982 0.0979
vn 0.9759 0.1954 0.0968
vn 0.9618 0.1943 0.1927
vn 0.9760 0.0976 0.1947
vn 0.9521 0.2907 0.0949
vn 0.9192 0.3829 0.0922
vn 0.9064 0.3805 0.1836
vn 0.9385 0.2890 0.1890
vn 0.7707 0.0820 0.6318
vn 0.7626 0.1636 0.6259
vn 0.6985 0.1556 0.6985
vn 0.7050 0.0779 0.7050
vn 0.8781 0.0907 0.4698
vn 0.8666 0.1806 0.4652
vn 0.8184 0.1729 0.5480
vn 0.8284 0.0867 0.5535
vn 0.8478 0.2691 0.4570
vn 0.8221 0.3545 0.4454
vn 0.7796 0.3398 0.5260
vn 0.8020 0.2576 0.5389
vn -0.2651 0.4604 0.8472
vn -0.2548 0.5413 0.8013
vn -0.3368 0.5288 0.7791
vn -0.3502 0.4497 0.8217
vn -0.0893 0.4710 0.8776
vn -0.0856 0.5543 0.8279
vn -0.1709 0.5497 0.8177
vn -0.1779 0.4675 0.8659
vn -0.0813 0.6324 0.7704
vn -0.0777 0.7051 0.7048
vn -0.1554 0.6987 0.6983
vn -0.1625 0.6268 0.7621
vn -0.2896 0.0962 0.9523
vn -0.2867 0.1914 0.9387
vn -0.3778 0.1868 0.9068
vn -0.3816 0.0938 0.9195
vn -0.0979 0.0982 0.9903
vn -0.0968 0.1954 0.9759
vn -0.1927 0.1943 0.9618
vn -0.1947 0.0976 0.9760
vn -0.0949 0.2907 0.9521
vn -0.0922 0.3829 0.9192
vn -0.1836 0.3805 0.9064
vn -0.1890 0.2890 0.9385
vn -0.6318 0.0820 0.7707
vn -0.6259 0.1636 0.7626
vn -0.6985 0.1556 0.6985
vn -0.7050 0.0779 0.7050
vn -0.4698 0.0907 0.8781
vn -0.4652 0.1806 0.8666
vn -0.5480 0.1729 0.8184
vn -0.5535 0.0867 0.8284
vn -0.4570 0.2691 0.8478
vn -0.4454 0.3545 0.8221
vn -0.5260 0.3398 0.7796
vn -0.5389 0.2576 0.8020
vn 0.4604 -0.8472 0.2651
vn 0.5413 -0.8013 0.2548
vn 0.5288 -0.7791 0.3368
vn 0.4497 -0.8217 0.3502
vn 0.4710 -0.8776 0.0893
vn 0.5544 -0.8278 0.0856
vn 0.5498 -0.8176 0.1709
vn 0.4675 -0.8659 0.1779
vn 0.6324 -0.7704 0.0813
vn 0.7050 -0.7050 0.0776
vn 0.6985 -0.6985 0.1551
vn 0.6268 -0.7621 0.1624
vn 0.0962 -0.9523 0.2896
vn 0.1914 -0.9387 0.2867
vn 0.1868 -0.9068 0.3778
vn 0.0938 -0.9195 0.3816
vn 0.0982 -0.9903 0.0979
vn 0.1954 -0.9759 0.0968
vn 0.1943 -0.9618 0.1927
vn 0.0976 -0.9760 0.1947
vn 0.2907 -0.9521 0.0949
vn 0.3829 -0.9192 0.0922
vn 0.3805 -0.9064 0.1836
vn 0.2890 -0.9385 0.1890
vn 0.0820 -0.7707 0.6318
vn 0.1636 -0.7626 0.6259
vn 0.1554 -0.6987 0.6983
vn 0.0777 -0.7051 0.7048
vn 0.0907 -0.8781 0.4698
vn 0.1806 -0.8666 0.4652
vn 0.1729 -0.8184 0.5480
vn 0.0867 -0.8284 0.5534
vn 0.2691 -0.8478 0.4570
vn 0.3546 -0.8221 0.4454
vn 0.3399 -0.7796 0.5260
vn 0.2576 -0.8020 0.5389
vn -0.4604 0.8472 0.2651
vn -0.5413 0.8013 0.2548
vn -0.5288 0.7791 0.3368
vn -0.4497 0.8217 0.3502
vn -0.4710 0.8776 0.0893
vn -0.5544 0.8278 0.0856
vn -0.5498 0.8176 0.1709
vn -0.4675 0.8659 0.1779
vn -0.6324 0.7704 0.0813
vn -0.6985 0.6985 0.1551
vn -0.6268 0.7621 0.1624
vn -0.0962 0.9523 0.2896
vn -0.1914 0.9387 0.2867
vn -0.1868 0.9068 0.3778
vn -0.0938 0.9195 0.3816
vn -0.0982 0.9903 0.0979
vn -0.1954 0.9759 0.0968
vn -0.1943 0.9618 0.1927
vn -0.0976 0.9760 0.1947
vn -0.2907 0.9521 0.0949
vn -0.3829 0.9192 0.0922
vn -0.3805 0.9064 0.1836
vn -0.2890 0.9385 0.1890
vn -0.0820 0.7707 0.6318
vn -0.1636 0.7626 0.6259
vn -0.0907 0.8781 0.4698
vn -0.1806 0.8666 0.4652
vn -0.1729 0.8184 0.5480
vn -0.0867 0.8284 0.5534
vn -0.2691 0.8478 0.4570
vn -0.3546 0.8221 0.4454
vn -0.3399 0.7796 0.5260
vn -0.2576 0.8020 0.5389
vn 0.2848 0.9164 0.2813
vn 0.1914 0.9387 0.2867
vn 0.1868 0.9068 0.3778
vn 0.2782 0.8861 0.3708
vn 0.2907 0.9521 0.0949
vn 0.1954 0.9759 0.0968
vn 0.1943 0.9618 0.1927
vn 0.2890 0.9385 0.1890
vn 0.0982 0.9903 0.0979
vn -0.0000 0.9952 0.0981
vn -0.0000 0.9808 0.1949
vn 0.0976 0.9760 0.1947
vn 0.6171 0.7486 0.2425
vn 0.5413 0.8013 0.2548
vn 0.5288 0.7791 0.3368
vn 0.6035 0.7301 0.3207
vn 0.6324 0.7704 0.0813
vn 0.5544 0.8278 0.0856
vn 0.5498 0.8176 0.1709
vn 0.6268 0.7621 0.1624
vn 0.4710 0.8776 0.0893
vn 0.3829 0.9192 0.0922
vn 0.3805 0.9064 0.1836
vn 0.4675 0.8659 0.1779
vn 0.5402 0.6457 0.5397
vn 0.4706 0.6785 0.5641
vn 0.4499 0.6317 0.6313
vn 0.5174 0.6052 0.6050
vn 0.5862 0.7066 0.3965
vn 0.5130 0.7509 0.4159
vn 0.4936 0.7174 0.4917
vn 0.5650 0.6784 0.4697
vn 0.4357 0.7895 0.4322
vn 0.3546 0.8221 0.4454
vn 0.3399 0.7796 0.5260
vn 0.4184 0.7511 0.5106
vn 0.2691 0.8478 -0.4570
vn 0.1806 0.8666 -0.4652
vn 0.1868 0.9068 -0.3778
vn 0.2782 0.8861 -0.3708
vn 0.2440 0.7490 -0.6160
vn 0.1636 0.7626 -0.6259
vn 0.1729 0.8184 -0.5480
vn 0.2576 0.8020 -0.5389
vn 0.0820 0.7707 -0.6318
vn -0.0000 0.7736 -0.6336
vn -0.0000 0.8320 -0.5548
vn 0.0867 0.8284 -0.5534
vn 0.5862 0.7066 -0.3965
vn 0.5130 0.7509 -0.4159
vn 0.5288 0.7791 -0.3368
vn 0.6035 0.7301 -0.3207
vn 0.5402 0.6457 -0.5397
vn 0.4706 0.6785 -0.5641
vn 0.4936 0.7174 -0.4917
vn 0.5650 0.6784 -0.4697
vn 0.3978 0.7068 -0.5850
vn 0.3223 0.7305 -0.6021
vn 0.3399 0.7796 -0.5260
vn 0.4184 0.7511 -0.5106
vn 0.6324 0.7704 -0.0813
vn 0.5544 0.8278 -0.0856
vn 0.5551 0.8318 -0.0000
vn 0.6338 0.7735 -0.0000
vn 0.6171 0.7486 -0.2425
vn 0.5413 0.8013 -0.2548
vn 0.5498 0.8176 -0.1709
vn 0.6268 0.7621 -0.1624
vn 0.4604 0.8472 -0.2651
vn 0.3749 0.8858 -0.2735
vn 0.3805 0.9064 -0.1836
vn 0.4675 0.8659 -0.1779
vn -0.4357 0.7895 -0.4322
vn -0.5130 0.7509 -0.4159
vn -0.5288 0.7791 -0.3368
vn -0.4497 0.8217 -0.3502
vn -0.3978 0.7068 -0.5850
vn -0.4706 0.6785 -0.5641
vn -0.4936 0.7174 -0.4917
vn -0.4184 0.7511 -0.5106
vn -0.5402 0.6457 -0.5397
vn -0.6315 0.6315 -0.4498
vn -0.5650 0.6784 -0.4697
vn -0.0907 0.8781 -0.4698
vn -0.1806 0.8666 -0.4652
vn -0.1868 0.9068 -0.3778
vn -0.0938 0.9195 -0.3816
vn -0.0820 0.7707 -0.6318
vn -0.1636 0.7626 -0.6259
vn -0.1729 0.8184 -0.5480
vn -0.0867 0.8284 -0.5534
vn -0.2440 0.7490 -0.6160
vn -0.3223 0.7305 -0.6021
vn -0.3399 0.7796 -0.5260
vn -0.2576 0.8020 -0.5389
vn -0.0982 0.9903 -0.0979
vn -0.1954 0.9759 -0.0968
vn -0.1950 0.9808 -0.0000
vn -0.0962 0.9523 -0.2896
vn -0.1914 0.9387 -0.2867
vn -0.1943 0.9618 -0.1927
vn -0.0976 0.9760 -0.1947
vn -0.2848 0.9164 -0.2813
vn -0.3749 0.8858 -0.2735
vn -0.3805 0.9064 -0.1836
vn -0.2890 0.9385 -0.1890
vn -0.2848 -0.9164 0.2813
vn -0.1914 -0.9387 0.2867
vn -0.1868 -0.9068 0.3778
vn -0.2782 -0.8861 0.3708
vn -0.2907 -0.9521 0.0949
vn -0.1954 -0.9759 0.0968
vn -0.1943 -0.9618 0.1927
vn -0.2890 -0.9385 0.1890
vn -0.0982 -0.9903 0.0979
vn -0.0000 -0.9952 0.0981
vn -0.0000 -0.9808 0.1949
vn -0.0976 -0.9760 0.1947
vn -0.6171 -0.7486 0.2425
vn -0.5413 -0.8013 0.2548
vn -0.5288 -0.7791 0.3368
vn -0.6035 -0.7301 0.3207
vn -0.6324 -0.7704 0.0813
vn -0.5544 -0.8278 0.0856
vn -0.5498 -0.8176 0.1709
vn -0.6268 -0.7621 0.1624
vn -0.4710 -0.8776 0.0893
vn -0.3829 -0.9192 0.0922
vn -0.3805 -0.9064 0.1836
vn -0.4675 -0.8659 0.1779
vn -0.5402 -0.6457 0.5397
vn -0.4706 -0.6785 0.5641
vn -0.4499 -0.6317 0.6313
vn -0.5174 -0.6052 0.6050
vn -0.5862 -0.7066 0.3965
vn -0.5130 -0.7509 0.4159
vn -0.4936 -0.7174 0.4917
vn -0.5650 -0.6784 0.4697
vn -0.4357 -0.7895 0.4322
vn -0.3546 -0.8221 0.4454
vn -0.3399 -0.7796 0.5260
vn -0.4184 -0.7511 0.5106
vn -0.2691 -0.8478 -0.4570
vn -0.1806 -0.8666 -0.4652
vn -0.1868 -0.9068 -0.3778
vn -0.2782 -0.8861 -0.3708
vn -0.2440 -0.7490 -0.6160
vn -0.1636 -0.7626 -0.6259
vn -0.1729 -0.8184 -0.5480
vn -0.2576 -0.8020 -0.5389
vn -0.0820 -0.7707 -0.6318
vn -0.0000 -0.7736 -0.6336
vn -0.0000 -0.8320 -0.5548
vn -0.0867 -0.8284 -0.5534
vn -0.5862 -0.7066 -0.3965
vn -0.5130 -0.7509 -0.4159
vn -0.5288 -0.7791 -0.3368
vn -0.6035 -0.7301 -0.3207
vn -0.5402 -0.6457 -0.5397
vn -0.4706 -0.6785 -0.5641
vn -0.4936 -0.7174 -0.4917
vn -0.5650 -0.6784 -0.4697
vn -0.3978 -0.7068 -0.5850
vn -0.3223 -0.7305 -0.6021
vn -0.3399 -0.7796 -0.5260
vn -0.4184 -0.7511 -0.5106
vn -0.6324 -0.7704 -0.0813
vn -0.5544 -0.8278 -0.0856
vn -0.5551 -0.8318 -0.0000
vn -0.6338 -0.7735 -0.0000
vn -0.6171 -0.7486 -0.2425
vn -0.5413 -0.8013 -0.2548
vn -0.5498 -0.8176 -0.1709
vn -0.6268 -0.7621 -0.1624
vn -0.4604 -0.8472 -0.2651
vn -0.3749 -0.8858 -0.2735
vn -0.3805 -0.9064 -0.1836
vn -0.4675 -0.8659 -0.1779
vn 0.4357 -0.7895 -0.4322
vn 0.5130 -0.7509 -0.4159
vn 0.5288 -0.7791 -0.3368
vn 0.4497 -0.8217 -0.3502
vn 0.3978 -0.7068 -0.5850
vn 0.4706 -0.6785 -0.5641
vn 0.4936 -0.7174 -0.4917
vn 0.4184 -0.7511 -0.5106
vn 0.5402 -0.6457 -0.5397
vn 0.6051 -0.6051 -0.5174
vn 0.6315 -0.6315 -0.4498
vn 0.5650 -0.6784 -0.4697
vn 0.0907 -0.8781 -0.4698
vn 0.1806 -0.8666 -0.4652
vn 0.1868 -0.9068 -0.3778
vn 0.0938 -0.9195 -0.3816
vn 0.0820 -0.7707 -0.6318
vn 0.1636 -0.7626 -0.6259
vn 0.1729 -0.8184 -0.5480
vn 0.0867 -0.8284 -0.5534
vn 0.2440 -0.7490 -0.6160
vn 0.3223 -0.7305 -0.6021
vn 0.3399 -0.7796 -0.5260
vn 0.2576 -0.8020 -0.5389
vn 0.0982 -0.9903 -0.0979
vn 0.1954 -0.9759 -0.0968
vn 0.1950 -0.9808 -0.0000
vn 0.0962 -0.9523 -0.2896
vn 0.1914 -0.9387 -0.2867
vn 0.1943 -0.9618 -0.1927
vn 0.0976 -0.9760 -0.1947
vn 0.2848 -0.9164 -0.2813
vn 0.3749 -0.8858 -0.2735
vn 0.3805 -0.9064 -0.1836
vn 0.2890 -0.9385 -0.1890
vn -0.2813 -0.2848 0.9164
vn -0.2867 -0.1914 0.9387
vn -0.3778 -0.1868 0.9068
vn -0.3708 -0.2782 0.8861
vn -0.0949 -0.2907 0.9521
vn -0.0968 -0.1954 0.9759
vn -0.1927 -0.1943 0.9618
vn -0.1890 -0.2890 0.9385
vn -0.0979 -0.0982 0.9903
vn -0.0981 -0.0000 0.9952
vn -0.1949 -0.0000 0.9808
vn -0.1947 -0.0976 0.9760
vn -0.2426 -0.6171 0.7486
vn -0.2548 -0.5413 0.8013
vn -0.3368 -0.5288 0.7791
vn -0.3207 -0.6035 0.7301
vn -0.0813 -0.6324 0.7704
vn -0.0856 -0.5543 0.8279
vn -0.1709 -0.5497 0.8177
vn -0.1625 -0.6268 0.7621
vn -0.0893 -0.4710 0.8776
vn -0.0922 -0.3829 0.9192
vn -0.1836 -0.3805 0.9064
vn -0.1779 -0.4675 0.8659
vn -0.5396 -0.5400 0.6459
vn -0.5641 -0.4705 0.6785
vn -0.6315 -0.4500 0.6315
vn -0.6051 -0.5174 0.6051
vn -0.3964 -0.5862 0.7066
vn -0.4158 -0.5130 0.7509
vn -0.4917 -0.4935 0.7174
vn -0.4697 -0.5650 0.6784
vn -0.4322 -0.4357 0.7895
vn -0.4454 -0.3545 0.8221
vn -0.5260 -0.3398 0.7796
vn -0.5107 -0.4184 0.7511
vn 0.4570 -0.2691 0.8478
vn 0.4652 -0.1806 0.8666
vn 0.3778 -0.1868 0.9068
vn 0.3708 -0.2782 0.8861
vn 0.6160 -0.2440 0.7490
vn 0.6259 -0.1636 0.7626
vn 0.5480 -0.1729 0.8184
vn 0.5389 -0.2576 0.8020
vn 0.6318 -0.0820 0.7707
vn 0.6336 -0.0000 0.7736
vn 0.5548 -0.0000 0.8320
vn 0.5535 -0.0867 0.8284
vn 0.3964 -0.5862 0.7066
vn 0.4158 -0.5130 0.7509
vn 0.3368 -0.5288 0.7791
vn 0.3207 -0.6035 0.7301
vn 0.5398 -0.5401 0.6457
vn 0.5641 -0.4705 0.6785
vn 0.4917 -0.4935 0.7174
vn 0.4697 -0.5650 0.6784
vn 0.5850 -0.3978 0.7068
vn 0.6021 -0.3223 0.7305
vn 0.5260 -0.3398 0.7796
vn 0.5107 -0.4184 0.7511
vn 0.0813 -0.6324 0.7704
vn 0.0856 -0.5543 0.8279
vn -0.0000 -0.5550 0.8318
vn -0.0000 -0.6338 0.7735
vn 0.2426 -0.6171 0.7486
vn 0.2548 -0.5413 0.8013
vn 0.1709 -0.5497 0.8177
vn 0.1625 -0.6268 0.7621
vn 0.2651 -0.4604 0.8472
vn 0.2735 -0.3749 0.8858
vn 0.1836 -0.3805 0.9064
vn 0.1779 -0.4675 0.8659
vn 0.4322 0.4357 0.7895
vn 0.4158 0.5130 0.7509
vn 0.3368 0.5288 0.7791
vn 0.3502 0.4497 0.8217
vn 0.5850 0.3978 0.7068
vn 0.5641 0.4705 0.6785
vn 0.4917 0.4935 0.7174
vn 0.5107 0.4184 0.7511
vn 0.5395 0.5400 0.6460
vn 0.4697 0.5650 0.6784
vn 0.4698 0.0907 0.8781
vn 0.4652 0.1806 0.8666
vn 0.3778 0.1868 0.9068
vn 0.3816 0.0938 0.9195
vn 0.6318 0.0820 0.7707
vn 0.6259 0.1636 0.7626
vn 0.5480 0.1729 0.8184
vn 0.5535 0.0867 0.8284
vn 0.6160 0.2440 0.7490
vn 0.6021 0.3223 0.7305
vn 0.5260 0.3398 0.7796
vn 0.5389 0.2576 0.8020
vn 0.0979 0.0982 0.9903
vn 0.0968 0.1954 0.9759
vn -0.0000 0.1950 0.9808
vn 0.2896 0.0962 0.9523
vn 0.2867 0.1914 0.9387
vn 0.1927 0.1943 0.9618
vn 0.1947 0.0976 0.9760
vn 0.2813 0.2848 0.9164
vn 0.2735 0.3749 0.8858
vn 0.1836 0.3805 0.9064
vn 0.1890 0.2890 0.9385
vn 0.9164 -0.2848 0.2813
vn 0.9387 -0.1914 0.2867
vn 0.9068 -0.1868 0.3778
vn 0.8861 -0.2782 0.3708
vn 0.9521 -0.2907 0.0949
vn 0.9759 -0.1954 0.0968
vn 0.9618 -0.1943 0.1927
vn 0.9385 -0.2890 0.1890
vn 0.9903 -0.0982 0.0979
vn 0.9952 -0.0000 0.0981
vn 0.9808 -0.0000 0.1949
vn 0.9760 -0.0976 0.1947
vn 0.7486 -0.6171 0.2425
vn 0.8013 -0.5413 0.2548
vn 0.7791 -0.5288 0.3368
vn 0.7301 -0.6035 0.3207
vn 0.7704 -0.6324 0.0813
vn 0.8278 -0.5544 0.0856
vn 0.8176 -0.5498 0.1709
vn 0.7621 -0.6268 0.1624
vn 0.8776 -0.4710 0.0893
vn 0.9192 -0.3829 0.0922
vn 0.9064 -0.3805 0.1836
vn 0.8659 -0.4675 0.1779
vn 0.6457 -0.5402 0.5397
vn 0.6785 -0.4706 0.5641
vn 0.6315 -0.4500 0.6315
vn 0.6051 -0.5174 0.6051
vn 0.7066 -0.5862 0.3965
vn 0.7509 -0.5130 0.4159
vn 0.7173 -0.4936 0.4917
vn 0.6784 -0.5650 0.4697
vn 0.7895 -0.4357 0.4322
vn 0.8221 -0.3545 0.4454
vn 0.7796 -0.3398 0.5260
vn 0.7511 -0.4184 0.5107
vn 0.8478 -0.2691 -0.4570
vn 0.8666 -0.1806 -0.4652
vn 0.9068 -0.1868 -0.3778
vn 0.8861 -0.2782 -0.3708
vn 0.7490 -0.2440 -0.6160
vn 0.7626 -0.1636 -0.6259
vn 0.8184 -0.1729 -0.5480
vn 0.8020 -0.2576 -0.5389
vn 0.7707 -0.0820 -0.6318
vn 0.7736 -0.0000 -0.6336
vn 0.8320 -0.0000 -0.5548
vn 0.8284 -0.0867 -0.5535
vn 0.7066 -0.5862 -0.3965
vn 0.7509 -0.5130 -0.4159
vn 0.7791 -0.5288 -0.3368
vn 0.7301 -0.6035 -0.3207
vn 0.6457 -0.5402 -0.5397
vn 0.6785 -0.4706 -0.5641
vn 0.7173 -0.4936 -0.4917
vn 0.6784 -0.5650 -0.4697
vn 0.7068 -0.3978 -0.5850
vn 0.7305 -0.3223 -0.6021
vn 0.7796 -0.3398 -0.5260
vn 0.7511 -0.4184 -0.5107
vn 0.7704 -0.6324 -0.0813
vn 0.8278 -0.5544 -0.0856
vn 0.8318 -0.5551 -0.0000
vn 0.7735 -0.6338 -0.0000
vn 0.7486 -0.6171 -0.2425
vn 0.8013 -0.5413 -0.2548
vn 0.8176 -0.5498 -0.1709
vn 0.7621 -0.6268 -0.1624
vn 0.8472 -0.4604 -0.2651
vn 0.8858 -0.3749 -0.2735
vn 0.9064 -0.3805 -0.1836
vn 0.8659 -0.4675 -0.1779
vn 0.7895 0.4357 -0.4322
vn 0.7509 0.5130 -0.4159
vn 0.7791 0.5288 -0.3368
vn 0.8217 0.4497 -0.3502
vn 0.7068 0.3978 -0.5850
vn 0.6785 0.4706 -0.5641
vn 0.7173 0.4936 -0.4917
vn 0.7511 0.4184 -0.5107
vn 0.6457 0.5402 -0.5397
vn 0.6051 0.6051 -0.5174
vn 0.6315 0.6315 -0.4498
vn 0.6784 0.5650 -0.4697
vn 0.8781 0.0907 -0.4698
vn 0.8666 0.1806 -0.4652
vn 0.9068 0.1868 -0.3778
vn 0.9195 0.0938 -0.3816
vn 0.7707 0.0820 -0.6318
vn 0.7626 0.1636 -0.6259
vn 0.8184 0.1729 -0.5480
vn 0.8284 0.0867 -0.5535
vn 0.7490 0.2440 -0.6160
vn 0.7305 0.3223 -0.6021
vn 0.7796 0.3398 -0.5260
vn 0.8020 0.2576 -0.5389
vn 0.9903 0.0982 -0.0979
vn 0.9759 0.1954 -0.0968
vn 0.9808 0.1950 -0.0000
vn 0.9523 0.0962 -0.2896
vn 0.9387 0.1914 -0.2867
vn 0.9618 0.1943 -0.1927
vn 0.9760 0.0976 -0.1947
vn 0.9164 0.2848 -0.2813
vn 0.8858 0.3749 -0.2735
vn 0.9064 0.3805 -0.1836
vn 0.9385 0.2890 -0.1890
vn 0.2813 -0.2848 -0.9164
vn 0.2867 -0.1914 -0.9387
vn 0.3778 -0.1868 -0.9068
vn 0.3708 -0.2782 -0.8861
vn 0.0949 -0.2907 -0.9521
vn 0.0968 -0.1954 -0.9759
vn 0.1927 -0.1943 -0.9618
vn 0.1890 -0.2890 -0.9385
vn 0.0979 -0.0982 -0.9903
vn 0.0981 -0.0000 -0.9952
vn 0.1949 -0.0000 -0.9808
vn 0.1947 -0.0976 -0.9760
vn 0.2425 -0.6171 -0.7486
vn 0.2548 -0.5412 -0.8013
vn 0.3367 -0.5288 -0.7791
vn 0.3207 -0.6035 -0.7301
vn 0.0813 -0.6324 -0.7704
vn 0.0857 -0.5544 -0.8278
vn 0.1709 -0.5498 -0.8176
vn 0.1624 -0.6268 -0.7621
vn 0.0893 -0.4710 -0.8776
vn 0.0922 -0.3829 -0.9192
vn 0.1837 -0.3805 -0.9064
vn 0.1780 -0.4675 -0.8659
vn 0.5396 -0.5400 -0.6459
vn 0.5641 -0.4705 -0.6785
vn 0.6315 -0.4500 -0.6315
vn 0.6051 -0.5174 -0.6051
vn 0.3964 -0.5862 -0.7066
vn 0.4158 -0.5130 -0.7509
vn 0.4917 -0.4935 -0.7174
vn 0.4697 -0.5650 -0.6784
vn 0.4322 -0.4357 -0.7895
vn 0.4454 -0.3545 -0.8221
vn 0.5260 -0.3398 -0.7796
vn 0.5107 -0.4184 -0.7511
vn -0.4570 -0.2691 -0.8478
vn -0.4652 -0.1806 -0.8666
vn -0.3778 -0.1868 -0.9068
vn -0.3708 -0.2782 -0.8861
vn -0.6160 -0.2440 -0.7490
vn -0.6259 -0.1636 -0.7626
vn -0.5480 -0.1729 -0.8184
vn -0.5389 -0.2576 -0.8020
vn -0.6318 -0.0820 -0.7707
vn -0.6336 -0.0000 -0.7736
vn -0.5548 -0.0000 -0.8320
vn -0.5535 -0.0867 -0.8284
vn -0.3964 -0.5862 -0.7066
vn -0.4158 -0.5130 -0.7509
vn -0.3367 -0.5288 -0.7791
vn -0.3207 -0.6035 -0.7301
vn -0.5398 -0.5401 -0.6457
vn -0.5641 -0.4705 -0.6785
vn -0.4917 -0.4935 -0.7174
vn -0.4697 -0.5650 -0.6784
vn -0.5850 -0.3978 -0.7068
vn -0.6021 -0.3223 -0.7305
vn -0.5260 -0.3398 -0.7796
vn -0.5107 -0.4184 -0.7511
vn -0.0813 -0.6324 -0.7704
vn -0.0857 -0.5544 -0.8278
vn -0.0000 -0.5551 -0.8318
vn -0.0000 -0.6338 -0.7735
vn -0.2425 -0.6171 -0.7486
vn -0.2548 -0.5412 -0.8013
vn -0.1709 -0.5498 -0.8176
vn -0.1624 -0.6268 -0.7621
vn -0.2651 -0.4604 -0.8472
vn -0.2735 -0.3750 -0.8858
vn -0.1837 -0.3805 -0.9064
vn -0.1780 -0.4675 -0.8659
vn -0.4322 0.4357 -0.7895
vn -0.4158 0.5130 -0.7509
vn -0.3367 0.5288 -0.7791
vn -0.3501 0.4497 -0.8217
vn -0.5850 0.3978 -0.7068
vn -0.5641 0.4705 -0.6785
vn -0.4917 0.4935 -0.7174
vn -0.5107 0.4184 -0.7511
vn -0.5395 0.5400 -0.6460
vn -0.5174 0.6052 -0.6050
vn -0.4499 0.6317 -0.6313
vn -0.4697 0.5650 -0.6784
vn -0.4698 0.0907 -0.8781
vn -0.4652 0.1806 -0.8666
vn -0.3778 0.1868 -0.9068
vn -0.3816 0.0938 -0.9195
vn -0.6318 0.0820 -0.7707
vn -0.6259 0.1636 -0.7626
vn -0.5480 0.1729 -0.8184
vn -0.5535 0.0867 -0.8284
vn -0.6160 0.2440 -0.7490
vn -0.6021 0.3223 -0.7305
vn -0.5260 0.3398 -0.7796
vn -0.5389 0.2576 -0.8020
vn -0.0979 0.0982 -0.9903
vn -0.0968 0.1954 -0.9759
vn -0.0000 0.1950 -0.9808
vn -0.2896 0.0962 -0.9523
vn -0.2867 0.1914 -0.9387
vn -0.1927 0.1943 -0.9618
vn -0.1947 0.0976 -0.9760
vn -0.2813 0.2848 -0.9164
vn -0.2735 0.3750 -0.8858
vn -0.1837 0.3805 -0.9064
vn -0.1890 0.2890 -0.9385
vn -0.9164 -0.2848 -0.2813
vn -0.9387 -0.1914 -0.2867
vn -0.9068 -0.1868 -0.3778
vn -0.8861 -0.2782 -0.3708
vn -0.9521 -0.2907 -0.0949
vn -0.9759 -0.1954 -0.0968
vn -0.9618 -0.1943 -0.1927
vn -0.9385 -0.2890 -0.1890
vn -0.9903 -0.0982 -0.0979
vn -0.9952 -0.0000 -0.0981
vn -0.9808 -0.0000 -0.1949
vn -0.9760 -0.0976 -0.1947
vn -0.7486 -0.6171 -0.2425
vn -0.8013 -0.5413 -0.2548
vn -0.7791 -0.5288 -0.3368
vn -0.7301 -0.6035 -0.3207
vn -0.7704 -0.6324 -0.0813
vn -0.8278 -0.5544 -0.0856
vn -0.8176 -0.5498 -0.1709
vn -0.7621 -0.6268 -0.1624
vn -0.8776 -0.4710 -0.0893
vn -0.9192 -0.3829 -0.0922
vn -0.9064 -0.3805 -0.1836
vn -0.8659 -0.4675 -0.1779
vn -0.6457 -0.5402 -0.5397
vn -0.6785 -0.4706 -0.5641
vn -0.6315 -0.4500 -0.6315
vn -0.6051 -0.5174 -0.6051
vn -0.7066 -0.5862 -0.3965
vn -0.7509 -0.5130 -0.4159
vn -0.7173 -0.4936 -0.4917
vn -0.6784 -0.5650 -0.4697
vn -0.7895 -0.4357 -0.4322
vn -0.8221 -0.3545 -0.4454
vn -0.7796 -0.3398 -0.5260
vn -0.7511 -0.4184 -0.5107
vn -0.8478 -0.2691 0.4570
vn -0.8666 -0.1806 0.4652
vn -0.9068 -0.1868 0.3778
vn -0.8861 -0.2782 0.3708
vn -0.7490 -0.2440 0.6160
vn -0.7626 -0.1636 0.6259
vn -0.8184 -0.1729 0.5480
vn -0.8020 -0.2576 0.5389
vn -0.7707 -0.0820 0.6318
vn -0.7736 -0.0000 0.6336
vn -0.8320 -0.0000 0.5548
vn -0.8284 -0.0867 0.5535
vn -0.7066 -0.5862 0.3965
vn -0.7509 -0.5130 0.4159
vn -0.7791 -0.5288 0.3368
vn -0.7301 -0.6035 0.3207
vn -0.6457 -0.5402 0.5397
vn -0.6785 -0.4706 0.5641
vn -0.7173 -0.4936 0.4917
vn -0.6784 -0.5650 0.4697
vn -0.7068 -0.3978 0.5850
vn -0.7305 -0.3223 0.6021
vn -0.7796 -0.3398 0.5260
vn -0.7511 -0.4184 0.5107
vn -0.7704 -0.6324 0.0813
vn -0.8278 -0.5544 0.0856
vn -0.8318 -0.5551 -0.0000
vn -0.7735 -0.6338 -0.0000
vn -0.7486 -0.6171 0.2425
vn -0.8013 -0.5413 0.2548
vn -0.8176 -0.5498 0.1709
vn -0.7621 -0.6268 0.1624
vn -0.8472 -0.4604 0.2651
vn -0.8858 -0.3749 0.2735
vn -0.9064 -0.3805 0.1836
vn -0.8659 -0.4675 0.1779
vn -0.7895 0.4357 0.4322
vn -0.7509 0.5130 0.4159
vn -0.7791 0.5288 0.3368
vn -0.8217 0.4497 0.3502
vn -0.7068 0.3978 0.5850
vn -0.6785 0.4706 0.5641
vn -0.7173 0.4936 0.4917
vn -0.7511 0.4184 0.5107
vn -0.6457 0.5402 0.5397
vn -0.6315 0.6315 0.4498
vn -0.6784 0.5650 0.4697
vn -0.8781 0.0907 0.4698
vn -0.8666 0.1806 0.4652
vn -0.9068 0.1868 0.3778
vn -0.9195 0.0938 0.3816
vn -0.7707 0.0820 0.6318
vn -0.7626 0.1636 0.6259
vn -0.8184 0.1729 0.5480
vn -0.8284 0.0867 0.5535
vn -0.7490 0.2440 0.6160
vn -0.7305 0.3223 0.6021
vn -0.7796 0.3398 0.5260
vn -0.8020 0.2576 0.5389
vn -0.9903 0.0982 0.0979
vn -0.9759 0.1954 0.0968
vn -0.9808 0.1950 -0.0000
vn -0.9523 0.0962 0.2896
vn -0.9387 0.1914 0.2867
vn -0.9618 0.1943 0.1927
vn -0.9760 0.0976 0.1947
vn -0.9164 0.2848 0.2813
vn -0.8858 0.3749 0.2735
vn -0.9064 0.3805 0.1836
vn -0.9385 0.2890 0.1890
vn -0.8776 0.4710 0.0893
vn -0.8278 0.5544 0.0856
vn -0.8318 0.5551 -0.0000
vn -0.8821 0.4710 -0.0000
vn -0.8472 0.4604 0.2651
vn -0.8013 0.5413 0.2548
vn -0.8176 0.5498 0.1709
vn -0.8659 0.4675 0.1779
vn -0.7486 0.6171 0.2425
vn -0.7621 0.6268 0.1624
vn -0.9521 -0.2907 0.0949
vn -0.9759 -0.1954 0.0968
vn -0.9808 -0.1950 -0.0000
vn -0.9570 -0.2902 -0.0000
vn -0.9164 -0.2848 0.2813
vn -0.9387 -0.1914 0.2867
vn -0.9618 -0.1943 0.1927
vn -0.9385 -0.2890 0.1890
vn -0.9523 -0.0962 0.2896
vn -0.9570 -0.0000 0.2900
vn -0.9808 -0.0000 0.1949
vn -0.9760 -0.0976 0.1947
vn -0.7490 -0.2440 -0.6160
vn -0.7626 -0.1636 -0.6259
vn -0.6985 -0.1556 -0.6985
vn -0.6878 -0.2321 -0.6878
vn -0.8478 -0.2691 -0.4570
vn -0.8666 -0.1806 -0.4652
vn -0.8184 -0.1729 -0.5480
vn -0.8020 -0.2576 -0.5389
vn -0.8781 -0.0907 -0.4698
vn -0.8822 -0.0000 -0.4708
vn -0.8320 -0.0000 -0.5548
vn -0.8284 -0.0867 -0.5535
vn -0.0893 0.4710 -0.8776
vn -0.0857 0.5544 -0.8279
vn -0.0000 0.5550 -0.8318
vn -0.0000 0.4710 -0.8821
vn -0.2651 0.4604 -0.8472
vn -0.2548 0.5412 -0.8013
vn -0.1710 0.5498 -0.8176
vn -0.1780 0.4675 -0.8659
vn -0.2425 0.6171 -0.7486
vn -0.2319 0.6880 -0.6876
vn -0.1554 0.6987 -0.6983
vn -0.1625 0.6268 -0.7621
vn -0.0949 -0.2907 -0.9521
vn -0.0968 -0.1954 -0.9759
vn -0.0000 -0.1950 -0.9808
vn -0.0000 -0.2902 -0.9570
vn -0.2813 -0.2848 -0.9164
vn -0.2867 -0.1914 -0.9387
vn -0.1927 -0.1943 -0.9618
vn -0.1890 -0.2890 -0.9385
vn -0.2896 -0.0962 -0.9523
vn -0.2900 -0.0000 -0.9570
vn -0.1949 -0.0000 -0.9808
vn -0.1947 -0.0976 -0.9760
vn 0.6160 -0.2440 -0.7490
vn 0.6259 -0.1636 -0.7626
vn 0.6985 -0.1556 -0.6985
vn 0.6878 -0.2321 -0.6878
vn 0.4570 -0.2691 -0.8478
vn 0.4652 -0.1806 -0.8666
vn 0.5480 -0.1729 -0.8184
vn 0.5389 -0.2576 -0.8020
vn 0.4698 -0.0907 -0.8781
vn 0.4708 -0.0000 -0.8822
vn 0.5548 -0.0000 -0.8320
vn 0.5535 -0.0867 -0.8284
vn 0.8776 0.4710 -0.0893
vn 0.8278 0.5544 -0.0856
vn 0.8318 0.5551 -0.0000
vn 0.8821 0.4710 -0.0000
vn 0.8472 0.4604 -0.2651
vn 0.8013 0.5413 -0.2548
vn 0.8176 0.5498 -0.1709
vn 0.8659 0.4675 -0.1779
vn 0.7486 0.6171 -0.2425
vn 0.6879 0.6879 -0.2317
vn 0.6985 0.6985 -0.1551
vn 0.7621 0.6268 -0.1624
vn 0.9521 -0.2907 -0.0949
vn 0.9759 -0.1954 -0.0968
vn 0.9808 -0.1950 -0.0000
vn 0.9570 -0.2902 -0.0000
vn 0.9164 -0.2848 -0.2813
vn 0.9387 -0.1914 -0.2867
vn 0.9618 -0.1943 -0.1927
vn 0.9385 -0.2890 -0.1890
vn 0.9523 -0.0962 -0.2896
vn 0.9570 -0.0000 -0.2900
vn 0.9808 -0.0000 -0.1949
vn 0.9760 -0.0976 -0.1947
vn 0.7490 -0.2440 0.6160
vn 0.7626 -0.1636 0.6259
vn 0.6985 -0.1556 0.6985
vn 0.6878 -0.2321 0.6878
vn 0.8478 -0.2691 0.4570
vn 0.8666 -0.1806 0.4652
vn 0.8184 -0.1729 0.5480
vn 0.8020 -0.2576 0.5389
vn 0.8781 -0.0907 0.4698
vn 0.8822 -0.0000 0.4708
vn 0.8320 -0.0000 0.5548
vn 0.8284 -0.0867 0.5535
vn 0.0893 0.4710 0.8776
vn 0.0856 0.5543 0.8279
vn -0.0000 0.5550 0.8318
vn -0.0000 0.4710 0.8821
vn 0.2651 0.4604 0.8472
vn 0.2548 0.5413 0.8013
vn 0.1709 0.5497 0.8177
vn 0.1779 0.4675 0.8659
vn 0.2426 0.6171 0.7486
vn 0.2319 0.6881 0.6876
vn 0.1554 0.6987 0.6983
vn 0.1625 0.6268 0.7621
vn 0.0949 -0.2907 0.9521
vn 0.0968 -0.1954 0.9759
vn -0.0000 -0.1950 0.9808
vn -0.0000 -0.2902 0.9570
vn 0.2813 -0.2848 0.9164
vn 0.2867 -0.1914 0.9387
vn 0.1927 -0.1943 0.9618
vn 0.1890 -0.2890 0.9385
vn 0.2896 -0.0962 0.9523
vn 0.2900 -0.0000 0.9570
vn 0.1949 -0.0000 0.9808
vn 0.1947 -0.0976 0.9760
vn -0.6160 -0.2440 0.7490
vn -0.6259 -0.1636 0.7626
vn -0.6985 -0.1556 0.6985
vn -0.6878 -0.2321 0.6878
vn -0.4570 -0.2691 0.8478
vn -0.4652 -0.1806 0.8666
vn -0.5480 -0.1729 0.8184
vn -0.5389 -0.2576 0.8020
vn -0.4698 -0.0907 0.8781
vn -0.4708 -0.0000 0.8822
vn -0.5548 -0.0000 0.8320
vn -0.5535 -0.0867 0.8284
vn 0.4710 -0.8776 -0.0893
vn 0.5544 -0.8278 -0.0856
vn 0.5551 -0.8318 -0.0000
vn 0.4710 -0.8821 -0.0000
vn 0.4604 -0.8472 -0.2651
vn 0.5413 -0.8013 -0.2548
vn 0.5498 -0.8176 -0.1709
vn 0.4675 -0.8659 -0.1779
vn 0.6171 -0.7486 -0.2425
vn 0.6879 -0.6879 -0.2317
vn 0.6985 -0.6985 -0.1551
vn 0.6268 -0.7621 -0.1624
vn -0.2907 -0.9521 -0.0949
vn -0.1954 -0.9759 -0.0968
vn -0.1950 -0.9808 -0.0000
vn -0.2902 -0.9570 -0.0000
vn -0.2848 -0.9164 -0.2813
vn -0.1914 -0.9387 -0.2867
vn -0.1943 -0.9618 -0.1927
vn -0.2890 -0.9385 -0.1890
vn -0.0962 -0.9523 -0.2896
vn -0.0000 -0.9570 -0.2900
vn -0.0000 -0.9808 -0.1949
vn -0.0976 -0.9760 -0.1947
vn -0.2440 -0.7490 0.6160
vn -0.1636 -0.7626 0.6259
vn -0.1554 -0.6987 0.6983
vn -0.2319 -0.6881 0.6876
vn -0.2691 -0.8478 0.4570
vn -0.1806 -0.8666 0.4652
vn -0.1729 -0.8184 0.5480
vn -0.2576 -0.8020 0.5389
vn -0.0907 -0.8781 0.4698
vn -0.0000 -0.8822 0.4708
vn -0.0000 -0.8320 0.5548
vn -0.0867 -0.8284 0.5534
vn -0.4710 0.8776 -0.0893
vn -0.5544 0.8278 -0.0856
vn -0.5551 0.8318 -0.0000
vn -0.4710 0.8821 -0.0000
vn -0.4604 0.8472 -0.2651
vn -0.5413 0.8013 -0.2548
vn -0.5498 0.8176 -0.1709
vn -0.4675 0.8659 -0.1779
vn -0.6171 0.7486 -0.2425
vn -0.6268 0.7621 -0.1624
vn 0.2907 0.9521 -0.0949
vn 0.1954 0.9759 -0.0968
vn 0.1950 0.9808 -0.0000
vn 0.2848 0.9164 -0.2813
vn 0.1914 0.9387 -0.2867
vn 0.1943 0.9618 -0.1927
vn 0.2890 0.9385 -0.1890
vn 0.0962 0.9523 -0.2896
vn -0.0000 0.9570 -0.2900
vn -0.0000 0.9808 -0.1949
vn 0.0976 0.9760 -0.1947
vn 0.2440 0.7490 0.6160
vn 0.1636 0.7626 0.6259
vn 0.2691 0.8478 0.4570
vn 0.1806 0.8666 0.4652
vn 0.1729 0.8184 0.5480
vn 0.2576 0.8020 0.5389
vn 0.0907 0.8781 0.4698
vn -0.0000 0.8822 0.4708
vn -0.0000 0.8320 0.5548
vn 0.0867 0.8284 0.5534
vn -0.3978 0.7068 0.5850
vn -0.4706 0.6785 0.5641
vn -0.4499 0.6317 0.6313
vn -0.3794 0.6544 0.6540
vn -0.4357 0.7895 0.4322
vn -0.5130 0.7509 0.4159
vn -0.4936 0.7174 0.4917
vn -0.4184 0.7511 0.5106
vn -0.5862 0.7066 0.3965
vn -0.5650 0.6784 0.4697
vn 0.3978 -0.7068 0.5850
vn 0.4706 -0.6785 0.5641
vn 0.4499 -0.6317 0.6313
vn 0.3794 -0.6544 0.6540
vn 0.4357 -0.7895 0.4322
vn 0.5130 -0.7509 0.4159
vn 0.4936 -0.7174 0.4917
vn 0.4184 -0.7511 0.5106
vn 0.5862 -0.7066 0.3965
vn 0.6543 -0.6543 0.3792
vn 0.6315 -0.6315 0.4498
vn 0.5650 -0.6784 0.4697
vn -0.5850 0.3978 0.7068
vn -0.5641 0.4705 0.6785
vn -0.6315 0.4500 0.6315
vn -0.6542 0.3797 0.6542
vn -0.4322 0.4357 0.7895
vn -0.4158 0.5130 0.7509
vn -0.4917 0.4935 0.7174
vn -0.5107 0.4184 0.7511
vn -0.3964 0.5862 0.7066
vn -0.4697 0.5650 0.6784
vn 0.7068 0.3978 0.5850
vn 0.6785 0.4706 0.5641
vn 0.6315 0.4500 0.6315
vn 0.6542 0.3797 0.6542
vn 0.7895 0.4357 0.4322
vn 0.7509 0.5130 0.4159
vn 0.7173 0.4936 0.4917
vn 0.7511 0.4184 0.5107
vn 0.7066 0.5862 0.3965
vn 0.6543 0.6543 0.3792
vn 0.6315 0.6315 0.4498
vn 0.6784 0.5650 0.4697
vn 0.5850 0.3978 -0.7068
vn 0.5641 0.4705 -0.6785
vn 0.6315 0.4500 -0.6315
vn 0.6542 0.3797 -0.6542
vn 0.4322 0.4357 -0.7895
vn 0.4158 0.5130 -0.7509
vn 0.4917 0.4935 -0.7174
vn 0.5107 0.4184 -0.7511
vn 0.3964 0.5862 -0.7066
vn 0.3794 0.6544 -0.6540
vn 0.4499 0.6314 -0.6315
vn 0.4697 0.5650 -0.6784
vn -0.7068 0.3978 -0.5850
vn -0.6785 0.4706 -0.5641
vn -0.6315 0.4500 -0.6315
vn -0.6542 0.3797 -0.6542
vn -0.7895 0.4357 -0.4322
vn -0.7509 0.5130 -0.4159
vn -0.7173 0.4936 -0.4917
vn -0.7511 0.4184 -0.5107
vn -0.7066 0.5862 -0.3965
vn -0.6784 0.5650 -0.4697
vn -0.6879 -0.6879 0.2317
vn -0.6985 -0.6985 0.1551
vn -0.6731 -0.6731 0.3066
vn -0.7050 -0.7050 0.0776
vn -0.7071 -0.7071 -0.0000
vn -0.6051 -0.6051 0.5174
vn -0.6315 -0.6315 0.4498
vn -0.5774 -0.5774 0.5774
vn -0.6543 -0.6543 0.3792
vn -0.6543 -0.6543 -0.3792
vn -0.6315 -0.6315 -0.4498
vn -0.6731 -0.6731 -0.3066
vn -0.6051 -0.6051 -0.5174
vn -0.5774 -0.5774 -0.5774
vn -0.7050 -0.7050 -0.0776
vn -0.6985 -0.6985 -0.1551
vn -0.6879 -0.6879 -0.2317
vn -0.2319 -0.6880 -0.6876
vn -0.1554 -0.6987 -0.6984
vn -0.3068 -0.6732 -0.6728
vn -0.0778 -0.7050 -0.7049
vn -0.0000 -0.7071 -0.7071
vn -0.5174 -0.6052 -0.6050
vn -0.4499 -0.6314 -0.6315
vn -0.3794 -0.6544 -0.6540
vn 0.3794 -0.6544 -0.6540
vn 0.4499 -0.6317 -0.6313
vn 0.3068 -0.6732 -0.6728
vn 0.5174 -0.6052 -0.6050
vn 0.5774 -0.5774 -0.5774
vn 0.0778 -0.7050 -0.7049
vn 0.1554 -0.6987 -0.6984
vn 0.2319 -0.6880 -0.6876
vt 0.250000 0.490000
vt 0.250000 0.250000
vt 0.296822 0.485388
vt 0.341844 0.471731
vt 0.383337 0.449553
vt 0.419706 0.419706
vt 0.449553 0.383337
vt 0.471731 0.341844
vt 0.485388 0.296822
vt 0.490000 0.250000
vt 0.485388 0.203178
vt 0.471731 0.158156
vt 0.449553 0.116663
vt 0.419706 0.080294
vt 0.383337 0.050447
vt 0.341844 0.028269
vt 0.296822 0.014612
vt 0.250000 0.010000
vt 0.203178 0.014612
vt 0.158156 0.028269
vt 0.116663 0.050447
vt 0.080294 0.080294
vt 0.050447 0.116663
vt 0.028269 0.158156
vt 0.014612 0.203178
vt 0.010000 0.250000
vt 0.014612 0.296822
vt 0.028269 0.341844
vt 0.050447 0.383337
vt 0.080294 0.419706
vt 0.116663 0.449553
vt 0.158156 0.471731
vt 0.651920 0.230491
vt 0.649998 0.250000
vt 0.203178 0.485388
vt 0.769509 0.348080
vt 0.750000 0.350002
vt 0.750000 0.490000
vt 0.796822 0.485388
vt 0.788269 0.342390
vt 0.841844 0.471731
vt 0.805558 0.333148
vt 0.883337 0.449553
vt 0.820712 0.320712
vt 0.919706 0.419706
vt 0.833148 0.305558
vt 0.949553 0.383337
vt 0.842389 0.288269
vt 0.971731 0.341844
vt 0.848080 0.269509
vt 0.985388 0.296822
vt 0.850002 0.250000
vt 0.990000 0.250000
vt 0.848080 0.230491
vt 0.985388 0.203178
vt 0.842390 0.211731
vt 0.971731 0.158156
vt 0.833148 0.194442
vt 0.949553 0.116663
vt 0.820712 0.179288
vt 0.919706 0.080294
vt 0.805558 0.166852
vt 0.883337 0.050447
vt 0.788269 0.157610
vt 0.841844 0.028269
vt 0.769509 0.151920
vt 0.796822 0.014612
vt 0.750000 0.149998
vt 0.750000 0.010000
vt 0.730490 0.151920
vt 0.703178 0.014612
vt 0.711731 0.157610
vt 0.658156 0.028269
vt 0.694442 0.166851
vt 0.616663 0.050447
vt 0.679288 0.179288
vt 0.580294 0.080294
vt 0.666852 0.194442
vt 0.550447 0.116663
vt 0.657610 0.211731
vt 0.528269 0.158156
vt 0.514612 0.203178
vt 0.510000 0.250000
vt 0.651920 0.269509
vt 0.514612 0.296822
vt 0.657610 0.288269
vt 0.528269 0.341844
vt 0.666852 0.305558
vt 0.550447 0.383337
vt 0.679288 0.320712
vt 0.580294 0.419706
vt 0.694442 0.333148
vt 0.616663 0.449553
vt 0.711731 0.342390
vt 0.658156 0.471731
vt 0.730491 0.348080
vt 0.703178 0.485388
vt 0.000000 0.000000
s 0
usemtl Material.001
f 34/1/1 33/2/1 35/3/1
f 35/3/2 33/2/2 36/4/2
f 36/4/3 33/2/3 37/5/3
f 37/5/4 33/2/4 38/6/4
f 38/6/5 33/2/5 39/7/5
f 39/7/6 33/2/6 40/8/6
f 40/8/7 33/2/7 41/9/7
f 41/9/8 33/2/8 42/10/8
f 42/10/9 33/2/9 43/11/9
f 43/11/10 33/2/10 44/12/10
f 44/12/11 33/2/11 45/13/11
f 45/13/12 33/2/12 46/14/12
f 46/14/13 33/2/13 47/15/13
f 47/15/14 33/2/14 48/16/14
f 48/16/15 33/2/15 49/17/15
f 49/17/16 33/2/16 50/18/16
f 50/18/17 33/2/17 51/19/17
f 51/19/18 33/2/18 52/20/18
f 52/20/19 33/2/19 53/21/19
f 53/21/20 33/2/20 54/22/20
f 54/22/21 33/2/21 55/23/21
f 55/23/22 33/2/22 56/24/22
f 56/24/23 33/2/23 57/25/23
f 57/25/24 33/2/24 58/26/24
f 58/26/25 33/2/25 59/27/25
f 59/27/26 33/2/26 60/28/26
f 60/28/27 33/2/27 61/29/27
f 61/29/28 33/2/28 62/30/28
f 62/30/29 33/2/29 63/31/29
f 63/31/30 33/2/30 64/32/30
f 24/33/31 25/34/31 90/34/31 89/33/31
f 64/32/32 33/2/32 65/35/32
f 65/35/33 33/2/33 34/1/33
f 2/36/34 1/37/34 34/38/34 35/39/34
f 3/40/34 2/36/34 35/39/34 36/41/34
f 4/42/34 3/40/34 36/41/34 37/43/34
f 5/44/34 4/42/34 37/43/34 38/45/34
f 6/46/34 5/44/34 38/45/34 39/47/34
f 7/48/34 6/46/34 39/47/34 40/49/34
f 8/50/34 7/48/34 40/49/34 41/51/34
f 9/52/34 8/50/34 41/51/34 42/53/34
f 10/54/34 9/52/34 42/53/34 43/55/34
f 11/56/34 10/54/34 43/55/34 44/57/34
f 12/58/34 11/56/34 44/57/34 45/59/34
f 13/60/34 12/58/34 45/59/34 46/61/34
f 14/62/34 13/60/34 46/61/34 47/63/34
f 15/64/34 14/62/34 47/63/34 48/65/34
f 16/66/34 15/64/34 48/65/34 49/67/34
f 17/68/34 16/66/34 49/67/34 50/69/34
f 18/70/34 17/68/34 50/69/34 51/71/34
f 19/72/34 18/70/34 51/71/34 52/73/34
f 20/74/34 19/72/34 52/73/34 53/75/34
f 21/76/34 20/74/34 53/75/34 54/77/34
f 22/78/34 21/76/34 54/77/34 55/79/34
f 23/80/34 22/78/34 55/79/34 56/81/34
f 24/33/34 23/80/34 56/81/34 57/82/34
f 25/34/34 24/33/34 57/82/34 58/83/34
f 26/84/34 25/34/34 58/83/34 59/85/34
f 27/86/34 26/84/34 59/85/34 60/87/34
f 28/88/34 27/86/34 60/87/34 61/89/34
f 29/90/34 28/88/34 61/89/34 62/91/34
f 30/92/34 29/90/34 62/91/34 63/93/34
f 31/94/34 30/92/34 63/93/34 64/95/34
f 32/96/34 31/94/34 64/95/34 65/97/34
f 1/37/34 32/96/34 65/97/34 34/38/34
f 66/37/34 67/36/34 68/40/34 69/42/34 70/44/34 71/46/34 72/48/34 73/50/34 74/52/34 75/54/34 76/56/34 77/58/34 78/60/34 79/62/34 80/64/34 81/66/34 82/68/34 83/70/34 84/72/34 85/74/34 86/76/34 87/78/34 88/80/34 89/33/34 90/34/34 91/84/34 92/86/34 93/88/34 94/90/34 95/92/34 96/94/34 97/96/34
f 11/56/35 12/58/35 77/58/35 76/56/35
f 25/34/36 26/84/36 91/84/36 90/34/36
f 12/58/37 13/60/37 78/60/37 77/58/37
f 26/84/38 27/86/38 92/86/38 91/84/38
f 13/60/39 14/62/39 79/62/39 78/60/39
f 27/86/40 28/88/40 93/88/40 92/86/40
f 14/62/41 15/64/41 80/64/41 79/62/41
f 1/37/42 2/36/42 67/36/42 66/37/42
f 28/88/43 29/90/43 94/90/43 93/88/43
f 15/64/44 16/66/44 81/66/44 80/64/44
f 2/36/45 3/40/45 68/40/45 67/36/45
f 29/90/46 30/92/46 95/92/46 94/90/46
f 16/66/47 17/68/47 82/68/47 81/66/47
f 3/40/48 4/42/48 69/42/48 68/40/48
f 30/92/49 31/94/49 96/94/49 95/92/49
f 17/68/50 18/70/50 83/70/50 82/68/50
f 4/42/51 5/44/51 70/44/51 69/42/51
f 31/94/52 32/96/52 97/96/52 96/94/52
f 18/70/53 19/72/53 84/72/53 83/70/53
f 5/44/54 6/46/54 71/46/54 70/44/54
f 32/96/55 1/37/55 66/37/55 97/96/55
f 19/72/56 20/74/56 85/74/56 84/72/56
f 6/46/57 7/48/57 72/48/57 71/46/57
f 20/74/58 21/76/58 86/76/58 85/74/58
f 7/48/59 8/50/59 73/50/59 72/48/59
f 21/76/60 22/78/60 87/78/60 86/76/60
f 8/50/61 9/52/61 74/52/61 73/50/61
f 22/78/62 23/80/62 88/80/62 87/78/62
f 9/52/63 10/54/63 75/54/63 74/52/63
f 23/80/64 24/33/64 89/33/64 88/80/64
f 10/54/65 11/56/65 76/56/65 75/54/65
f 131/1/66 130/2/66 132/3/66
f 132/3/67 130/2/67 133/4/67
f 133/4/68 130/2/68 134/5/68
f 134/5/69 130/2/69 135/6/69
f 135/6/70 130/2/70 136/7/70
f 136/7/71 130/2/71 137/8/71
f 137/8/72 130/2/72 138/9/72
f 138/9/73 130/2/73 139/10/73
f 139/10/74 130/2/74 140/11/74
f 140/11/75 130/2/75 141/12/75
f 141/12/76 130/2/76 142/13/76
f 142/13/77 130/2/77 143/14/77
f 143/14/78 130/2/78 144/15/78
f 144/15/79 130/2/79 145/16/79
f 145/16/80 130/2/80 146/17/80
f 146/17/81 130/2/81 147/18/81
f 147/18/82 130/2/82 148/19/82
f 148/19/83 130/2/83 149/20/83
f 149/20/84 130/2/84 150/21/84
f 150/21/85 130/2/85 151/22/85
f 151/22/86 130/2/86 152/23/86
f 152/23/87 130/2/87 153/24/87
f 153/24/88 130/2/88 154/25/88
f 154/25/89 130/2/89 155/26/89
f 155/26/90 130/2/90 156/27/90
f 156/27/91 130/2/91 157/28/91
f 157/28/92 130/2/92 158/29/92
f 158/29/93 130/2/93 159/30/93
f 159/30/94 130/2/94 160/31/94
f 160/31/95 130/2/95 161/32/95
f 121/33/96 122/34/96 187/34/96 186/33/96
f 161/32/97 130/2/97 162/35/97
f 162/35/98 130/2/98 131/1/98
f 99/36/99 98/37/99 131/38/99 132/39/99
f 100/40/99 99/36/99 132/39/99 133/41/99
f 101/42/99 100/40/99 133/41/99 134/43/99
f 102/44/99 101/42/99 134/43/99 135/45/99
f 103/46/99 102/44/99 135/45/99 136/47/99
f 104/48/99 103/46/99 136/47/99 137/49/99
f 105/50/99 104/48/99 137/49/99 138/51/99
f 106/52/99 105/50/99 138/51/99 139/53/99
f 107/54/99 106/52/99 139/53/99 140/55/99
f 108/56/99 107/54/99 140/55/99 141/57/99
f 109/58/99 108/56/99 141/57/99 142/59/99
f 110/60/99 109/58/99 142/59/99 143/61/99
f 111/62/99 110/60/99 143/61/99 144/63/99
f 112/64/99 111/62/99 144/63/99 145/65/99
f 113/66/99 112/64/99 145/65/99 146/67/99
f 114/68/99 113/66/99 146/67/99 147/69/99
f 115/70/99 114/68/99 147/69/99 148/71/99
f 116/72/99 115/70/99 148/71/99 149/73/99
f 117/74/99 116/72/99 149/73/99 150/75/99
f 118/76/99 117/74/99 150/75/99 151/77/99
f 119/78/99 118/76/99 151/77/99 152/79/99
f 120/80/99 119/78/99 152/79/99 153/81/99
f 121/33/99 120/80/99 153/81/99 154/82/99
f 122/34/99 121/33/99 154/82/99 155/83/99
f 123/84/99 122/34/99 155/83/99 156/85/99
f 124/86/99 123/84/99 156/85/99 157/87/99
f 125/88/99 124/86/99 157/87/99 158/89/99
f 126/90/99 125/88/99 158/89/99 159/91/99
f 127/92/99 126/90/99 159/91/99 160/93/99
f 128/94/99 127/92/99 160/93/99 161/95/99
f 129/96/99 128/94/99 161/95/99 162/97/99
f 98/37/99 129/96/99 162/97/99 131/38/99
f 163/37/99 164/36/99 165/40/99 166/42/99 167/44/99 168/46/99 169/48/99 170/50/99 171/52/99 172/54/99 173/56/99 174/58/99 175/60/99 176/62/99 177/64/99 178/66/99 179/68/99 180/70/99 181/72/99 182/74/99 183/76/99 184/78/99 185/80/99 186/33/99 187/34/99 188/84/99 189/86/99 190/88/99 191/90/99 192/92/99 193/94/99 194/96/99
f 108/56/100 109/58/100 174/58/100 173/56/100
f 122/34/101 123/84/101 188/84/101 187/34/101
f 109/58/102 110/60/102 175/60/102 174/58/102
f 123/84/103 124/86/103 189/86/103 188/84/103
f 110/60/104 111/62/104 176/62/104 175/60/104
f 124/86/105 125/88/105 190/88/105 189/86/105
f 111/62/106 112/64/106 177/64/106 176/62/106
f 98/37/107 99/36/107 164/36/107 163/37/107
f 125/88/108 126/90/108 191/90/108 190/88/108
f 112/64/109 113/66/109 178/66/109 177/64/109
f 99/36/110 100/40/110 165/40/110 164/36/110
f 126/90/111 127/92/111 192/92/111 191/90/111
f 113/66/112 114/68/112 179/68/112 178/66/112
f 100/40/113 101/42/113 166/42/113 165/40/113
f 127/92/114 128/94/114 193/94/114 192/92/114
f 114/68/115 115/70/115 180/70/115 179/68/115
f 101/42/116 102/44/116 167/44/116 166/42/116
f 128/94/117 129/96/117 194/96/117 193/94/117
f 115/70/118 116/72/118 181/72/118 180/70/118
f 102/44/119 103/46/119 168/46/119 167/44/119
f 129/96/120 98/37/120 163/37/120 194/96/120
f 116/72/121 117/74/121 182/74/121 181/72/121
f 103/46/122 104/48/122 169/48/122 168/46/122
f 117/74/123 118/76/123 183/76/123 182/74/123
f 104/48/124 105/50/124 170/50/124 169/48/124
f 118/76/125 119/78/125 184/78/125 183/76/125
f 105/50/126 106/52/126 171/52/126 170/50/126
f 119/78/127 120/80/127 185/80/127 184/78/127
f 106/52/128 107/54/128 172/54/128 171/52/128
f 120/80/129 121/33/129 186/33/129 185/80/129
f 107/54/130 108/56/130 173/56/130 172/54/130
f 228/1/131 229/3/131 227/2/131
f 229/3/132 230/4/132 227/2/132
f 230/4/133 231/5/133 227/2/133
f 231/5/134 232/6/134 227/2/134
f 232/6/135 233/7/135 227/2/135
f 233/7/136 234/8/136 227/2/136
f 234/8/137 235/9/137 227/2/137
f 235/9/138 236/10/138 227/2/138
f 236/10/139 237/11/139 227/2/139
f 237/11/140 238/12/140 227/2/140
f 238/12/141 239/13/141 227/2/141
f 239/13/142 240/14/142 227/2/142
f 240/14/143 241/15/143 227/2/143
f 241/15/144 242/16/144 227/2/144
f 242/16/145 243/17/145 227/2/145
f 243/17/146 244/18/146 227/2/146
f 244/18/147 245/19/147 227/2/147
f 245/19/148 246/20/148 227/2/148
f 246/20/149 247/21/149 227/2/149
f 247/21/150 248/22/150 227/2/150
f 248/22/151 249/23/151 227/2/151
f 249/23/152 250/24/152 227/2/152
f 250/24/153 251/25/153 227/2/153
f 251/25/154 252/26/154 227/2/154
f 252/26/155 253/27/155 227/2/155
f 253/27/156 254/28/156 227/2/156
f 254/28/157 255/29/157 227/2/157
f 255/29/158 256/30/158 227/2/158
f 256/30/159 257/31/159 227/2/159
f 257/31/160 258/32/160 227/2/160
f 218/33/161 283/33/161 284/34/161 219/34/161
f 258/32/162 259/35/162 227/2/162
f 259/35/163 228/1/163 227/2/163
f 196/36/164 229/39/164 228/38/164 195/37/164
f 197/40/164 230/41/164 229/39/164 196/36/164
f 198/42/164 231/43/164 230/41/164 197/40/164
f 199/44/164 232/45/164 231/43/164 198/42/164
f 200/46/164 233/47/164 232/45/164 199/44/164
f 201/48/164 234/49/164 233/47/164 200/46/164
f 202/50/164 235/51/164 234/49/164 201/48/164
f 203/52/164 236/53/164 235/51/164 202/50/164
f 204/54/164 237/55/164 236/53/164 203/52/164
f 205/56/164 238/57/164 237/55/164 204/54/164
f 206/58/164 239/59/164 238/57/164 205/56/164
f 207/60/164 240/61/164 239/59/164 206/58/164
f 208/62/164 241/63/164 240/61/164 207/60/164
f 209/64/164 242/65/164 241/63/164 208/62/164
f 210/66/164 243/67/164 242/65/164 209/64/164
f 211/68/164 244/69/164 243/67/164 210/66/164
f 212/70/164 245/71/164 244/69/164 211/68/164
f 213/72/164 246/73/164 245/71/164 212/70/164
f 214/74/164 247/75/164 246/73/164 213/72/164
f 215/76/164 248/77/164 247/75/164 214/74/164
f 216/78/164 249/79/164 248/77/164 215/76/164
f 217/80/164 250/81/164 249/79/164 216/78/164
f 218/33/164 251/82/164 250/81/164 217/80/164
f 219/34/164 252/83/164 251/82/164 218/33/164
f 220/84/164 253/85/164 252/83/164 219/34/164
f 221/86/164 254/87/164 253/85/164 220/84/164
f 222/88/164 255/89/164 254/87/164 221/86/164
f 223/90/164 256/91/164 255/89/164 222/88/164
f 224/92/164 257/93/164 256/91/164 223/90/164
f 225/94/164 258/95/164 257/93/164 224/92/164
f 226/96/164 259/97/164 258/95/164 225/94/164
f 195/37/164 228/38/164 259/97/164 226/96/164
f 260/37/164 291/96/164 290/94/164 289/92/164 288/90/164 287/88/164 286/86/164 285/84/164 284/34/164 283/33/164 282/80/164 281/78/164 280/76/164 279/74/164 278/72/164 277/70/164 276/68/164 275/66/164 274/64/164 273/62/164 272/60/164 271/58/164 270/56/164 269/54/164 268/52/164 267/50/164 266/48/164 265/46/164 264/44/164 263/42/164 262/40/164 261/36/164
f 205/56/165 270/56/165 271/58/165 206/58/165
f 219/34/166 284/34/166 285/84/166 220/84/166
f 206/58/167 271/58/167 272/60/167 207/60/167
f 220/84/168 285/84/168 286/86/168 221/86/168
f 207/60/169 272/60/169 273/62/169 208/62/169
f 221/86/170 286/86/170 287/88/170 222/88/170
f 208/62/171 273/62/171 274/64/171 209/64/171
f 195/37/172 260/37/172 261/36/172 196/36/172
f 222/88/173 287/88/173 288/90/173 223/90/173
f 209/64/174 274/64/174 275/66/174 210/66/174
f 196/36/175 261/36/175 262/40/175 197/40/175
f 223/90/176 288/90/176 289/92/176 224/92/176
f 210/66/177 275/66/177 276/68/177 211/68/177
f 197/40/178 262/40/178 263/42/178 198/42/178
f 224/92/179 289/92/179 290/94/179 225/94/179
f 211/68/180 276/68/180 277/70/180 212/70/180
f 198/42/181 263/42/181 264/44/181 199/44/181
f 225/94/182 290/94/182 291/96/182 226/96/182
f 212/70/183 277/70/183 278/72/183 213/72/183
f 199/44/184 264/44/184 265/46/184 200/46/184
f 226/96/185 291/96/185 260/37/185 195/37/185
f 213/72/186 278/72/186 279/74/186 214/74/186
f 200/46/187 265/46/187 266/48/187 201/48/187
f 214/74/188 279/74/188 280/76/188 215/76/188
f 201/48/189 266/48/189 267/50/189 202/50/189
f 215/76/190 280/76/190 281/78/190 216/78/190
f 202/50/191 267/50/191 268/52/191 203/52/191
f 216/78/192 281/78/192 282/80/192 217/80/192
f 203/52/193 268/52/193 269/54/193 204/54/193
f 217/80/194 282/80/194 283/33/194 218/33/194
f 204/54/195 269/54/195 270/56/195 205/56/195
s 1
f 1829/98/196 680/98/197 295/98/198 933/98/199
f 1828/98/200 683/98/201 299/98/202 936/98/203
f 1827/98/204 686/98/205 297/98/206 939/98/207
f 1826/98/208 689/98/209 293/98/210 679/98/211
f 1825/98/212 937/98/213 296/98/214 688/98/215
f 1824/98/216 932/98/217 293/98/210 689/98/209
f 1823/98/218 702/98/219 311/98/220 701/98/221
f 1822/98/222 703/98/223 312/98/224 944/98/177
f 1821/98/225 920/98/226 302/98/227 945/98/228
f 1820/98/229 706/98/230 310/98/231 700/98/232
f 1819/98/233 707/98/234 313/98/34 948/98/185
f 1818/98/235 925/98/236 307/98/237 949/98/238
f 1817/98/239 710/98/240 301/98/241 691/98/242
f 1816/98/243 711/98/244 314/98/245 952/98/112
f 1815/98/246 701/98/221 311/98/220 953/98/247
f 1814/98/248 714/98/249 309/98/250 927/98/251
f 1813/98/252 715/98/253 315/98/254 956/98/191
f 1812/98/255 698/98/256 308/98/257 957/98/258
f 1811/98/259 718/98/260 306/98/261 924/98/262
f 1810/98/263 719/98/264 316/98/164 960/98/107
f 1809/98/265 695/98/266 305/98/267 961/98/268
f 1808/98/269 722/98/270 303/98/271 921/98/272
f 1807/98/273 723/98/274 317/98/99 964/98/166
f 1806/98/275 692/98/276 302/98/227 965/98/277
f 1805/98/278 774/98/279 365/98/280 917/98/281
f 1804/98/282 775/98/283 366/98/284 968/98/285
f 1803/98/286 740/98/287 332/98/288 969/98/289
f 1802/98/290 778/98/291 364/98/292 916/98/293
f 1801/98/294 779/98/295 367/98/296 972/98/297
f 1800/98/298 771/98/299 363/98/300 973/98/301
f 1799/98/302 782/98/303 321/98/304 873/98/305
f 1798/98/306 783/98/307 368/98/308 976/98/309
f 1797/98/310 770/98/311 362/98/312 977/98/313
f 1796/98/314 786/98/315 361/98/316 913/98/317
f 1795/98/318 787/98/319 369/98/320 980/98/321
f 1794/98/322 743/98/323 335/98/324 981/98/325
f 1793/98/326 790/98/327 360/98/328 912/98/329
f 1792/98/330 791/98/331 370/98/332 984/98/333
f 1791/98/334 767/98/335 359/98/336 985/98/337
f 1790/98/338 794/98/339 324/98/340 876/98/341
f 1789/98/342 795/98/343 371/98/344 988/98/345
f 1788/98/346 766/98/347 358/98/348 989/98/349
f 1787/98/350 798/98/351 357/98/352 909/98/353
f 1786/98/354 799/98/355 372/98/356 992/98/357
f 1785/98/358 746/98/359 338/98/360 993/98/361
f 1784/98/362 802/98/363 356/98/364 908/98/365
f 1783/98/366 803/98/367 373/98/368 996/98/369
f 1782/98/370 763/98/371 355/98/372 997/98/373
f 1781/98/374 806/98/375 327/98/376 879/98/377
f 1780/98/378 807/98/379 374/98/380 1000/98/381
f 1779/98/382 762/98/383 354/98/384 1001/98/385
f 1778/98/386 810/98/387 353/98/388 905/98/389
f 1777/98/390 811/98/391 375/98/392 1004/98/393
f 1776/98/394 749/98/395 341/98/396 1005/98/397
f 1775/98/398 814/98/399 352/98/400 904/98/401
f 1774/98/402 815/98/403 376/98/404 1008/98/405
f 1773/98/406 759/98/407 351/98/408 1009/98/409
f 1772/98/410 818/98/411 331/98/412 739/98/413
f 1771/98/414 819/98/415 377/98/416 1012/98/417
f 1770/98/418 758/98/419 350/98/420 1013/98/421
f 1769/98/422 822/98/423 349/98/424 901/98/425
f 1768/98/426 823/98/427 378/98/428 1016/98/429
f 1767/98/430 877/98/431 325/98/432 1017/98/433
f 1766/98/434 826/98/435 348/98/436 900/98/437
f 1765/98/438 827/98/439 379/98/440 1020/98/441
f 1764/98/442 755/98/443 347/98/444 1021/98/445
f 1763/98/446 830/98/447 340/98/448 748/98/449
f 1762/98/450 831/98/451 380/98/452 1024/98/453
f 1761/98/454 754/98/455 346/98/456 1025/98/457
f 1760/98/458 834/98/459 345/98/460 897/98/183
f 1759/98/461 835/98/462 381/98/463 1028/98/464
f 1758/98/465 872/98/466 320/98/467 1029/98/468
f 1757/98/469 838/98/470 344/98/471 896/98/472
f 1756/98/473 839/98/474 382/98/475 1032/98/476
f 1755/98/477 751/98/478 343/98/479 1033/98/480
f 1754/98/481 842/98/482 341/98/396 749/98/395
f 1753/98/483 843/98/484 383/98/485 1036/98/486
f 1752/98/487 750/98/488 342/98/489 1037/98/490
f 1751/98/491 846/98/492 329/98/493 737/98/494
f 1750/98/495 847/98/496 384/98/497 1040/98/498
f 1749/98/499 884/98/500 332/98/288 1041/98/501
f 1748/98/502 850/98/503 328/98/504 736/98/505
f 1747/98/506 851/98/507 385/98/508 1044/98/509
f 1746/98/510 889/98/511 337/98/512 1045/98/513
f 1745/98/514 854/98/515 319/98/516 727/98/517
f 1744/98/518 855/98/519 386/98/520 1048/98/521
f 1743/98/522 737/98/494 329/98/493 1049/98/523
f 1742/98/524 858/98/525 339/98/526 891/98/527
f 1741/98/528 859/98/529 387/98/530 1052/98/531
f 1740/98/532 734/98/533 326/98/534 1053/98/535
f 1739/98/536 862/98/537 336/98/538 888/98/539
f 1738/98/540 863/98/541 388/98/542 1056/98/543
f 1737/98/544 731/98/545 323/98/546 1057/98/547
f 1736/98/548 866/98/549 333/98/550 885/98/551
f 1735/98/552 867/98/553 389/98/554 1060/98/555
f 1734/98/556 728/98/557 320/98/467 1061/98/558
f 1733/98/559 1062/98/560 581/98/561 869/98/562
f 1732/98/563 1063/98/564 582/98/565 1064/98/566
f 1731/98/567 920/98/226 440/98/568 1065/98/569
f 1730/98/570 1066/98/571 580/98/572 868/98/573
f 1729/98/574 1067/98/575 583/98/576 1068/98/577
f 1728/98/578 1059/98/579 579/98/580 1069/98/581
f 1727/98/582 1070/98/583 405/98/584 693/98/585
f 1726/98/586 1071/98/587 584/98/588 1072/98/589
f 1725/98/590 1058/98/591 578/98/592 1073/98/593
f 1724/98/594 1074/98/595 577/98/596 865/98/597
f 1723/98/598 1075/98/599 585/98/600 1076/98/601
f 1722/98/602 923/98/603 443/98/604 1077/98/605
f 1721/98/606 1078/98/607 576/98/608 864/98/609
f 1720/98/610 1079/98/611 586/98/612 1080/98/613
f 1719/98/614 1055/98/615 575/98/616 1081/98/617
f 1718/98/618 1082/98/619 408/98/620 696/98/621
f 1717/98/622 1083/98/623 587/98/624 1084/98/625
f 1716/98/626 1054/98/627 574/98/628 1085/98/629
f 1715/98/630 1086/98/631 573/98/632 861/98/633
f 1714/98/634 1087/98/635 588/98/636 1088/98/637
f 1713/98/638 926/98/639 446/98/640 1089/98/641
f 1712/98/642 1090/98/643 572/98/644 860/98/645
f 1711/98/646 1091/98/647 589/98/648 1092/98/649
f 1710/98/650 1051/98/651 571/98/652 1093/98/653
f 1709/98/654 1094/98/655 411/98/656 699/98/657
f 1708/98/658 1095/98/659 590/98/660 1096/98/661
f 1707/98/662 1050/98/663 570/98/664 1097/98/665
f 1706/98/666 1098/98/667 569/98/668 857/98/669
f 1705/98/670 1099/98/671 591/98/672 1100/98/673
f 1704/98/674 929/98/675 449/98/676 1101/98/677
f 1703/98/678 1102/98/679 568/98/680 856/98/681
f 1702/98/682 1103/98/683 592/98/684 1104/98/685
f 1701/98/686 1047/98/687 567/98/688 1105/98/689
f 1700/98/690 1106/98/691 439/98/692 919/98/693
f 1699/98/694 1107/98/695 593/98/696 1108/98/697
f 1698/98/698 1046/98/699 566/98/700 1109/98/701
f 1697/98/702 1110/98/703 565/98/704 853/98/705
f 1696/98/706 1111/98/707 594/98/708 1112/98/709
f 1695/98/710 697/98/711 409/98/712 1113/98/713
f 1694/98/714 1114/98/715 564/98/716 852/98/717
f 1693/98/718 1115/98/719 595/98/720 1116/98/721
f 1692/98/722 1043/98/723 563/98/724 1117/98/725
f 1691/98/726 1118/98/727 448/98/728 928/98/729
f 1690/98/730 1119/98/731 596/98/732 1120/98/733
f 1689/98/734 1042/98/735 562/98/736 1121/98/737
f 1688/98/738 1122/98/739 561/98/740 849/98/741
f 1687/98/742 1123/98/743 597/98/744 1124/98/745
f 1686/98/746 692/98/276 404/98/747 1125/98/748
f 1685/98/749 1126/98/750 560/98/751 848/98/752
f 1684/98/753 1127/98/754 598/98/755 1128/98/756
f 1683/98/757 1039/98/758 559/98/759 1129/98/760
f 1682/98/761 1130/98/762 449/98/676 929/98/675
f 1681/98/763 1131/98/764 599/98/765 1132/98/766
f 1680/98/767 1038/98/768 558/98/769 1133/98/770
f 1679/98/771 1134/98/772 557/98/773 845/98/774
f 1678/98/775 1135/98/776 600/98/777 1136/98/778
f 1677/98/779 942/98/780 462/98/781 1137/98/782
f 1676/98/783 1138/98/784 556/98/785 844/98/786
f 1675/98/787 1139/98/788 601/98/789 1140/98/790
f 1674/98/791 1035/98/792 555/98/793 1141/98/794
f 1673/98/795 1142/98/796 461/98/797 941/98/798
f 1672/98/799 1143/98/800 602/98/801 1144/98/802
f 1671/98/803 1034/98/804 554/98/805 1145/98/806
f 1670/98/807 1146/98/808 553/98/809 841/98/810
f 1669/98/811 1147/98/812 603/98/813 1148/98/814
f 1668/98/815 943/98/816 463/98/817 1149/98/818
f 1667/98/819 1150/98/820 552/98/821 840/98/822
f 1666/98/823 1151/98/824 604/98/825 1152/98/826
f 1665/98/827 1031/98/828 551/98/829 1153/98/830
f 1664/98/831 1154/98/832 416/98/833 704/98/834
f 1663/98/835 1155/98/836 605/98/837 1156/98/838
f 1662/98/839 1030/98/840 550/98/841 1157/98/842
f 1661/98/843 1158/98/844 549/98/845 837/98/846
f 1660/98/847 1159/98/848 606/98/849 1160/98/850
f 1659/98/851 680/98/197 392/98/852 1161/98/853
f 1658/98/854 1162/98/855 548/98/856 836/98/857
f 1657/98/858 1163/98/859 607/98/860 1164/98/861
f 1656/98/862 1027/98/863 547/98/864 1165/98/865
f 1655/98/866 1166/98/867 417/98/868 705/98/180
f 1654/98/869 1167/98/870 608/98/871 1168/98/872
f 1653/98/873 1026/98/874 546/98/875 1169/98/876
f 1652/98/877 1170/98/878 545/98/879 833/98/880
f 1651/98/881 1171/98/882 609/98/883 1172/98/884
f 1650/98/885 946/98/886 466/98/887 1173/98/888
f 1649/98/889 1174/98/890 544/98/891 832/98/892
f 1648/98/893 1175/98/894 610/98/895 1176/98/896
f 1647/98/897 1023/98/898 543/98/899 1177/98/900
f 1646/98/901 1178/98/902 460/98/903 940/98/904
f 1645/98/905 1179/98/906 611/98/907 1180/98/908
f 1644/98/909 1022/98/910 542/98/911 1181/98/912
f 1643/98/913 1182/98/914 541/98/915 829/98/916
f 1642/98/917 1183/98/918 612/98/919 1184/98/920
f 1641/98/921 947/98/922 467/98/923 1185/98/924
f 1640/98/925 1186/98/926 540/98/927 828/98/928
f 1639/98/929 1187/98/930 613/98/931 1188/98/932
f 1638/98/933 1019/98/934 539/98/935 1189/98/936
f 1637/98/937 1190/98/938 420/98/939 708/98/940
f 1636/98/941 1191/98/942 614/98/943 1192/98/944
f 1635/98/945 1018/98/946 538/98/947 1193/98/948
f 1634/98/949 1194/98/950 537/98/951 825/98/952
f 1633/98/953 1195/98/954 615/98/955 1196/98/956
f 1632/98/957 685/98/958 397/98/959 1197/98/960
f 1631/98/961 1198/98/962 536/98/963 824/98/964
f 1630/98/965 1199/98/966 616/98/967 1200/98/968
f 1629/98/969 1015/98/970 535/98/971 1201/98/972
f 1628/98/973 1202/98/974 421/98/975 709/98/172
f 1627/98/976 1203/98/977 617/98/978 1204/98/979
f 1626/98/980 1014/98/981 534/98/982 1205/98/983
f 1625/98/984 1206/98/985 533/98/986 821/98/987
f 1624/98/988 1207/98/989 618/98/990 1208/98/991
f 1623/98/992 950/98/993 470/98/994 1209/98/995
f 1622/98/996 1210/98/997 532/98/998 820/98/999
f 1621/98/1000 1211/98/1001 619/98/1002 1212/98/1003
f 1620/98/1004 1011/98/1005 531/98/1006 1213/98/1007
f 1619/98/1008 1214/98/1009 451/98/1010 931/98/1011
f 1618/98/1012 1215/98/1013 620/98/1014 1216/98/1015
f 1617/98/1016 1010/98/1017 530/98/1018 1217/98/1019
f 1616/98/1020 1218/98/1021 529/98/1022 817/98/1023
f 1615/98/1024 1219/98/1025 621/98/1026 1220/98/1027
f 1614/98/1028 951/98/1029 471/98/1030 1221/98/1031
f 1613/98/1032 1222/98/1033 528/98/1034 816/98/1035
f 1612/98/1036 1223/98/1037 622/98/1038 1224/98/1039
f 1611/98/1040 1007/98/1041 527/98/1042 1225/98/1043
f 1610/98/1044 1226/98/1045 424/98/1046 712/98/1047
f 1609/98/1048 1227/98/1049 623/98/1050 1228/98/1051
f 1608/98/1052 1006/98/1053 526/98/1054 1229/98/1055
f 1607/98/1056 1230/98/1057 525/98/1058 813/98/1059
f 1606/98/1060 1231/98/1061 624/98/1062 1232/98/1063
f 1605/98/1064 941/98/798 461/98/797 1233/98/1065
f 1604/98/1066 1234/98/1067 524/98/1068 812/98/1069
f 1603/98/1070 1235/98/1071 625/98/1072 1236/98/1073
f 1602/98/1074 1003/98/1075 523/98/1076 1237/98/1077
f 1601/98/1078 1238/98/1079 425/98/1080 713/98/115
f 1600/98/1081 1239/98/1082 626/98/1083 1240/98/1084
f 1599/98/1085 1002/98/1086 522/98/1087 1241/98/1088
f 1598/98/1089 1242/98/1090 521/98/1091 809/98/1092
f 1597/98/1093 1243/98/1094 627/98/1095 1244/98/1096
f 1596/98/1097 954/98/1098 474/98/1099 1245/98/1100
f 1595/98/1101 1246/98/1102 520/98/1103 808/98/1104
f 1594/98/1105 1247/98/1106 628/98/1107 1248/98/1108
f 1593/98/1109 999/98/1110 519/98/1111 1249/98/1112
f 1592/98/1113 1250/98/1114 399/98/1115 687/98/1116
f 1591/98/1117 1251/98/1118 629/98/1119 1252/98/1120
f 1590/98/1121 998/98/1122 518/98/1123 1253/98/1124
f 1589/98/1125 1254/98/1126 517/98/1127 805/98/1128
f 1588/98/1129 1255/98/1130 630/98/1131 1256/98/1132
f 1587/98/1133 955/98/1134 475/98/1135 1257/98/1136
f 1586/98/1137 1258/98/1138 516/98/1139 804/98/1140
f 1585/98/1141 1259/98/1142 631/98/1143 1260/98/1144
f 1584/98/1145 995/98/1146 515/98/1147 1261/98/1148
f 1583/98/1149 1262/98/1150 428/98/1151 716/98/1152
f 1582/98/1153 1263/98/1154 632/98/1155 1264/98/1156
f 1581/98/1157 994/98/1158 514/98/1159 1265/98/1160
f 1580/98/1161 1266/98/1162 513/98/1163 801/98/1164
f 1579/98/1165 1267/98/1166 633/98/1167 1268/98/1168
f 1578/98/1169 938/98/1170 458/98/1171 1269/98/1172
f 1577/98/1173 1270/98/1174 512/98/1175 800/98/1176
f 1576/98/1177 1271/98/1178 634/98/1179 1272/98/1180
f 1575/98/1181 991/98/1182 511/98/1183 1273/98/1184
f 1574/98/1185 1274/98/1186 429/98/1187 717/98/193
f 1573/98/1188 1275/98/1189 635/98/1190 1276/98/1191
f 1572/98/1192 990/98/1193 510/98/1194 1277/98/1195
f 1571/98/1196 1278/98/1197 509/98/1198 797/98/1199
f 1570/98/1200 1279/98/1201 636/98/1202 1280/98/1203
f 1569/98/1204 958/98/1205 478/98/1206 1281/98/1207
f 1568/98/1208 1282/98/1209 508/98/1210 796/98/1211
f 1567/98/1212 1283/98/1213 637/98/1214 1284/98/1215
f 1566/98/1216 987/98/1217 507/98/1218 1285/98/1219
f 1565/98/1220 1286/98/1221 396/98/1222 684/98/1223
f 1564/98/1224 1287/98/1225 638/98/1226 1288/98/1227
f 1563/98/1228 986/98/1229 506/98/1230 1289/98/1231
f 1562/98/1232 1290/98/1233 505/98/1234 793/98/1235
f 1561/98/1236 1291/98/1237 639/98/1238 1292/98/1239
f 1560/98/1240 959/98/1241 479/98/1242 1293/98/1243
f 1559/98/1244 1294/98/1245 504/98/1246 792/98/1247
f 1558/98/1248 1295/98/1249 640/98/1250 1296/98/1251
f 1557/98/1252 983/98/1253 503/98/1254 1297/98/1255
f 1556/98/1256 1298/98/1257 432/98/1258 720/98/1259
f 1555/98/1260 1299/98/1261 641/98/1262 1300/98/1263
f 1554/98/1264 982/98/1265 502/98/1266 1301/98/1267
f 1553/98/1268 1302/98/1269 501/98/1270 789/98/1271
f 1552/98/1272 1303/98/1273 642/98/1274 1304/98/1275
f 1551/98/1276 935/98/1277 455/98/1278 1305/98/1279
f 1550/98/1280 1306/98/1281 500/98/1282 788/98/1283
f 1549/98/1284 1307/98/1285 643/98/1286 1308/98/1287
f 1548/98/1288 979/98/1289 499/98/1290 1309/98/1291
f 1547/98/1292 1310/98/1293 433/98/1294 721/98/120
f 1546/98/1295 1311/98/1296 644/98/1297 1312/98/1298
f 1545/98/1299 978/98/1300 498/98/1301 1313/98/1302
f 1544/98/1303 1314/98/1304 497/98/1305 785/98/1306
f 1543/98/1307 1315/98/1308 645/98/1309 1316/98/1310
f 1542/98/1311 962/98/1312 482/98/1313 1317/98/1314
f 1541/98/1315 1318/98/1316 496/98/1317 784/98/1318
f 1540/98/1319 1319/98/1320 646/98/1321 1320/98/1322
f 1539/98/1323 975/98/1324 495/98/1325 1321/98/1326
f 1538/98/1327 1322/98/1328 393/98/1329 681/98/1330
f 1537/98/1331 1323/98/1332 647/98/1333 1324/98/1334
f 1536/98/1335 974/98/1336 494/98/1337 1325/98/1338
f 1535/98/1339 1326/98/1340 493/98/1341 781/98/1342
f 1534/98/1343 1327/98/1344 648/98/1345 1328/98/1346
f 1533/98/1347 963/98/1348 483/98/1349 1329/98/1350
f 1532/98/1351 1330/98/1352 492/98/1353 780/98/1354
f 1531/98/1355 1331/98/1356 649/98/1357 1332/98/1358
f 1530/98/1359 971/98/1360 491/98/1361 1333/98/1362
f 1529/98/1363 1334/98/1364 436/98/1365 724/98/1366
f 1528/98/1367 1335/98/1368 650/98/1369 1336/98/1370
f 1527/98/1371 970/98/1372 490/98/1373 1337/98/1374
f 1526/98/1375 1338/98/1376 489/98/1377 777/98/1378
f 1525/98/1379 1339/98/1380 651/98/1381 1340/98/1382
f 1524/98/1383 932/98/217 452/98/1384 1341/98/1385
f 1523/98/1386 1342/98/1387 488/98/1388 776/98/1389
f 1522/98/1390 1343/98/1391 652/98/1392 1344/98/1393
f 1521/98/1394 967/98/1395 487/98/1396 1345/98/1397
f 1520/98/1398 1346/98/1399 437/98/1400 725/98/161
f 1519/98/1401 1347/98/1402 653/98/1403 1348/98/1404
f 1518/98/1405 966/98/1406 486/98/1407 1349/98/1408
f 1517/98/1409 1350/98/1410 485/98/1411 773/98/1412
f 1516/98/1413 1351/98/1414 654/98/1415 1352/98/1416
f 1515/98/1417 884/98/500 404/98/747 1353/98/1418
f 1514/98/1419 1354/98/1420 484/98/1421 772/98/1422
f 1513/98/1423 1355/98/1424 655/98/1425 1356/98/1426
f 1512/98/1427 915/98/1428 435/98/1429 1357/98/1430
f 1511/98/1431 1358/98/1432 441/98/1433 729/98/1434
f 1510/98/1435 1359/98/1436 656/98/1437 1360/98/1438
f 1509/98/1439 914/98/1440 434/98/1441 1361/98/1442
f 1508/98/1443 1362/98/1444 481/98/1445 769/98/1446
f 1507/98/1447 1363/98/1448 657/98/1449 1364/98/1450
f 1506/98/1451 887/98/1452 407/98/1453 1365/98/1454
f 1505/98/1455 1366/98/1456 480/98/1457 768/98/1458
f 1504/98/1459 1367/98/1460 658/98/1461 1368/98/1462
f 1503/98/1463 911/98/1464 431/98/1465 1369/98/1466
f 1502/98/1467 1370/98/1468 444/98/1469 732/98/1470
f 1501/98/1471 1371/98/1472 659/98/1473 1372/98/1474
f 1500/98/1475 910/98/1476 430/98/1477 1373/98/1478
f 1499/98/1479 1374/98/1480 477/98/1481 765/98/1482
f 1498/98/1483 1375/98/1484 660/98/1485 1376/98/1486
f 1497/98/1487 890/98/1488 410/98/1489 1377/98/1490
f 1496/98/1491 1378/98/1492 476/98/1493 764/98/1494
f 1495/98/1495 1379/98/1496 661/98/1497 1380/98/1498
f 1494/98/1499 907/98/1500 427/98/1501 1381/98/1502
f 1493/98/1503 1382/98/1504 447/98/1505 735/98/1506
f 1492/98/1507 1383/98/1508 662/98/1509 1384/98/1510
f 1491/98/1511 906/98/1512 426/98/1513 1385/98/1514
f 1490/98/1515 1386/98/1516 473/98/1517 761/98/1518
f 1489/98/1519 1387/98/1520 663/98/1521 1388/98/1522
f 1488/98/1523 893/98/1524 413/98/1525 1389/98/1526
f 1487/98/1527 1390/98/1528 472/98/1529 760/98/1530
f 1486/98/1531 1391/98/1532 664/98/1533 1392/98/1534
f 1485/98/1535 903/98/1536 423/98/1537 1393/98/1538
f 1484/98/1539 1394/98/1540 403/98/1541 883/98/1542
f 1483/98/1543 1395/98/1544 665/98/1545 1396/98/1546
f 1482/98/1547 902/98/1548 422/98/1549 1397/98/1550
f 1481/98/1551 1398/98/1552 469/98/1553 757/98/1554
f 1480/98/1555 1399/98/1556 666/98/1557 1400/98/1558
f 1479/98/1559 733/98/1560 445/98/1561 1401/98/1562
f 1478/98/1563 1402/98/1564 468/98/1565 756/98/1566
f 1477/98/1567 1403/98/1568 667/98/1569 1404/98/1570
f 1476/98/1571 899/98/1572 419/98/1573 1405/98/1574
f 1475/98/1575 1406/98/1576 412/98/1577 892/98/1578
f 1474/98/1579 1407/98/1580 668/98/1581 1408/98/1582
f 1473/98/1583 898/98/1584 418/98/1585 1409/98/1586
f 1472/98/1587 1410/98/1588 465/98/1589 753/98/1590
f 1471/98/1591 1411/98/1592 669/98/1593 1412/98/1594
f 1470/98/1595 728/98/557 440/98/568 1413/98/1596
f 1469/98/1597 1414/98/1598 464/98/1599 752/98/174
f 1468/98/1600 1415/98/1601 670/98/1602 1416/98/1603
f 1467/98/1604 895/98/1605 415/98/1606 1417/98/1607
f 1466/98/1608 1418/98/1609 413/98/1525 893/98/1524
f 1465/98/1610 1419/98/1611 671/98/1612 1420/98/1613
f 1464/98/1614 894/98/1615 414/98/1616 1421/98/1617
f 1463/98/1618 1422/98/1619 401/98/1620 881/98/1621
f 1462/98/1622 1423/98/1623 672/98/1624 1424/98/1625
f 1461/98/1626 740/98/287 452/98/1384 1425/98/1627
f 1460/98/1628 1426/98/1629 400/98/1630 880/98/1631
f 1459/98/1632 1427/98/1633 673/98/1634 1428/98/1635
f 1458/98/1636 745/98/1637 457/98/1638 1429/98/1639
f 1457/98/1640 1430/98/1641 391/98/1642 871/98/1643
f 1456/98/1644 1431/98/1645 674/98/1646 1432/98/1647
f 1455/98/1648 881/98/1621 401/98/1620 1433/98/1649
f 1454/98/1650 1434/98/1651 459/98/1652 747/98/1653
f 1453/98/1654 1435/98/1655 675/98/1656 1436/98/1657
f 1452/98/1658 878/98/1659 398/98/1660 1437/98/1661
f 1451/98/1662 1438/98/1663 456/98/1664 744/98/1665
f 1450/98/1666 1439/98/1667 676/98/1668 1440/98/1669
f 1449/98/1670 875/98/1671 395/98/1672 1441/98/1673
f 1448/98/1674 1442/98/1675 453/98/1676 741/98/1677
f 1447/98/1678 1443/98/1679 677/98/1680 1444/98/1681
f 1446/98/1682 872/98/466 392/98/852 1445/98/1683
f 1443/98/1679 1446/98/1682 1445/98/1683 677/98/1680
f 581/98/561 1061/98/558 1446/98/1682 1443/98/1679
f 1061/98/558 320/98/467 872/98/466 1446/98/1682
f 1058/98/591 1447/98/1678 1444/98/1681 578/98/592
f 389/98/554 869/98/562 1447/98/1678 1058/98/591
f 869/98/562 581/98/561 1443/98/1679 1447/98/1678
f 866/98/549 1448/98/1674 741/98/1677 333/98/550
f 578/98/592 1444/98/1681 1448/98/1674 866/98/549
f 1444/98/1681 677/98/1680 1442/98/1675 1448/98/1674
f 1439/98/1667 1449/98/1670 1441/98/1673 676/98/1668
f 577/98/596 1057/98/547 1449/98/1670 1439/98/1667
f 1057/98/547 323/98/546 875/98/1671 1449/98/1670
f 1054/98/627 1450/98/1666 1440/98/1669 574/98/628
f 388/98/542 865/98/597 1450/98/1666 1054/98/627
f 865/98/597 577/98/596 1439/98/1667 1450/98/1666
f 862/98/537 1451/98/1662 744/98/1665 336/98/538
f 574/98/628 1440/98/1669 1451/98/1662 862/98/537
f 1440/98/1669 676/98/1668 1438/98/1663 1451/98/1662
f 1435/98/1655 1452/98/1658 1437/98/1661 675/98/1656
f 573/98/632 1053/98/535 1452/98/1658 1435/98/1655
f 1053/98/535 326/98/534 878/98/1659 1452/98/1658
f 1050/98/663 1453/98/1654 1436/98/1657 570/98/664
f 387/98/530 861/98/633 1453/98/1654 1050/98/663
f 861/98/633 573/98/632 1435/98/1655 1453/98/1654
f 858/98/525 1454/98/1650 747/98/1653 339/98/526
f 570/98/664 1436/98/1657 1454/98/1650 858/98/525
f 1436/98/1657 675/98/1656 1434/98/1651 1454/98/1650
f 1431/98/1645 1455/98/1648 1433/98/1649 674/98/1646
f 569/98/668 1049/98/523 1455/98/1648 1431/98/1645
f 1049/98/523 329/98/493 881/98/1621 1455/98/1648
f 1046/98/699 1456/98/1644 1432/98/1647 566/98/700
f 386/98/520 857/98/669 1456/98/1644 1046/98/699
f 857/98/669 569/98/668 1431/98/1645 1456/98/1644
f 854/98/515 1457/98/1640 871/98/1643 319/98/516
f 566/98/700 1432/98/1647 1457/98/1640 854/98/515
f 1432/98/1647 674/98/1646 1430/98/1641 1457/98/1640
f 1427/98/1633 1458/98/1636 1429/98/1639 673/98/1634
f 565/98/704 1045/98/513 1458/98/1636 1427/98/1633
f 1045/98/513 337/98/512 745/98/1637 1458/98/1636
f 1042/98/735 1459/98/1632 1428/98/1635 562/98/736
f 385/98/508 853/98/705 1459/98/1632 1042/98/735
f 853/98/705 565/98/704 1427/98/1633 1459/98/1632
f 850/98/503 1460/98/1628 880/98/1631 328/98/504
f 562/98/736 1428/98/1635 1460/98/1628 850/98/503
f 1428/98/1635 673/98/1634 1426/98/1629 1460/98/1628
f 1423/98/1623 1461/98/1626 1425/98/1627 672/98/1624
f 561/98/740 1041/98/501 1461/98/1626 1423/98/1623
f 1041/98/501 332/98/288 740/98/287 1461/98/1626
f 1038/98/768 1462/98/1622 1424/98/1625 558/98/769
f 384/98/497 849/98/741 1462/98/1622 1038/98/768
f 849/98/741 561/98/740 1423/98/1623 1462/98/1622
f 846/98/492 1463/98/1618 881/98/1621 329/98/493
f 558/98/769 1424/98/1625 1463/98/1618 846/98/492
f 1424/98/1625 672/98/1624 1422/98/1619 1463/98/1618
f 1419/98/1611 1464/98/1614 1421/98/1617 671/98/1612
f 557/98/773 1037/98/490 1464/98/1614 1419/98/1611
f 1037/98/490 342/98/489 894/98/1615 1464/98/1614
f 1034/98/804 1465/98/1610 1420/98/1613 554/98/805
f 383/98/485 845/98/774 1465/98/1610 1034/98/804
f 845/98/774 557/98/773 1419/98/1611 1465/98/1610
f 842/98/482 1466/98/1608 893/98/1524 341/98/396
f 554/98/805 1420/98/1613 1466/98/1608 842/98/482
f 1420/98/1613 671/98/1612 1418/98/1609 1466/98/1608
f 1415/98/1601 1467/98/1604 1417/98/1607 670/98/1602
f 553/98/809 1033/98/480 1467/98/1604 1415/98/1601
f 1033/98/480 343/98/479 895/98/1605 1467/98/1604
f 1030/98/840 1468/98/1600 1416/98/1603 550/98/841
f 382/98/475 841/98/810 1468/98/1600 1030/98/840
f 841/98/810 553/98/809 1415/98/1601 1468/98/1600
f 838/98/470 1469/98/1597 752/98/174 344/98/471
f 550/98/841 1416/98/1603 1469/98/1597 838/98/470
f 1416/98/1603 670/98/1602 1414/98/1598 1469/98/1597
f 1411/98/1592 1470/98/1595 1413/98/1596 669/98/1593
f 549/98/845 1029/98/468 1470/98/1595 1411/98/1592
f 1029/98/468 320/98/467 728/98/557 1470/98/1595
f 1026/98/874 1471/98/1591 1412/98/1594 546/98/875
f 381/98/463 837/98/846 1471/98/1591 1026/98/874
f 837/98/846 549/98/845 1411/98/1592 1471/98/1591
f 834/98/459 1472/98/1587 753/98/1590 345/98/460
f 546/98/875 1412/98/1594 1472/98/1587 834/98/459
f 1412/98/1594 669/98/1593 1410/98/1588 1472/98/1587
f 1407/98/1580 1473/98/1583 1409/98/1586 668/98/1581
f 545/98/879 1025/98/457 1473/98/1583 1407/98/1580
f 1025/98/457 346/98/456 898/98/1584 1473/98/1583
f 1022/98/910 1474/98/1579 1408/98/1582 542/98/911
f 380/98/452 833/98/880 1474/98/1579 1022/98/910
f 833/98/880 545/98/879 1407/98/1580 1474/98/1579
f 830/98/447 1475/98/1575 892/98/1578 340/98/448
f 542/98/911 1408/98/1582 1475/98/1575 830/98/447
f 1408/98/1582 668/98/1581 1406/98/1576 1475/98/1575
f 1403/98/1568 1476/98/1571 1405/98/1574 667/98/1569
f 541/98/915 1021/98/445 1476/98/1571 1403/98/1568
f 1021/98/445 347/98/444 899/98/1572 1476/98/1571
f 1018/98/946 1477/98/1567 1404/98/1570 538/98/947
f 379/98/440 829/98/916 1477/98/1567 1018/98/946
f 829/98/916 541/98/915 1403/98/1568 1477/98/1567
f 826/98/435 1478/98/1563 756/98/1566 348/98/436
f 538/98/947 1404/98/1570 1478/98/1563 826/98/435
f 1404/98/1570 667/98/1569 1402/98/1564 1478/98/1563
f 1399/98/1556 1479/98/1559 1401/98/1562 666/98/1557
f 537/98/951 1017/98/433 1479/98/1559 1399/98/1556
f 1017/98/433 325/98/432 733/98/1560 1479/98/1559
f 1014/98/981 1480/98/1555 1400/98/1558 534/98/982
f 378/98/428 825/98/952 1480/98/1555 1014/98/981
f 825/98/952 537/98/951 1399/98/1556 1480/98/1555
f 822/98/423 1481/98/1551 757/98/1554 349/98/424
f 534/98/982 1400/98/1558 1481/98/1551 822/98/423
f 1400/98/1558 666/98/1557 1398/98/1552 1481/98/1551
f 1395/98/1544 1482/98/1547 1397/98/1550 665/98/1545
f 533/98/986 1013/98/421 1482/98/1547 1395/98/1544
f 1013/98/421 350/98/420 902/98/1548 1482/98/1547
f 1010/98/1017 1483/98/1543 1396/98/1546 530/98/1018
f 377/98/416 821/98/987 1483/98/1543 1010/98/1017
f 821/98/987 533/98/986 1395/98/1544 1483/98/1543
f 818/98/411 1484/98/1539 883/98/1542 331/98/412
f 530/98/1018 1396/98/1546 1484/98/1539 818/98/411
f 1396/98/1546 665/98/1545 1394/98/1540 1484/98/1539
f 1391/98/1532 1485/98/1535 1393/98/1538 664/98/1533
f 529/98/1022 1009/98/409 1485/98/1535 1391/98/1532
f 1009/98/409 351/98/408 903/98/1536 1485/98/1535
f 1006/98/1053 1486/98/1531 1392/98/1534 526/98/1054
f 376/98/404 817/98/1023 1486/98/1531 1006/98/1053
f 817/98/1023 529/98/1022 1391/98/1532 1486/98/1531
f 814/98/399 1487/98/1527 760/98/1530 352/98/400
f 526/98/1054 1392/98/1534 1487/98/1527 814/98/399
f 1392/98/1534 664/98/1533 1390/98/1528 1487/98/1527
f 1387/98/1520 1488/98/1523 1389/98/1526 663/98/1521
f 525/98/1058 1005/98/397 1488/98/1523 1387/98/1520
f 1005/98/397 341/98/396 893/98/1524 1488/98/1523
f 1002/98/1086 1489/98/1519 1388/98/1522 522/98/1087
f 375/98/392 813/98/1059 1489/98/1519 1002/98/1086
f 813/98/1059 525/98/1058 1387/98/1520 1489/98/1519
f 810/98/387 1490/98/1515 761/98/1518 353/98/388
f 522/98/1087 1388/98/1522 1490/98/1515 810/98/387
f 1388/98/1522 663/98/1521 1386/98/1516 1490/98/1515
f 1383/98/1508 1491/98/1511 1385/98/1514 662/98/1509
f 521/98/1091 1001/98/385 1491/98/1511 1383/98/1508
f 1001/98/385 354/98/384 906/98/1512 1491/98/1511
f 998/98/1122 1492/98/1507 1384/98/1510 518/98/1123
f 374/98/380 809/98/1092 1492/98/1507 998/98/1122
f 809/98/1092 521/98/1091 1383/98/1508 1492/98/1507
f 806/98/375 1493/98/1503 735/98/1506 327/98/376
f 518/98/1123 1384/98/1510 1493/98/1503 806/98/375
f 1384/98/1510 662/98/1509 1382/98/1504 1493/98/1503
f 1379/98/1496 1494/98/1499 1381/98/1502 661/98/1497
f 517/98/1127 997/98/373 1494/98/1499 1379/98/1496
f 997/98/373 355/98/372 907/98/1500 1494/98/1499
f 994/98/1158 1495/98/1495 1380/98/1498 514/98/1159
f 373/98/368 805/98/1128 1495/98/1495 994/98/1158
f 805/98/1128 517/98/1127 1379/98/1496 1495/98/1495
f 802/98/363 1496/98/1491 764/98/1494 356/98/364
f 514/98/1159 1380/98/1498 1496/98/1491 802/98/363
f 1380/98/1498 661/98/1497 1378/98/1492 1496/98/1491
f 1375/98/1484 1497/98/1487 1377/98/1490 660/98/1485
f 513/98/1163 993/98/361 1497/98/1487 1375/98/1484
f 993/98/361 338/98/360 890/98/1488 1497/98/1487
f 990/98/1193 1498/98/1483 1376/98/1486 510/98/1194
f 372/98/356 801/98/1164 1498/98/1483 990/98/1193
f 801/98/1164 513/98/1163 1375/98/1484 1498/98/1483
f 798/98/351 1499/98/1479 765/98/1482 357/98/352
f 510/98/1194 1376/98/1486 1499/98/1479 798/98/351
f 1376/98/1486 660/98/1485 1374/98/1480 1499/98/1479
f 1371/98/1472 1500/98/1475 1373/98/1478 659/98/1473
f 509/98/1198 989/98/349 1500/98/1475 1371/98/1472
f 989/98/349 358/98/348 910/98/1476 1500/98/1475
f 986/98/1229 1501/98/1471 1372/98/1474 506/98/1230
f 371/98/344 797/98/1199 1501/98/1471 986/98/1229
f 797/98/1199 509/98/1198 1371/98/1472 1501/98/1471
f 794/98/339 1502/98/1467 732/98/1470 324/98/340
f 506/98/1230 1372/98/1474 1502/98/1467 794/98/339
f 1372/98/1474 659/98/1473 1370/98/1468 1502/98/1467
f 1367/98/1460 1503/98/1463 1369/98/1466 658/98/1461
f 505/98/1234 985/98/337 1503/98/1463 1367/98/1460
f 985/98/337 359/98/336 911/98/1464 1503/98/1463
f 982/98/1265 1504/98/1459 1368/98/1462 502/98/1266
f 370/98/332 793/98/1235 1504/98/1459 982/98/1265
f 793/98/1235 505/98/1234 1367/98/1460 1504/98/1459
f 790/98/327 1505/98/1455 768/98/1458 360/98/328
f 502/98/1266 1368/98/1462 1505/98/1455 790/98/327
f 1368/98/1462 658/98/1461 1366/98/1456 1505/98/1455
f 1363/98/1448 1506/98/1451 1365/98/1454 657/98/1449
f 501/98/1270 981/98/325 1506/98/1451 1363/98/1448
f 981/98/325 335/98/324 887/98/1452 1506/98/1451
f 978/98/1300 1507/98/1447 1364/98/1450 498/98/1301
f 369/98/320 789/98/1271 1507/98/1447 978/98/1300
f 789/98/1271 501/98/1270 1363/98/1448 1507/98/1447
f 786/98/315 1508/98/1443 769/98/1446 361/98/316
f 498/98/1301 1364/98/1450 1508/98/1443 786/98/315
f 1364/98/1450 657/98/1449 1362/98/1444 1508/98/1443
f 1359/98/1436 1509/98/1439 1361/98/1442 656/98/1437
f 497/98/1305 977/98/313 1509/98/1439 1359/98/1436
f 977/98/313 362/98/312 914/98/1440 1509/98/1439
f 974/98/1336 1510/98/1435 1360/98/1438 494/98/1337
f 368/98/308 785/98/1306 1510/98/1435 974/98/1336
f 785/98/1306 497/98/1305 1359/98/1436 1510/98/1435
f 782/98/303 1511/98/1431 729/98/1434 321/98/304
f 494/98/1337 1360/98/1438 1511/98/1431 782/98/303
f 1360/98/1438 656/98/1437 1358/98/1432 1511/98/1431
f 1355/98/1424 1512/98/1427 1357/98/1430 655/98/1425
f 493/98/1341 973/98/301 1512/98/1427 1355/98/1424
f 973/98/301 363/98/300 915/98/1428 1512/98/1427
f 970/98/1372 1513/98/1423 1356/98/1426 490/98/1373
f 367/98/296 781/98/1342 1513/98/1423 970/98/1372
f 781/98/1342 493/98/1341 1355/98/1424 1513/98/1423
f 778/98/291 1514/98/1419 772/98/1422 364/98/292
f 490/98/1373 1356/98/1426 1514/98/1419 778/98/291
f 1356/98/1426 655/98/1425 1354/98/1420 1514/98/1419
f 1351/98/1414 1515/98/1417 1353/98/1418 654/98/1415
f 489/98/1377 969/98/289 1515/98/1417 1351/98/1414
f 969/98/289 332/98/288 884/98/500 1515/98/1417
f 966/98/1406 1516/98/1413 1352/98/1416 486/98/1407
f 366/98/284 777/98/1378 1516/98/1413 966/98/1406
f 777/98/1378 489/98/1377 1351/98/1414 1516/98/1413
f 774/98/279 1517/98/1409 773/98/1412 365/98/280
f 486/98/1407 1352/98/1416 1517/98/1409 774/98/279
f 1352/98/1416 654/98/1415 1350/98/1410 1517/98/1409
f 1347/98/1402 1518/98/1405 1349/98/1408 653/98/1403
f 488/98/1388 968/98/285 1518/98/1405 1347/98/1402
f 968/98/285 366/98/284 966/98/1406 1518/98/1405
f 915/98/1428 1519/98/1401 1348/98/1404 435/98/1429
f 363/98/300 776/98/1389 1519/98/1401 915/98/1428
f 776/98/1389 488/98/1388 1347/98/1402 1519/98/1401
f 723/98/274 1520/98/1398 725/98/161 317/98/99
f 435/98/1429 1348/98/1404 1520/98/1398 723/98/274
f 1348/98/1404 653/98/1403 1346/98/1399 1520/98/1398
f 1343/98/1391 1521/98/1394 1345/98/1397 652/98/1392
f 439/98/692 727/98/517 1521/98/1394 1343/98/1391
f 727/98/517 319/98/516 967/98/1395 1521/98/1394
f 963/98/1348 1522/98/1390 1344/98/1393 483/98/1349
f 301/98/241 919/98/693 1522/98/1390 963/98/1348
f 919/98/693 439/98/692 1343/98/1391 1522/98/1390
f 771/98/299 1523/98/1386 776/98/1389 363/98/300
f 483/98/1349 1344/98/1393 1523/98/1386 771/98/299
f 1344/98/1393 652/98/1392 1342/98/1387 1523/98/1386
f 1339/98/1380 1524/98/1383 1341/98/1385 651/98/1381
f 391/98/1642 679/98/211 1524/98/1383 1339/98/1380
f 679/98/211 293/98/210 932/98/217 1524/98/1383
f 967/98/1395 1525/98/1379 1340/98/1382 487/98/1396
f 319/98/516 871/98/1643 1525/98/1379 967/98/1395
f 871/98/1643 391/98/1642 1339/98/1380 1525/98/1379
f 775/98/283 1526/98/1375 777/98/1378 366/98/284
f 487/98/1396 1340/98/1382 1526/98/1375 775/98/283
f 1340/98/1382 651/98/1381 1338/98/1376 1526/98/1375
f 1335/98/1368 1527/98/1371 1337/98/1374 650/98/1369
f 492/98/1353 972/98/297 1527/98/1371 1335/98/1368
f 972/98/297 367/98/296 970/98/1372 1527/98/1371
f 726/98/1684 1528/98/1367 1336/98/1370 438/98/1685
f 318/98/1686 780/98/1354 1528/98/1367 726/98/1684
f 780/98/1354 492/98/1353 1335/98/1368 1528/98/1367
f 918/98/1687 1529/98/1363 724/98/1366 300/98/1688
f 438/98/1685 1336/98/1370 1529/98/1363 918/98/1687
f 1336/98/1370 650/98/1369 1334/98/1364 1529/98/1363
f 1331/98/1356 1530/98/1359 1333/98/1362 649/98/1357
f 451/98/1010 739/98/413 1530/98/1359 1331/98/1356
f 739/98/413 331/98/412 971/98/1360 1530/98/1359
f 678/98/1689 1531/98/1355 1332/98/1358 390/98/1690
f 292/98/1691 931/98/1011 1531/98/1355 678/98/1689
f 931/98/1011 451/98/1010 1331/98/1356 1531/98/1355
f 870/98/1692 1532/98/1351 780/98/1354 318/98/1686
f 390/98/1690 1332/98/1358 1532/98/1351 870/98/1692
f 1332/98/1358 649/98/1357 1330/98/1352 1532/98/1351
f 1327/98/1344 1533/98/1347 1329/98/1350 648/98/1345
f 403/98/1541 691/98/242 1533/98/1347 1327/98/1344
f 691/98/242 301/98/241 963/98/1348 1533/98/1347
f 971/98/1360 1534/98/1343 1328/98/1346 491/98/1361
f 331/98/412 883/98/1542 1534/98/1343 971/98/1360
f 883/98/1542 403/98/1541 1327/98/1344 1534/98/1343
f 779/98/295 1535/98/1339 781/98/1342 367/98/296
f 491/98/1361 1328/98/1346 1535/98/1339 779/98/295
f 1328/98/1346 648/98/1345 1326/98/1340 1535/98/1339
f 1323/98/1332 1536/98/1335 1325/98/1338 647/98/1333
f 496/98/1317 976/98/309 1536/98/1335 1323/98/1332
f 976/98/309 368/98/308 974/98/1336 1536/98/1335
f 738/98/1693 1537/98/1331 1324/98/1334 450/98/1694
f 330/98/1695 784/98/1318 1537/98/1331 738/98/1693
f 784/98/1318 496/98/1317 1323/98/1332 1537/98/1331
f 930/98/1696 1538/98/1327 681/98/1330 294/98/1697
f 450/98/1694 1324/98/1334 1538/98/1327 930/98/1696
f 1324/98/1334 647/98/1333 1322/98/1328 1538/98/1327
f 1319/98/1320 1539/98/1323 1321/98/1326 646/98/1321
f 436/98/1365 916/98/293 1539/98/1323 1319/98/1320
f 916/98/293 364/98/292 975/98/1324 1539/98/1323
f 690/98/1698 1540/98/1319 1320/98/1322 402/98/1699
f 300/98/1688 724/98/1366 1540/98/1319 690/98/1698
f 724/98/1366 436/98/1365 1319/98/1320 1540/98/1319
f 882/98/1700 1541/98/1315 784/98/1318 330/98/1695
f 402/98/1699 1320/98/1322 1541/98/1315 882/98/1700
f 1320/98/1322 646/98/1321 1318/98/1316 1541/98/1315
f 1315/98/1308 1542/98/1311 1317/98/1314 645/98/1309
f 484/98/1421 964/98/166 1542/98/1311 1315/98/1308
f 964/98/166 317/98/99 962/98/1312 1542/98/1311
f 975/98/1324 1543/98/1307 1316/98/1310 495/98/1325
f 364/98/292 772/98/1422 1543/98/1307 975/98/1324
f 772/98/1422 484/98/1421 1315/98/1308 1543/98/1307
f 783/98/307 1544/98/1303 785/98/1306 368/98/308
f 495/98/1325 1316/98/1310 1544/98/1303 783/98/307
f 1316/98/1310 645/98/1309 1314/98/1304 1544/98/1303
f 1311/98/1296 1545/98/1299 1313/98/1302 644/98/1297
f 500/98/1282 980/98/321 1545/98/1299 1311/98/1296
f 980/98/321 369/98/320 978/98/1300 1545/98/1299
f 911/98/1464 1546/98/1295 1312/98/1298 431/98/1465
f 359/98/336 788/98/1283 1546/98/1295 911/98/1464
f 788/98/1283 500/98/1282 1311/98/1296 1546/98/1295
f 719/98/264 1547/98/1292 721/98/120 316/98/164
f 431/98/1465 1312/98/1298 1547/98/1292 719/98/264
f 1312/98/1298 644/98/1297 1310/98/1293 1547/98/1292
f 1307/98/1285 1548/98/1288 1309/98/1291 643/98/1286
f 405/98/584 885/98/551 1548/98/1288 1307/98/1285
f 885/98/551 333/98/550 979/98/1289 1548/98/1288
f 959/98/1241 1549/98/1284 1308/98/1287 479/98/1242
f 303/98/271 693/98/585 1549/98/1284 959/98/1241
f 693/98/585 405/98/584 1307/98/1285 1549/98/1284
f 767/98/335 1550/98/1280 788/98/1283 359/98/336
f 479/98/1242 1308/98/1287 1550/98/1280 767/98/335
f 1308/98/1287 643/98/1286 1306/98/1281 1550/98/1280
f 1303/98/1273 1551/98/1276 1305/98/1279 642/98/1274
f 453/98/1676 933/98/199 1551/98/1276 1303/98/1273
f 933/98/199 295/98/198 935/98/1277 1551/98/1276
f 979/98/1289 1552/98/1272 1304/98/1275 499/98/1290
f 333/98/550 741/98/1677 1552/98/1272 979/98/1289
f 741/98/1677 453/98/1676 1303/98/1273 1552/98/1272
f 787/98/319 1553/98/1268 789/98/1271 369/98/320
f 499/98/1290 1304/98/1275 1553/98/1268 787/98/319
f 1304/98/1275 642/98/1274 1302/98/1269 1553/98/1268
f 1299/98/1261 1554/98/1264 1301/98/1267 641/98/1262
f 504/98/1246 984/98/333 1554/98/1264 1299/98/1261
f 984/98/333 370/98/332 982/98/1265 1554/98/1264
f 730/98/1701 1555/98/1260 1300/98/1263 442/98/1702
f 322/98/1703 792/98/1247 1555/98/1260 730/98/1701
f 792/98/1247 504/98/1246 1299/98/1261 1555/98/1260
f 922/98/1704 1556/98/1256 720/98/1259 304/98/1705
f 442/98/1702 1300/98/1263 1556/98/1256 922/98/1704
f 1300/98/1263 641/98/1262 1298/98/1257 1556/98/1256
f 1295/98/1249 1557/98/1252 1297/98/1255 640/98/1250
f 393/98/1329 873/98/305 1557/98/1252 1295/98/1249
f 873/98/305 321/98/304 983/98/1253 1557/98/1252
f 682/98/1706 1558/98/1248 1296/98/1251 394/98/1707
f 294/98/1697 681/98/1330 1558/98/1248 682/98/1706
f 681/98/1330 393/98/1329 1295/98/1249 1558/98/1248
f 874/98/1708 1559/98/1244 792/98/1247 322/98/1703
f 394/98/1707 1296/98/1251 1559/98/1244 874/98/1708
f 1296/98/1251 640/98/1250 1294/98/1245 1559/98/1244
f 1291/98/1237 1560/98/1240 1293/98/1243 639/98/1238
f 441/98/1433 921/98/272 1560/98/1240 1291/98/1237
f 921/98/272 303/98/271 959/98/1241 1560/98/1240
f 983/98/1253 1561/98/1236 1292/98/1239 503/98/1254
f 321/98/304 729/98/1434 1561/98/1236 983/98/1253
f 729/98/1434 441/98/1433 1291/98/1237 1561/98/1236
f 791/98/331 1562/98/1232 793/98/1235 370/98/332
f 503/98/1254 1292/98/1239 1562/98/1232 791/98/331
f 1292/98/1239 639/98/1238 1290/98/1233 1562/98/1232
f 1287/98/1225 1563/98/1228 1289/98/1231 638/98/1226
f 508/98/1210 988/98/345 1563/98/1228 1287/98/1225
f 988/98/345 371/98/344 986/98/1229 1563/98/1228
f 742/98/1709 1564/98/1224 1288/98/1227 454/98/1710
f 334/98/1711 796/98/1211 1564/98/1224 742/98/1709
f 796/98/1211 508/98/1210 1287/98/1225 1564/98/1224
f 934/98/1712 1565/98/1220 684/98/1223 298/98/1713
f 454/98/1710 1288/98/1227 1565/98/1220 934/98/1712
f 1288/98/1227 638/98/1226 1286/98/1221 1565/98/1220
f 1283/98/1213 1566/98/1216 1285/98/1219 637/98/1214
f 432/98/1258 912/98/329 1566/98/1216 1283/98/1213
f 912/98/329 360/98/328 987/98/1217 1566/98/1216
f 694/98/1714 1567/98/1212 1284/98/1215 406/98/1715
f 304/98/1705 720/98/1259 1567/98/1212 694/98/1714
f 720/98/1259 432/98/1258 1283/98/1213 1567/98/1212
f 886/98/1716 1568/98/1208 796/98/1211 334/98/1711
f 406/98/1715 1284/98/1215 1568/98/1208 886/98/1716
f 1284/98/1215 637/98/1214 1282/98/1209 1568/98/1208
f 1279/98/1201 1569/98/1204 1281/98/1207 636/98/1202
f 480/98/1457 960/98/107 1569/98/1204 1279/98/1201
f 960/98/107 316/98/164 958/98/1205 1569/98/1204
f 987/98/1217 1570/98/1200 1280/98/1203 507/98/1218
f 360/98/328 768/98/1458 1570/98/1200 987/98/1217
f 768/98/1458 480/98/1457 1279/98/1201 1570/98/1200
f 795/98/343 1571/98/1196 797/98/1199 371/98/344
f 507/98/1218 1280/98/1203 1571/98/1196 795/98/343
f 1280/98/1203 636/98/1202 1278/98/1197 1571/98/1196
f 1275/98/1189 1572/98/1192 1277/98/1195 635/98/1190
f 512/98/1175 992/98/357 1572/98/1192 1275/98/1189
f 992/98/357 372/98/356 990/98/1193 1572/98/1192
f 907/98/1500 1573/98/1188 1276/98/1191 427/98/1501
f 355/98/372 800/98/1176 1573/98/1188 907/98/1500
f 800/98/1176 512/98/1175 1275/98/1189 1573/98/1188
f 715/98/253 1574/98/1185 717/98/193 315/98/254
f 427/98/1501 1276/98/1191 1574/98/1185 715/98/253
f 1276/98/1191 635/98/1190 1274/98/1186 1574/98/1185
f 1271/98/1178 1575/98/1181 1273/98/1184 634/98/1179
f 408/98/620 888/98/539 1575/98/1181 1271/98/1178
f 888/98/539 336/98/538 991/98/1182 1575/98/1181
f 955/98/1134 1576/98/1177 1272/98/1180 475/98/1135
f 306/98/261 696/98/621 1576/98/1177 955/98/1134
f 696/98/621 408/98/620 1271/98/1178 1576/98/1177
f 763/98/371 1577/98/1173 800/98/1176 355/98/372
f 475/98/1135 1272/98/1180 1577/98/1173 763/98/371
f 1272/98/1180 634/98/1179 1270/98/1174 1577/98/1173
f 1267/98/1166 1578/98/1169 1269/98/1172 633/98/1167
f 456/98/1664 936/98/203 1578/98/1169 1267/98/1166
f 936/98/203 299/98/202 938/98/1170 1578/98/1169
f 991/98/1182 1579/98/1165 1268/98/1168 511/98/1183
f 336/98/538 744/98/1665 1579/98/1165 991/98/1182
f 744/98/1665 456/98/1664 1267/98/1166 1579/98/1165
f 799/98/355 1580/98/1161 801/98/1164 372/98/356
f 511/98/1183 1268/98/1168 1580/98/1161 799/98/355
f 1268/98/1168 633/98/1167 1266/98/1162 1580/98/1161
f 1263/98/1154 1581/98/1157 1265/98/1160 632/98/1155
f 516/98/1139 996/98/369 1581/98/1157 1263/98/1154
f 996/98/369 373/98/368 994/98/1158 1581/98/1157
f 733/98/1560 1582/98/1153 1264/98/1156 445/98/1561
f 325/98/432 804/98/1140 1582/98/1153 733/98/1560
f 804/98/1140 516/98/1139 1263/98/1154 1582/98/1153
f 925/98/236 1583/98/1149 716/98/1152 307/98/237
f 445/98/1561 1264/98/1156 1583/98/1149 925/98/236
f 1264/98/1156 632/98/1155 1262/98/1150 1583/98/1149
f 1259/98/1142 1584/98/1145 1261/98/1148 631/98/1143
f 396/98/1222 876/98/341 1584/98/1145 1259/98/1142
f 876/98/341 324/98/340 995/98/1146 1584/98/1145
f 685/98/958 1585/98/1141 1260/98/1144 397/98/959
f 298/98/1713 684/98/1223 1585/98/1141 685/98/958
f 684/98/1223 396/98/1222 1259/98/1142 1585/98/1141
f 877/98/431 1586/98/1137 804/98/1140 325/98/432
f 397/98/959 1260/98/1144 1586/98/1137 877/98/431
f 1260/98/1144 631/98/1143 1258/98/1138 1586/98/1137
f 1255/98/1130 1587/98/1133 1257/98/1136 630/98/1131
f 444/98/1469 924/98/262 1587/98/1133 1255/98/1130
f 924/98/262 306/98/261 955/98/1134 1587/98/1133
f 995/98/1146 1588/98/1129 1256/98/1132 515/98/1147
f 324/98/340 732/98/1470 1588/98/1129 995/98/1146
f 732/98/1470 444/98/1469 1255/98/1130 1588/98/1129
f 803/98/367 1589/98/1125 805/98/1128 373/98/368
f 515/98/1147 1256/98/1132 1589/98/1125 803/98/367
f 1256/98/1132 630/98/1131 1254/98/1126 1589/98/1125
f 1251/98/1118 1590/98/1121 1253/98/1124 629/98/1119
f 520/98/1103 1000/98/381 1590/98/1121 1251/98/1118
f 1000/98/381 374/98/380 998/98/1122 1590/98/1121
f 745/98/1637 1591/98/1117 1252/98/1120 457/98/1638
f 337/98/512 808/98/1104 1591/98/1117 745/98/1637
f 808/98/1104 520/98/1103 1251/98/1118 1591/98/1117
f 937/98/213 1592/98/1113 687/98/1116 296/98/214
f 457/98/1638 1252/98/1120 1592/98/1113 937/98/213
f 1252/98/1120 629/98/1119 1250/98/1114 1592/98/1113
f 1247/98/1106 1593/98/1109 1249/98/1112 628/98/1107
f 428/98/1151 908/98/365 1593/98/1109 1247/98/1106
f 908/98/365 356/98/364 999/98/1110 1593/98/1109
f 697/98/711 1594/98/1105 1248/98/1108 409/98/712
f 307/98/237 716/98/1152 1594/98/1105 697/98/711
f 716/98/1152 428/98/1151 1247/98/1106 1594/98/1105
f 889/98/511 1595/98/1101 808/98/1104 337/98/512
f 409/98/712 1248/98/1108 1595/98/1101 889/98/511
f 1248/98/1108 628/98/1107 1246/98/1102 1595/98/1101
f 1243/98/1094 1596/98/1097 1245/98/1100 627/98/1095
f 476/98/1493 956/98/191 1596/98/1097 1243/98/1094
f 956/98/191 315/98/254 954/98/1098 1596/98/1097
f 999/98/1110 1597/98/1093 1244/98/1096 519/98/1111
f 356/98/364 764/98/1494 1597/98/1093 999/98/1110
f 764/98/1494 476/98/1493 1243/98/1094 1597/98/1093
f 807/98/379 1598/98/1089 809/98/1092 374/98/380
f 519/98/1111 1244/98/1096 1598/98/1089 807/98/379
f 1244/98/1096 627/98/1095 1242/98/1090 1598/98/1089
f 1239/98/1082 1599/98/1085 1241/98/1088 626/98/1083
f 524/98/1068 1004/98/393 1599/98/1085 1239/98/1082
f 1004/98/393 375/98/392 1002/98/1086 1599/98/1085
f 903/98/1536 1600/98/1081 1240/98/1084 423/98/1537
f 351/98/408 812/98/1069 1600/98/1081 903/98/1536
f 812/98/1069 524/98/1068 1239/98/1082 1600/98/1081
f 711/98/244 1601/98/1078 713/98/115 314/98/245
f 423/98/1537 1240/98/1084 1601/98/1078 711/98/244
f 1240/98/1084 626/98/1083 1238/98/1079 1601/98/1078
f 1235/98/1071 1602/98/1074 1237/98/1077 625/98/1072
f 411/98/656 891/98/527 1602/98/1074 1235/98/1071
f 891/98/527 339/98/526 1003/98/1075 1602/98/1074
f 951/98/1029 1603/98/1070 1236/98/1073 471/98/1030
f 309/98/250 699/98/657 1603/98/1070 951/98/1029
f 699/98/657 411/98/656 1235/98/1071 1603/98/1070
f 759/98/407 1604/98/1066 812/98/1069 351/98/408
f 471/98/1030 1236/98/1073 1604/98/1066 759/98/407
f 1236/98/1073 625/98/1072 1234/98/1067 1604/98/1066
f 1231/98/1061 1605/98/1064 1233/98/1065 624/98/1062
f 459/98/1652 939/98/207 1605/98/1064 1231/98/1061
f 939/98/207 297/98/206 941/98/798 1605/98/1064
f 1003/98/1075 1606/98/1060 1232/98/1063 523/98/1076
f 339/98/526 747/98/1653 1606/98/1060 1003/98/1075
f 747/98/1653 459/98/1652 1231/98/1061 1606/98/1060
f 811/98/391 1607/98/1056 813/98/1059 375/98/392
f 523/98/1076 1232/98/1063 1607/98/1056 811/98/391
f 1232/98/1063 624/98/1062 1230/98/1057 1607/98/1056
f 1227/98/1049 1608/98/1052 1229/98/1055 623/98/1050
f 528/98/1034 1008/98/405 1608/98/1052 1227/98/1049
f 1008/98/405 376/98/404 1006/98/1053 1608/98/1052
f 736/98/505 1609/98/1048 1228/98/1051 448/98/728
f 328/98/504 816/98/1035 1609/98/1048 736/98/505
f 816/98/1035 528/98/1034 1227/98/1049 1609/98/1048
f 928/98/729 1610/98/1044 712/98/1047 310/98/231
f 448/98/728 1228/98/1051 1610/98/1044 928/98/729
f 1228/98/1051 623/98/1050 1226/98/1045 1610/98/1044
f 1223/98/1037 1611/98/1040 1225/98/1043 622/98/1038
f 399/98/1115 879/98/377 1611/98/1040 1223/98/1037
f 879/98/377 327/98/376 1007/98/1041 1611/98/1040
f 688/98/215 1612/98/1036 1224/98/1039 400/98/1630
f 296/98/214 687/98/1116 1612/98/1036 688/98/215
f 687/98/1116 399/98/1115 1223/98/1037 1612/98/1036
f 880/98/1631 1613/98/1032 816/98/1035 328/98/504
f 400/98/1630 1224/98/1039 1613/98/1032 880/98/1631
f 1224/98/1039 622/98/1038 1222/98/1033 1613/98/1032
f 1219/98/1025 1614/98/1028 1221/98/1031 621/98/1026
f 447/98/1505 927/98/251 1614/98/1028 1219/98/1025
f 927/98/251 309/98/250 951/98/1029 1614/98/1028
f 1007/98/1041 1615/98/1024 1220/98/1027 527/98/1042
f 327/98/376 735/98/1506 1615/98/1024 1007/98/1041
f 735/98/1506 447/98/1505 1219/98/1025 1615/98/1024
f 815/98/403 1616/98/1020 817/98/1023 376/98/404
f 527/98/1042 1220/98/1027 1616/98/1020 815/98/403
f 1220/98/1027 621/98/1026 1218/98/1021 1616/98/1020
f 1215/98/1013 1617/98/1016 1217/98/1019 620/98/1014
f 532/98/998 1012/98/417 1617/98/1016 1215/98/1013
f 1012/98/417 377/98/416 1010/98/1017 1617/98/1016
f 748/98/449 1618/98/1012 1216/98/1015 460/98/903
f 340/98/448 820/98/999 1618/98/1012 748/98/449
f 820/98/999 532/98/998 1215/98/1013 1618/98/1012
f 940/98/904 1619/98/1008 931/98/1011 292/98/1691
f 460/98/903 1216/98/1015 1619/98/1008 940/98/904
f 1216/98/1015 620/98/1014 1214/98/1009 1619/98/1008
f 1211/98/1001 1620/98/1004 1213/98/1007 619/98/1002
f 424/98/1046 904/98/401 1620/98/1004 1211/98/1001
f 904/98/401 352/98/400 1011/98/1005 1620/98/1004
f 700/98/232 1621/98/1000 1212/98/1003 412/98/1577
f 310/98/231 712/98/1047 1621/98/1000 700/98/232
f 712/98/1047 424/98/1046 1211/98/1001 1621/98/1000
f 892/98/1578 1622/98/996 820/98/999 340/98/448
f 412/98/1577 1212/98/1003 1622/98/996 892/98/1578
f 1212/98/1003 619/98/1002 1210/98/997 1622/98/996
f 1207/98/989 1623/98/992 1209/98/995 618/98/990
f 472/98/1529 952/98/112 1623/98/992 1207/98/989
f 952/98/112 314/98/245 950/98/993 1623/98/992
f 1011/98/1005 1624/98/988 1208/98/991 531/98/1006
f 352/98/400 760/98/1530 1624/98/988 1011/98/1005
f 760/98/1530 472/98/1529 1207/98/989 1624/98/988
f 819/98/415 1625/98/984 821/98/987 377/98/416
f 531/98/1006 1208/98/991 1625/98/984 819/98/415
f 1208/98/991 618/98/990 1206/98/985 1625/98/984
f 1203/98/977 1626/98/980 1205/98/983 617/98/978
f 536/98/963 1016/98/429 1626/98/980 1203/98/977
f 1016/98/429 378/98/428 1014/98/981 1626/98/980
f 899/98/1572 1627/98/976 1204/98/979 419/98/1573
f 347/98/444 824/98/964 1627/98/976 899/98/1572
f 824/98/964 536/98/963 1203/98/977 1627/98/976
f 707/98/234 1628/98/973 709/98/172 313/98/34
f 419/98/1573 1204/98/979 1628/98/973 707/98/234
f 1204/98/979 617/98/978 1202/98/974 1628/98/973
f 1199/98/966 1629/98/969 1201/98/972 616/98/967
f 406/98/1715 886/98/1716 1629/98/969 1199/98/966
f 886/98/1716 334/98/1711 1015/98/970 1629/98/969
f 947/98/922 1630/98/965 1200/98/968 467/98/923
f 304/98/1705 694/98/1714 1630/98/965 947/98/922
f 694/98/1714 406/98/1715 1199/98/966 1630/98/965
f 755/98/443 1631/98/961 824/98/964 347/98/444
f 467/98/923 1200/98/968 1631/98/961 755/98/443
f 1200/98/968 616/98/967 1198/98/962 1631/98/961
f 1195/98/954 1632/98/957 1197/98/960 615/98/955
f 454/98/1710 934/98/1712 1632/98/957 1195/98/954
f 934/98/1712 298/98/1713 685/98/958 1632/98/957
f 1015/98/970 1633/98/953 1196/98/956 535/98/971
f 334/98/1711 742/98/1709 1633/98/953 1015/98/970
f 742/98/1709 454/98/1710 1195/98/954 1633/98/953
f 823/98/427 1634/98/949 825/98/952 378/98/428
f 535/98/971 1196/98/956 1634/98/949 823/98/427
f 1196/98/956 615/98/955 1194/98/950 1634/98/949
f 1191/98/942 1635/98/945 1193/98/948 614/98/943
f 540/98/927 1020/98/441 1635/98/945 1191/98/942
f 1020/98/441 379/98/440 1018/98/946 1635/98/945
f 882/98/1700 1636/98/941 1192/98/944 402/98/1699
f 330/98/1695 828/98/928 1636/98/941 882/98/1700
f 828/98/928 540/98/927 1191/98/942 1636/98/941
f 690/98/1698 1637/98/937 708/98/940 300/98/1688
f 402/98/1699 1192/98/944 1637/98/937 690/98/1698
f 1192/98/944 614/98/943 1190/98/938 1637/98/937
f 1187/98/930 1638/98/933 1189/98/936 613/98/931
f 394/98/1707 874/98/1708 1638/98/933 1187/98/930
f 874/98/1708 322/98/1703 1019/98/934 1638/98/933
f 930/98/1696 1639/98/929 1188/98/932 450/98/1694
f 294/98/1697 682/98/1706 1639/98/929 930/98/1696
f 682/98/1706 394/98/1707 1187/98/930 1639/98/929
f 738/98/1693 1640/98/925 828/98/928 330/98/1695
f 450/98/1694 1188/98/932 1640/98/925 738/98/1693
f 1188/98/932 613/98/931 1186/98/926 1640/98/925
f 1183/98/918 1641/98/921 1185/98/924 612/98/919
f 442/98/1702 922/98/1704 1641/98/921 1183/98/918
f 922/98/1704 304/98/1705 947/98/922 1641/98/921
f 1019/98/934 1642/98/917 1184/98/920 539/98/935
f 322/98/1703 730/98/1701 1642/98/917 1019/98/934
f 730/98/1701 442/98/1702 1183/98/918 1642/98/917
f 827/98/439 1643/98/913 829/98/916 379/98/440
f 539/98/935 1184/98/920 1643/98/913 827/98/439
f 1184/98/920 612/98/919 1182/98/914 1643/98/913
f 1179/98/906 1644/98/909 1181/98/912 611/98/907
f 544/98/891 1024/98/453 1644/98/909 1179/98/906
f 1024/98/453 380/98/452 1022/98/910 1644/98/909
f 870/98/1692 1645/98/905 1180/98/908 390/98/1690
f 318/98/1686 832/98/892 1645/98/905 870/98/1692
f 832/98/892 544/98/891 1179/98/906 1645/98/905
f 678/98/1689 1646/98/901 940/98/904 292/98/1691
f 390/98/1690 1180/98/908 1646/98/901 678/98/1689
f 1180/98/908 611/98/907 1178/98/902 1646/98/901
f 1175/98/894 1647/98/897 1177/98/900 610/98/895
f 420/98/939 900/98/437 1647/98/897 1175/98/894
f 900/98/437 348/98/436 1023/98/898 1647/98/897
f 918/98/1687 1648/98/893 1176/98/896 438/98/1685
f 300/98/1688 708/98/940 1648/98/893 918/98/1687
f 708/98/940 420/98/939 1175/98/894 1648/98/893
f 726/98/1684 1649/98/889 832/98/892 318/98/1686
f 438/98/1685 1176/98/896 1649/98/889 726/98/1684
f 1176/98/896 610/98/895 1174/98/890 1649/98/889
f 1171/98/882 1650/98/885 1173/98/888 609/98/883
f 468/98/1565 948/98/185 1650/98/885 1171/98/882
f 948/98/185 313/98/34 946/98/886 1650/98/885
f 1023/98/898 1651/98/881 1172/98/884 543/98/899
f 348/98/436 756/98/1566 1651/98/881 1023/98/898
f 756/98/1566 468/98/1565 1171/98/882 1651/98/881
f 831/98/451 1652/98/877 833/98/880 380/98/452
f 543/98/899 1172/98/884 1652/98/877 831/98/451
f 1172/98/884 609/98/883 1170/98/878 1652/98/877
f 1167/98/870 1653/98/873 1169/98/876 608/98/871
f 548/98/856 1028/98/464 1653/98/873 1167/98/870
f 1028/98/464 381/98/463 1026/98/874 1653/98/873
f 895/98/1605 1654/98/869 1168/98/872 415/98/1606
f 343/98/479 836/98/857 1654/98/869 895/98/1605
f 836/98/857 548/98/856 1167/98/870 1654/98/869
f 703/98/223 1655/98/866 705/98/180 312/98/224
f 415/98/1606 1168/98/872 1655/98/866 703/98/223
f 1168/98/872 608/98/871 1166/98/867 1655/98/866
f 1163/98/859 1656/98/862 1165/98/865 607/98/860
f 407/98/1453 887/98/1452 1656/98/862 1163/98/859
f 887/98/1452 335/98/324 1027/98/863 1656/98/862
f 943/98/816 1657/98/858 1164/98/861 463/98/817
f 305/98/267 695/98/266 1657/98/858 943/98/816
f 695/98/266 407/98/1453 1163/98/859 1657/98/858
f 751/98/478 1658/98/854 836/98/857 343/98/479
f 463/98/817 1164/98/861 1658/98/854 751/98/478
f 1164/98/861 607/98/860 1162/98/855 1658/98/854
f 1159/98/848 1659/98/851 1161/98/853 606/98/849
f 455/98/1278 935/98/1277 1659/98/851 1159/98/848
f 935/98/1277 295/98/198 680/98/197 1659/98/851
f 1027/98/863 1660/98/847 1160/98/850 547/98/864
f 335/98/324 743/98/323 1660/98/847 1027/98/863
f 743/98/323 455/98/1278 1159/98/848 1660/98/847
f 835/98/462 1661/98/843 837/98/846 381/98/463
f 547/98/864 1160/98/850 1661/98/843 835/98/462
f 1160/98/850 606/98/849 1158/98/844 1661/98/843
f 1155/98/836 1662/98/839 1157/98/842 605/98/837
f 552/98/821 1032/98/476 1662/98/839 1155/98/836
f 1032/98/476 382/98/475 1030/98/840 1662/98/839
f 890/98/1488 1663/98/835 1156/98/838 410/98/1489
f 338/98/360 840/98/822 1663/98/835 890/98/1488
f 840/98/822 552/98/821 1155/98/836 1663/98/835
f 698/98/256 1664/98/831 704/98/834 308/98/257
f 410/98/1489 1156/98/838 1664/98/831 698/98/256
f 1156/98/838 605/98/837 1154/98/832 1664/98/831
f 1151/98/824 1665/98/827 1153/98/830 604/98/825
f 395/98/1672 875/98/1671 1665/98/827 1151/98/824
f 875/98/1671 323/98/546 1031/98/828 1665/98/827
f 938/98/1170 1666/98/823 1152/98/826 458/98/1171
f 299/98/202 683/98/201 1666/98/823 938/98/1170
f 683/98/201 395/98/1672 1151/98/824 1666/98/823
f 746/98/359 1667/98/819 840/98/822 338/98/360
f 458/98/1171 1152/98/826 1667/98/819 746/98/359
f 1152/98/826 604/98/825 1150/98/820 1667/98/819
f 1147/98/812 1668/98/815 1149/98/818 603/98/813
f 443/98/604 923/98/603 1668/98/815 1147/98/812
f 923/98/603 305/98/267 943/98/816 1668/98/815
f 1031/98/828 1669/98/811 1148/98/814 551/98/829
f 323/98/546 731/98/545 1669/98/811 1031/98/828
f 731/98/545 443/98/604 1147/98/812 1669/98/811
f 839/98/474 1670/98/807 841/98/810 382/98/475
f 551/98/829 1148/98/814 1670/98/807 839/98/474
f 1148/98/814 603/98/813 1146/98/808 1670/98/807
f 1143/98/800 1671/98/803 1145/98/806 602/98/801
f 556/98/785 1036/98/486 1671/98/803 1143/98/800
f 1036/98/486 383/98/485 1034/98/804 1671/98/803
f 878/98/1659 1672/98/799 1144/98/802 398/98/1660
f 326/98/534 844/98/786 1672/98/799 878/98/1659
f 844/98/786 556/98/785 1143/98/800 1672/98/799
f 686/98/205 1673/98/795 941/98/798 297/98/206
f 398/98/1660 1144/98/802 1673/98/795 686/98/205
f 1144/98/802 602/98/801 1142/98/796 1673/98/795
f 1139/98/788 1674/98/791 1141/98/794 601/98/789
f 416/98/833 896/98/472 1674/98/791 1139/98/788
f 896/98/472 344/98/471 1035/98/792 1674/98/791
f 926/98/639 1675/98/787 1140/98/790 446/98/640
f 308/98/257 704/98/834 1675/98/787 926/98/639
f 704/98/834 416/98/833 1139/98/788 1675/98/787
f 734/98/533 1676/98/783 844/98/786 326/98/534
f 446/98/640 1140/98/790 1676/98/783 734/98/533
f 1140/98/790 601/98/789 1138/98/784 1676/98/783
f 1135/98/776 1677/98/779 1137/98/782 600/98/777
f 464/98/1599 944/98/177 1677/98/779 1135/98/776
f 944/98/177 312/98/224 942/98/780 1677/98/779
f 1035/98/792 1678/98/775 1136/98/778 555/98/793
f 344/98/471 752/98/174 1678/98/775 1035/98/792
f 752/98/174 464/98/1599 1135/98/776 1678/98/775
f 843/98/484 1679/98/771 845/98/774 383/98/485
f 555/98/793 1136/98/778 1679/98/771 843/98/484
f 1136/98/778 600/98/777 1134/98/772 1679/98/771
f 1131/98/764 1680/98/767 1133/98/770 599/98/765
f 560/98/751 1040/98/498 1680/98/767 1131/98/764
f 1040/98/498 384/98/497 1038/98/768 1680/98/767
f 894/98/1615 1681/98/763 1132/98/766 414/98/1616
f 342/98/489 848/98/752 1681/98/763 894/98/1615
f 848/98/752 560/98/751 1131/98/764 1681/98/763
f 702/98/219 1682/98/761 929/98/675 311/98/220
f 414/98/1616 1132/98/766 1682/98/761 702/98/219
f 1132/98/766 599/98/765 1130/98/762 1682/98/761
f 1127/98/754 1683/98/757 1129/98/760 598/98/755
f 417/98/868 897/98/183 1683/98/757 1127/98/754
f 897/98/183 345/98/460 1039/98/758 1683/98/757
f 942/98/780 1684/98/753 1128/98/756 462/98/781
f 312/98/224 705/98/180 1684/98/753 942/98/780
f 705/98/180 417/98/868 1127/98/754 1684/98/753
f 750/98/488 1685/98/749 848/98/752 342/98/489
f 462/98/781 1128/98/756 1685/98/749 750/98/488
f 1128/98/756 598/98/755 1126/98/750 1685/98/749
f 1123/98/743 1686/98/746 1125/98/748 597/98/744
f 465/98/1589 945/98/228 1686/98/746 1123/98/743
f 945/98/228 302/98/227 692/98/276 1686/98/746
f 1039/98/758 1687/98/742 1124/98/745 559/98/759
f 345/98/460 753/98/1590 1687/98/742 1039/98/758
f 753/98/1590 465/98/1589 1123/98/743 1687/98/742
f 847/98/496 1688/98/738 849/98/741 384/98/497
f 559/98/759 1124/98/745 1688/98/738 847/98/496
f 1124/98/745 597/98/744 1122/98/739 1688/98/738
f 1119/98/731 1689/98/734 1121/98/737 596/98/732
f 564/98/716 1044/98/509 1689/98/734 1119/98/731
f 1044/98/509 385/98/508 1042/98/735 1689/98/734
f 898/98/1584 1690/98/730 1120/98/733 418/98/1585
f 346/98/456 852/98/717 1690/98/730 898/98/1584
f 852/98/717 564/98/716 1119/98/731 1690/98/730
f 706/98/230 1691/98/726 928/98/729 310/98/231
f 418/98/1585 1120/98/733 1691/98/726 706/98/230
f 1120/98/733 596/98/732 1118/98/727 1691/98/726
f 1115/98/719 1692/98/722 1117/98/725 595/98/720
f 421/98/975 901/98/425 1692/98/722 1115/98/719
f 901/98/425 349/98/424 1043/98/723 1692/98/722
f 946/98/886 1693/98/718 1116/98/721 466/98/887
f 313/98/34 709/98/172 1693/98/718 946/98/886
f 709/98/172 421/98/975 1115/98/719 1693/98/718
f 754/98/455 1694/98/714 852/98/717 346/98/456
f 466/98/887 1116/98/721 1694/98/714 754/98/455
f 1116/98/721 595/98/720 1114/98/715 1694/98/714
f 1111/98/707 1695/98/710 1113/98/713 594/98/708
f 469/98/1553 949/98/238 1695/98/710 1111/98/707
f 949/98/238 307/98/237 697/98/711 1695/98/710
f 1043/98/723 1696/98/706 1112/98/709 563/98/724
f 349/98/424 757/98/1554 1696/98/706 1043/98/723
f 757/98/1554 469/98/1553 1111/98/707 1696/98/706
f 851/98/507 1697/98/702 853/98/705 385/98/508
f 563/98/724 1112/98/709 1697/98/702 851/98/507
f 1112/98/709 594/98/708 1110/98/703 1697/98/702
f 1107/98/695 1698/98/698 1109/98/701 593/98/696
f 568/98/680 1048/98/521 1698/98/698 1107/98/695
f 1048/98/521 386/98/520 1046/98/699 1698/98/698
f 902/98/1548 1699/98/694 1108/98/697 422/98/1549
f 350/98/420 856/98/681 1699/98/694 902/98/1548
f 856/98/681 568/98/680 1107/98/695 1699/98/694
f 710/98/240 1700/98/690 919/98/693 301/98/241
f 422/98/1549 1108/98/697 1700/98/690 710/98/240
f 1108/98/697 593/98/696 1106/98/691 1700/98/690
f 1103/98/683 1701/98/686 1105/98/689 592/98/684
f 425/98/1080 905/98/389 1701/98/686 1103/98/683
f 905/98/389 353/98/388 1047/98/687 1701/98/686
f 950/98/993 1702/98/682 1104/98/685 470/98/994
f 314/98/245 713/98/115 1702/98/682 950/98/993
f 713/98/115 425/98/1080 1103/98/683 1702/98/682
f 758/98/419 1703/98/678 856/98/681 350/98/420
f 470/98/994 1104/98/685 1703/98/678 758/98/419
f 1104/98/685 592/98/684 1102/98/679 1703/98/678
f 1099/98/671 1704/98/674 1101/98/677 591/98/672
f 473/98/1517 953/98/247 1704/98/674 1099/98/671
f 953/98/247 311/98/220 929/98/675 1704/98/674
f 1047/98/687 1705/98/670 1100/98/673 567/98/688
f 353/98/388 761/98/1518 1705/98/670 1047/98/687
f 761/98/1518 473/98/1517 1099/98/671 1705/98/670
f 855/98/519 1706/98/666 857/98/669 386/98/520
f 567/98/688 1100/98/673 1706/98/666 855/98/519
f 1100/98/673 591/98/672 1098/98/667 1706/98/666
f 1095/98/659 1707/98/662 1097/98/665 590/98/660
f 572/98/644 1052/98/531 1707/98/662 1095/98/659
f 1052/98/531 387/98/530 1050/98/663 1707/98/662
f 906/98/1512 1708/98/658 1096/98/661 426/98/1513
f 354/98/384 860/98/645 1708/98/658 906/98/1512
f 860/98/645 572/98/644 1095/98/659 1708/98/658
f 714/98/249 1709/98/654 699/98/657 309/98/250
f 426/98/1513 1096/98/661 1709/98/654 714/98/249
f 1096/98/661 590/98/660 1094/98/655 1709/98/654
f 1091/98/647 1710/98/650 1093/98/653 589/98/648
f 429/98/1187 909/98/353 1710/98/650 1091/98/647
f 909/98/353 357/98/352 1051/98/651 1710/98/650
f 954/98/1098 1711/98/646 1092/98/649 474/98/1099
f 315/98/254 717/98/193 1711/98/646 954/98/1098
f 717/98/193 429/98/1187 1091/98/647 1711/98/646
f 762/98/383 1712/98/642 860/98/645 354/98/384
f 474/98/1099 1092/98/649 1712/98/642 762/98/383
f 1092/98/649 589/98/648 1090/98/643 1712/98/642
f 1087/98/635 1713/98/638 1089/98/641 588/98/636
f 477/98/1481 957/98/258 1713/98/638 1087/98/635
f 957/98/258 308/98/257 926/98/639 1713/98/638
f 1051/98/651 1714/98/634 1088/98/637 571/98/652
f 357/98/352 765/98/1482 1714/98/634 1051/98/651
f 765/98/1482 477/98/1481 1087/98/635 1714/98/634
f 859/98/529 1715/98/630 861/98/633 387/98/530
f 571/98/652 1088/98/637 1715/98/630 859/98/529
f 1088/98/637 588/98/636 1086/98/631 1715/98/630
f 1083/98/623 1716/98/626 1085/98/629 587/98/624
f 576/98/608 1056/98/543 1716/98/626 1083/98/623
f 1056/98/543 388/98/542 1054/98/627 1716/98/626
f 910/98/1476 1717/98/622 1084/98/625 430/98/1477
f 358/98/348 864/98/609 1717/98/622 910/98/1476
f 864/98/609 576/98/608 1083/98/623 1717/98/622
f 718/98/260 1718/98/618 696/98/621 306/98/261
f 430/98/1477 1084/98/625 1718/98/618 718/98/260
f 1084/98/625 587/98/624 1082/98/619 1718/98/618
f 1079/98/611 1719/98/614 1081/98/617 586/98/612
f 433/98/1294 913/98/317 1719/98/614 1079/98/611
f 913/98/317 361/98/316 1055/98/615 1719/98/614
f 958/98/1205 1720/98/610 1080/98/613 478/98/1206
f 316/98/164 721/98/120 1720/98/610 958/98/1205
f 721/98/120 433/98/1294 1079/98/611 1720/98/610
f 766/98/347 1721/98/606 864/98/609 358/98/348
f 478/98/1206 1080/98/613 1721/98/606 766/98/347
f 1080/98/613 586/98/612 1078/98/607 1721/98/606
f 1075/98/599 1722/98/602 1077/98/605 585/98/600
f 481/98/1445 961/98/268 1722/98/602 1075/98/599
f 961/98/268 305/98/267 923/98/603 1722/98/602
f 1055/98/615 1723/98/598 1076/98/601 575/98/616
f 361/98/316 769/98/1446 1723/98/598 1055/98/615
f 769/98/1446 481/98/1445 1075/98/599 1723/98/598
f 863/98/541 1724/98/594 865/98/597 388/98/542
f 575/98/616 1076/98/601 1724/98/594 863/98/541
f 1076/98/601 585/98/600 1074/98/595 1724/98/594
f 1071/98/587 1725/98/590 1073/98/593 584/98/588
f 580/98/572 1060/98/555 1725/98/590 1071/98/587
f 1060/98/555 389/98/554 1058/98/591 1725/98/590
f 914/98/1440 1726/98/586 1072/98/589 434/98/1441
f 362/98/312 868/98/573 1726/98/586 914/98/1440
f 868/98/573 580/98/572 1071/98/587 1726/98/586
f 722/98/270 1727/98/582 693/98/585 303/98/271
f 434/98/1441 1072/98/589 1727/98/582 722/98/270
f 1072/98/589 584/98/588 1070/98/583 1727/98/582
f 1067/98/575 1728/98/578 1069/98/581 583/98/576
f 437/98/1400 917/98/281 1728/98/578 1067/98/575
f 917/98/281 365/98/280 1059/98/579 1728/98/578
f 962/98/1312 1729/98/574 1068/98/577 482/98/1313
f 317/98/99 725/98/161 1729/98/574 962/98/1312
f 725/98/161 437/98/1400 1067/98/575 1729/98/574
f 770/98/311 1730/98/570 868/98/573 362/98/312
f 482/98/1313 1068/98/577 1730/98/570 770/98/311
f 1068/98/577 583/98/576 1066/98/571 1730/98/570
f 1063/98/564 1731/98/567 1065/98/569 582/98/565
f 485/98/1411 965/98/277 1731/98/567 1063/98/564
f 965/98/277 302/98/227 920/98/226 1731/98/567
f 1059/98/579 1732/98/563 1064/98/566 579/98/580
f 365/98/280 773/98/1412 1732/98/563 1059/98/579
f 773/98/1412 485/98/1411 1063/98/564 1732/98/563
f 867/98/553 1733/98/559 869/98/562 389/98/554
f 579/98/580 1064/98/566 1733/98/559 867/98/553
f 1064/98/566 582/98/565 1062/98/560 1733/98/559
f 1062/98/560 1734/98/556 1061/98/558 581/98/561
f 582/98/565 1065/98/569 1734/98/556 1062/98/560
f 1065/98/569 440/98/568 728/98/557 1734/98/556
f 1066/98/571 1735/98/552 1060/98/555 580/98/572
f 583/98/576 1069/98/581 1735/98/552 1066/98/571
f 1069/98/581 579/98/580 867/98/553 1735/98/552
f 1070/98/583 1736/98/548 885/98/551 405/98/584
f 584/98/588 1073/98/593 1736/98/548 1070/98/583
f 1073/98/593 578/98/592 866/98/549 1736/98/548
f 1074/98/595 1737/98/544 1057/98/547 577/98/596
f 585/98/600 1077/98/605 1737/98/544 1074/98/595
f 1077/98/605 443/98/604 731/98/545 1737/98/544
f 1078/98/607 1738/98/540 1056/98/543 576/98/608
f 586/98/612 1081/98/617 1738/98/540 1078/98/607
f 1081/98/617 575/98/616 863/98/541 1738/98/540
f 1082/98/619 1739/98/536 888/98/539 408/98/620
f 587/98/624 1085/98/629 1739/98/536 1082/98/619
f 1085/98/629 574/98/628 862/98/537 1739/98/536
f 1086/98/631 1740/98/532 1053/98/535 573/98/632
f 588/98/636 1089/98/641 1740/98/532 1086/98/631
f 1089/98/641 446/98/640 734/98/533 1740/98/532
f 1090/98/643 1741/98/528 1052/98/531 572/98/644
f 589/98/648 1093/98/653 1741/98/528 1090/98/643
f 1093/98/653 571/98/652 859/98/529 1741/98/528
f 1094/98/655 1742/98/524 891/98/527 411/98/656
f 590/98/660 1097/98/665 1742/98/524 1094/98/655
f 1097/98/665 570/98/664 858/98/525 1742/98/524
f 1098/98/667 1743/98/522 1049/98/523 569/98/668
f 591/98/672 1101/98/677 1743/98/522 1098/98/667
f 1101/98/677 449/98/676 737/98/494 1743/98/522
f 1102/98/679 1744/98/518 1048/98/521 568/98/680
f 592/98/684 1105/98/689 1744/98/518 1102/98/679
f 1105/98/689 567/98/688 855/98/519 1744/98/518
f 1106/98/691 1745/98/514 727/98/517 439/98/692
f 593/98/696 1109/98/701 1745/98/514 1106/98/691
f 1109/98/701 566/98/700 854/98/515 1745/98/514
f 1110/98/703 1746/98/510 1045/98/513 565/98/704
f 594/98/708 1113/98/713 1746/98/510 1110/98/703
f 1113/98/713 409/98/712 889/98/511 1746/98/510
f 1114/98/715 1747/98/506 1044/98/509 564/98/716
f 595/98/720 1117/98/725 1747/98/506 1114/98/715
f 1117/98/725 563/98/724 851/98/507 1747/98/506
f 1118/98/727 1748/98/502 736/98/505 448/98/728
f 596/98/732 1121/98/737 1748/98/502 1118/98/727
f 1121/98/737 562/98/736 850/98/503 1748/98/502
f 1122/98/739 1749/98/499 1041/98/501 561/98/740
f 597/98/744 1125/98/748 1749/98/499 1122/98/739
f 1125/98/748 404/98/747 884/98/500 1749/98/499
f 1126/98/750 1750/98/495 1040/98/498 560/98/751
f 598/98/755 1129/98/760 1750/98/495 1126/98/750
f 1129/98/760 559/98/759 847/98/496 1750/98/495
f 1130/98/762 1751/98/491 737/98/494 449/98/676
f 599/98/765 1133/98/770 1751/98/491 1130/98/762
f 1133/98/770 558/98/769 846/98/492 1751/98/491
f 1134/98/772 1752/98/487 1037/98/490 557/98/773
f 600/98/777 1137/98/782 1752/98/487 1134/98/772
f 1137/98/782 462/98/781 750/98/488 1752/98/487
f 1138/98/784 1753/98/483 1036/98/486 556/98/785
f 601/98/789 1141/98/794 1753/98/483 1138/98/784
f 1141/98/794 555/98/793 843/98/484 1753/98/483
f 1142/98/796 1754/98/481 749/98/395 461/98/797
f 602/98/801 1145/98/806 1754/98/481 1142/98/796
f 1145/98/806 554/98/805 842/98/482 1754/98/481
f 1146/98/808 1755/98/477 1033/98/480 553/98/809
f 603/98/813 1149/98/818 1755/98/477 1146/98/808
f 1149/98/818 463/98/817 751/98/478 1755/98/477
f 1150/98/820 1756/98/473 1032/98/476 552/98/821
f 604/98/825 1153/98/830 1756/98/473 1150/98/820
f 1153/98/830 551/98/829 839/98/474 1756/98/473
f 1154/98/832 1757/98/469 896/98/472 416/98/833
f 605/98/837 1157/98/842 1757/98/469 1154/98/832
f 1157/98/842 550/98/841 838/98/470 1757/98/469
f 1158/98/844 1758/98/465 1029/98/468 549/98/845
f 606/98/849 1161/98/853 1758/98/465 1158/98/844
f 1161/98/853 392/98/852 872/98/466 1758/98/465
f 1162/98/855 1759/98/461 1028/98/464 548/98/856
f 607/98/860 1165/98/865 1759/98/461 1162/98/855
f 1165/98/865 547/98/864 835/98/462 1759/98/461
f 1166/98/867 1760/98/458 897/98/183 417/98/868
f 608/98/871 1169/98/876 1760/98/458 1166/98/867
f 1169/98/876 546/98/875 834/98/459 1760/98/458
f 1170/98/878 1761/98/454 1025/98/457 545/98/879
f 609/98/883 1173/98/888 1761/98/454 1170/98/878
f 1173/98/888 466/98/887 754/98/455 1761/98/454
f 1174/98/890 1762/98/450 1024/98/453 544/98/891
f 610/98/895 1177/98/900 1762/98/450 1174/98/890
f 1177/98/900 543/98/899 831/98/451 1762/98/450
f 1178/98/902 1763/98/446 748/98/449 460/98/903
f 611/98/907 1181/98/912 1763/98/446 1178/98/902
f 1181/98/912 542/98/911 830/98/447 1763/98/446
f 1182/98/914 1764/98/442 1021/98/445 541/98/915
f 612/98/919 1185/98/924 1764/98/442 1182/98/914
f 1185/98/924 467/98/923 755/98/443 1764/98/442
f 1186/98/926 1765/98/438 1020/98/441 540/98/927
f 613/98/931 1189/98/936 1765/98/438 1186/98/926
f 1189/98/936 539/98/935 827/98/439 1765/98/438
f 1190/98/938 1766/98/434 900/98/437 420/98/939
f 614/98/943 1193/98/948 1766/98/434 1190/98/938
f 1193/98/948 538/98/947 826/98/435 1766/98/434
f 1194/98/950 1767/98/430 1017/98/433 537/98/951
f 615/98/955 1197/98/960 1767/98/430 1194/98/950
f 1197/98/960 397/98/959 877/98/431 1767/98/430
f 1198/98/962 1768/98/426 1016/98/429 536/98/963
f 616/98/967 1201/98/972 1768/98/426 1198/98/962
f 1201/98/972 535/98/971 823/98/427 1768/98/426
f 1202/98/974 1769/98/422 901/98/425 421/98/975
f 617/98/978 1205/98/983 1769/98/422 1202/98/974
f 1205/98/983 534/98/982 822/98/423 1769/98/422
f 1206/98/985 1770/98/418 1013/98/421 533/98/986
f 618/98/990 1209/98/995 1770/98/418 1206/98/985
f 1209/98/995 470/98/994 758/98/419 1770/98/418
f 1210/98/997 1771/98/414 1012/98/417 532/98/998
f 619/98/1002 1213/98/1007 1771/98/414 1210/98/997
f 1213/98/1007 531/98/1006 819/98/415 1771/98/414
f 1214/98/1009 1772/98/410 739/98/413 451/98/1010
f 620/98/1014 1217/98/1019 1772/98/410 1214/98/1009
f 1217/98/1019 530/98/1018 818/98/411 1772/98/410
f 1218/98/1021 1773/98/406 1009/98/409 529/98/1022
f 621/98/1026 1221/98/1031 1773/98/406 1218/98/1021
f 1221/98/1031 471/98/1030 759/98/407 1773/98/406
f 1222/98/1033 1774/98/402 1008/98/405 528/98/1034
f 622/98/1038 1225/98/1043 1774/98/402 1222/98/1033
f 1225/98/1043 527/98/1042 815/98/403 1774/98/402
f 1226/98/1045 1775/98/398 904/98/401 424/98/1046
f 623/98/1050 1229/98/1055 1775/98/398 1226/98/1045
f 1229/98/1055 526/98/1054 814/98/399 1775/98/398
f 1230/98/1057 1776/98/394 1005/98/397 525/98/1058
f 624/98/1062 1233/98/1065 1776/98/394 1230/98/1057
f 1233/98/1065 461/98/797 749/98/395 1776/98/394
f 1234/98/1067 1777/98/390 1004/98/393 524/98/1068
f 625/98/1072 1237/98/1077 1777/98/390 1234/98/1067
f 1237/98/1077 523/98/1076 811/98/391 1777/98/390
f 1238/98/1079 1778/98/386 905/98/389 425/98/1080
f 626/98/1083 1241/98/1088 1778/98/386 1238/98/1079
f 1241/98/1088 522/98/1087 810/98/387 1778/98/386
f 1242/98/1090 1779/98/382 1001/98/385 521/98/1091
f 627/98/1095 1245/98/1100 1779/98/382 1242/98/1090
f 1245/98/1100 474/98/1099 762/98/383 1779/98/382
f 1246/98/1102 1780/98/378 1000/98/381 520/98/1103
f 628/98/1107 1249/98/1112 1780/98/378 1246/98/1102
f 1249/98/1112 519/98/1111 807/98/379 1780/98/378
f 1250/98/1114 1781/98/374 879/98/377 399/98/1115
f 629/98/1119 1253/98/1124 1781/98/374 1250/98/1114
f 1253/98/1124 518/98/1123 806/98/375 1781/98/374
f 1254/98/1126 1782/98/370 997/98/373 517/98/1127
f 630/98/1131 1257/98/1136 1782/98/370 1254/98/1126
f 1257/98/1136 475/98/1135 763/98/371 1782/98/370
f 1258/98/1138 1783/98/366 996/98/369 516/98/1139
f 631/98/1143 1261/98/1148 1783/98/366 1258/98/1138
f 1261/98/1148 515/98/1147 803/98/367 1783/98/366
f 1262/98/1150 1784/98/362 908/98/365 428/98/1151
f 632/98/1155 1265/98/1160 1784/98/362 1262/98/1150
f 1265/98/1160 514/98/1159 802/98/363 1784/98/362
f 1266/98/1162 1785/98/358 993/98/361 513/98/1163
f 633/98/1167 1269/98/1172 1785/98/358 1266/98/1162
f 1269/98/1172 458/98/1171 746/98/359 1785/98/358
f 1270/98/1174 1786/98/354 992/98/357 512/98/1175
f 634/98/1179 1273/98/1184 1786/98/354 1270/98/1174
f 1273/98/1184 511/98/1183 799/98/355 1786/98/354
f 1274/98/1186 1787/98/350 909/98/353 429/98/1187
f 635/98/1190 1277/98/1195 1787/98/350 1274/98/1186
f 1277/98/1195 510/98/1194 798/98/351 1787/98/350
f 1278/98/1197 1788/98/346 989/98/349 509/98/1198
f 636/98/1202 1281/98/1207 1788/98/346 1278/98/1197
f 1281/98/1207 478/98/1206 766/98/347 1788/98/346
f 1282/98/1209 1789/98/342 988/98/345 508/98/1210
f 637/98/1214 1285/98/1219 1789/98/342 1282/98/1209
f 1285/98/1219 507/98/1218 795/98/343 1789/98/342
f 1286/98/1221 1790/98/338 876/98/341 396/98/1222
f 638/98/1226 1289/98/1231 1790/98/338 1286/98/1221
f 1289/98/1231 506/98/1230 794/98/339 1790/98/338
f 1290/98/1233 1791/98/334 985/98/337 505/98/1234
f 639/98/1238 1293/98/1243 1791/98/334 1290/98/1233
f 1293/98/1243 479/98/1242 767/98/335 1791/98/334
f 1294/98/1245 1792/98/330 984/98/333 504/98/1246
f 640/98/1250 1297/98/1255 1792/98/330 1294/98/1245
f 1297/98/1255 503/98/1254 791/98/331 1792/98/330
f 1298/98/1257 1793/98/326 912/98/329 432/98/1258
f 641/98/1262 1301/98/1267 1793/98/326 1298/98/1257
f 1301/98/1267 502/98/1266 790/98/327 1793/98/326
f 1302/98/1269 1794/98/322 981/98/325 501/98/1270
f 642/98/1274 1305/98/1279 1794/98/322 1302/98/1269
f 1305/98/1279 455/98/1278 743/98/323 1794/98/322
f 1306/98/1281 1795/98/318 980/98/321 500/98/1282
f 643/98/1286 1309/98/1291 1795/98/318 1306/98/1281
f 1309/98/1291 499/98/1290 787/98/319 1795/98/318
f 1310/98/1293 1796/98/314 913/98/317 433/98/1294
f 644/98/1297 1313/98/1302 1796/98/314 1310/98/1293
f 1313/98/1302 498/98/1301 786/98/315 1796/98/314
f 1314/98/1304 1797/98/310 977/98/313 497/98/1305
f 645/98/1309 1317/98/1314 1797/98/310 1314/98/1304
f 1317/98/1314 482/98/1313 770/98/311 1797/98/310
f 1318/98/1316 1798/98/306 976/98/309 496/98/1317
f 646/98/1321 1321/98/1326 1798/98/306 1318/98/1316
f 1321/98/1326 495/98/1325 783/98/307 1798/98/306
f 1322/98/1328 1799/98/302 873/98/305 393/98/1329
f 647/98/1333 1325/98/1338 1799/98/302 1322/98/1328
f 1325/98/1338 494/98/1337 782/98/303 1799/98/302
f 1326/98/1340 1800/98/298 973/98/301 493/98/1341
f 648/98/1345 1329/98/1350 1800/98/298 1326/98/1340
f 1329/98/1350 483/98/1349 771/98/299 1800/98/298
f 1330/98/1352 1801/98/294 972/98/297 492/98/1353
f 649/98/1357 1333/98/1362 1801/98/294 1330/98/1352
f 1333/98/1362 491/98/1361 779/98/295 1801/98/294
f 1334/98/1364 1802/98/290 916/98/293 436/98/1365
f 650/98/1369 1337/98/1374 1802/98/290 1334/98/1364
f 1337/98/1374 490/98/1373 778/98/291 1802/98/290
f 1338/98/1376 1803/98/286 969/98/289 489/98/1377
f 651/98/1381 1341/98/1385 1803/98/286 1338/98/1376
f 1341/98/1385 452/98/1384 740/98/287 1803/98/286
f 1342/98/1387 1804/98/282 968/98/285 488/98/1388
f 652/98/1392 1345/98/1397 1804/98/282 1342/98/1387
f 1345/98/1397 487/98/1396 775/98/283 1804/98/282
f 1346/98/1399 1805/98/278 917/98/281 437/98/1400
f 653/98/1403 1349/98/1408 1805/98/278 1346/98/1399
f 1349/98/1408 486/98/1407 774/98/279 1805/98/278
f 1350/98/1410 1806/98/275 965/98/277 485/98/1411
f 654/98/1415 1353/98/1418 1806/98/275 1350/98/1410
f 1353/98/1418 404/98/747 692/98/276 1806/98/275
f 1354/98/1420 1807/98/273 964/98/166 484/98/1421
f 655/98/1425 1357/98/1430 1807/98/273 1354/98/1420
f 1357/98/1430 435/98/1429 723/98/274 1807/98/273
f 1358/98/1432 1808/98/269 921/98/272 441/98/1433
f 656/98/1437 1361/98/1442 1808/98/269 1358/98/1432
f 1361/98/1442 434/98/1441 722/98/270 1808/98/269
f 1362/98/1444 1809/98/265 961/98/268 481/98/1445
f 657/98/1449 1365/98/1454 1809/98/265 1362/98/1444
f 1365/98/1454 407/98/1453 695/98/266 1809/98/265
f 1366/98/1456 1810/98/263 960/98/107 480/98/1457
f 658/98/1461 1369/98/1466 1810/98/263 1366/98/1456
f 1369/98/1466 431/98/1465 719/98/264 1810/98/263
f 1370/98/1468 1811/98/259 924/98/262 444/98/1469
f 659/98/1473 1373/98/1478 1811/98/259 1370/98/1468
f 1373/98/1478 430/98/1477 718/98/260 1811/98/259
f 1374/98/1480 1812/98/255 957/98/258 477/98/1481
f 660/98/1485 1377/98/1490 1812/98/255 1374/98/1480
f 1377/98/1490 410/98/1489 698/98/256 1812/98/255
f 1378/98/1492 1813/98/252 956/98/191 476/98/1493
f 661/98/1497 1381/98/1502 1813/98/252 1378/98/1492
f 1381/98/1502 427/98/1501 715/98/253 1813/98/252
f 1382/98/1504 1814/98/248 927/98/251 447/98/1505
f 662/98/1509 1385/98/1514 1814/98/248 1382/98/1504
f 1385/98/1514 426/98/1513 714/98/249 1814/98/248
f 1386/98/1516 1815/98/246 953/98/247 473/98/1517
f 663/98/1521 1389/98/1526 1815/98/246 1386/98/1516
f 1389/98/1526 413/98/1525 701/98/221 1815/98/246
f 1390/98/1528 1816/98/243 952/98/112 472/98/1529
f 664/98/1533 1393/98/1538 1816/98/243 1390/98/1528
f 1393/98/1538 423/98/1537 711/98/244 1816/98/243
f 1394/98/1540 1817/98/239 691/98/242 403/98/1541
f 665/98/1545 1397/98/1550 1817/98/239 1394/98/1540
f 1397/98/1550 422/98/1549 710/98/240 1817/98/239
f 1398/98/1552 1818/98/235 949/98/238 469/98/1553
f 666/98/1557 1401/98/1562 1818/98/235 1398/98/1552
f 1401/98/1562 445/98/1561 925/98/236 1818/98/235
f 1402/98/1564 1819/98/233 948/98/185 468/98/1565
f 667/98/1569 1405/98/1574 1819/98/233 1402/98/1564
f 1405/98/1574 419/98/1573 707/98/234 1819/98/233
f 1406/98/1576 1820/98/229 700/98/232 412/98/1577
f 668/98/1581 1409/98/1586 1820/98/229 1406/98/1576
f 1409/98/1586 418/98/1585 706/98/230 1820/98/229
f 1410/98/1588 1821/98/225 945/98/228 465/98/1589
f 669/98/1593 1413/98/1596 1821/98/225 1410/98/1588
f 1413/98/1596 440/98/568 920/98/226 1821/98/225
f 1414/98/1598 1822/98/222 944/98/177 464/98/1599
f 670/98/1602 1417/98/1607 1822/98/222 1414/98/1598
f 1417/98/1607 415/98/1606 703/98/223 1822/98/222
f 1418/98/1609 1823/98/218 701/98/221 413/98/1525
f 671/98/1612 1421/98/1617 1823/98/218 1418/98/1609
f 1421/98/1617 414/98/1616 702/98/219 1823/98/218
f 1422/98/1619 1824/98/216 689/98/209 401/98/1620
f 672/98/1624 1425/98/1627 1824/98/216 1422/98/1619
f 1425/98/1627 452/98/1384 932/98/217 1824/98/216
f 1426/98/1629 1825/98/212 688/98/215 400/98/1630
f 673/98/1634 1429/98/1639 1825/98/212 1426/98/1629
f 1429/98/1639 457/98/1638 937/98/213 1825/98/212
f 1430/98/1641 1826/98/208 679/98/211 391/98/1642
f 674/98/1646 1433/98/1649 1826/98/208 1430/98/1641
f 1433/98/1649 401/98/1620 689/98/209 1826/98/208
f 1434/98/1651 1827/98/204 939/98/207 459/98/1652
f 675/98/1656 1437/98/1661 1827/98/204 1434/98/1651
f 1437/98/1661 398/98/1660 686/98/205 1827/98/204
f 1438/98/1663 1828/98/200 936/98/203 456/98/1664
f 676/98/1668 1441/98/1673 1828/98/200 1438/98/1663
f 1441/98/1673 395/98/1672 683/98/201 1828/98/200
f 1442/98/1675 1829/98/196 933/98/199 453/98/1676
f 677/98/1680 1445/98/1683 1829/98/196 1442/98/1675
f 1445/98/1683 392/98/852 680/98/197 1829/98/196
