# Blender 4.2.3 LTS
# www.blender.org
mtllib sphere.mtl
o Cube.001
v -0.499988 -0.499988 0.499988
v -0.499988 0.499988 0.499988
v -0.499988 -0.499988 -0.499988
v -0.499988 0.499988 -0.499988
v 0.499988 -0.499988 0.499988
v 0.499988 0.499988 0.499988
v 0.499988 -0.499988 -0.499988
v 0.499988 0.499988 -0.499988
v -0.612358 -0.612358 -0.000000
v -0.612358 0.000000 0.612358
v -0.612358 0.612358 -0.000000
v -0.612358 0.000000 -0.612358
v -0.000000 -0.612358 -0.612358
v -0.000000 0.612358 -0.612358
v 0.612358 0.000000 -0.612358
v 0.612358 -0.612358 -0.000000
v 0.612358 0.612358 -0.000000
v 0.612358 0.000000 0.612358
v -0.000000 -0.612358 0.612358
v -0.000000 0.612358 0.612358
v -0.000000 0.866005 -0.000000
v -0.000000 -0.866005 -0.000000
v -0.000000 0.000000 0.866005
v 0.866005 0.000000 -0.000000
v -0.000000 0.000000 -0.866005
v -0.866005 0.000000 -0.000000
v -0.583590 -0.583590 0.262318
v -0.583590 0.262318 0.583590
v -0.583590 0.583590 -0.262318
v -0.583590 -0.262318 -0.583590
v -0.262318 -0.583590 -0.583590
v 0.262318 0.583590 -0.583590
v 0.583590 -0.262318 -0.583590
v 0.583590 -0.583590 -0.262318
v 0.583590 0.583590 0.262318
v 0.583590 -0.262318 0.583590
v 0.262318 -0.583590 0.583590
v -0.262318 0.583590 0.583590
v -0.583590 -0.583590 -0.262318
v -0.583590 -0.262318 0.583590
v -0.583590 0.583590 0.262318
v -0.583590 0.262318 -0.583589
v 0.262318 -0.583590 -0.583590
v -0.262318 0.583590 -0.583590
v 0.583590 0.262318 -0.583590
v 0.583590 -0.583590 0.262318
v 0.583590 0.583590 -0.262318
v 0.583590 0.262318 0.583590
v -0.262318 -0.583590 0.583590
v 0.262318 0.583590 0.583590
v -0.000000 0.800084 0.331406
v -0.000000 0.800084 -0.331406
v 0.331406 0.800084 -0.000000
v -0.331406 0.800084 -0.000000
v -0.000000 -0.800084 0.331406
v -0.000000 -0.800084 -0.331406
v -0.331406 -0.800084 -0.000000
v 0.331406 -0.800084 -0.000000
v -0.331406 0.000000 0.800084
v 0.331406 0.000000 0.800084
v -0.000000 -0.331406 0.800084
v -0.000000 0.331406 0.800084
v 0.800084 0.000000 0.331406
v 0.800084 0.000000 -0.331406
v 0.800084 -0.331406 -0.000000
v 0.800084 0.331406 -0.000000
v 0.331406 0.000000 -0.800084
v -0.331406 0.000000 -0.800084
v -0.000000 -0.331406 -0.800084
v -0.000000 0.331406 -0.800084
v -0.800084 0.000000 -0.331406
v -0.800084 0.000000 0.331406
v -0.800084 -0.331406 -0.000000
v -0.800084 0.331406 -0.000000
v -0.742045 0.318406 0.312971
v -0.742045 -0.318406 0.312971
v -0.742045 -0.318406 -0.312971
v -0.312971 0.318406 -0.742045
v -0.312971 -0.318406 -0.742045
v 0.312971 -0.318406 -0.742045
v 0.742045 0.318406 -0.312971
v 0.742045 -0.318406 -0.312971
v 0.742045 -0.318406 0.312971
v 0.312971 0.318406 0.742045
v 0.312971 -0.318406 0.742045
v -0.312971 -0.318406 0.742045
v 0.318406 -0.742045 -0.312971
v -0.318406 -0.742045 -0.312971
v -0.318406 -0.742045 0.312971
v -0.318406 0.742045 -0.312971
v 0.318406 0.742045 -0.312971
v 0.318406 0.742045 0.312971
v -0.318406 0.742045 0.312971
v 0.318406 -0.742045 0.312971
v -0.312971 0.318406 0.742045
v 0.742045 0.318406 0.312971
v 0.312971 0.318406 -0.742045
v -0.742045 0.318406 -0.312971
v -0.548266 -0.548266 0.385710
v -0.548266 0.385710 0.548266
v -0.548266 0.548266 -0.385710
v -0.548266 -0.385710 -0.548266
v -0.385710 -0.548269 -0.548264
v 0.385710 0.548269 -0.548264
v 0.548266 -0.385710 -0.548266
v 0.548266 -0.548266 -0.385710
v 0.548267 0.548266 0.385710
v 0.548267 -0.385710 0.548267
v 0.385710 -0.548269 0.548264
v -0.385710 0.548269 0.548264
v -0.605123 -0.605123 -0.132727
v -0.605123 -0.132727 0.605123
v -0.605123 0.605123 0.132727
v -0.605123 0.132727 -0.605123
v 0.132727 -0.605131 -0.605115
v -0.132727 0.605131 -0.605115
v 0.605123 0.132727 -0.605123
v 0.605123 -0.605123 0.132727
v 0.605123 0.605123 -0.132727
v 0.605123 0.132727 0.605123
v -0.132727 -0.605131 0.605115
v 0.132727 0.605131 0.605115
v -0.000000 0.720057 0.481126
v 0.000000 0.849365 -0.168949
v 0.481126 0.720057 0.000000
v -0.168949 0.849365 0.000000
v -0.000000 -0.720057 0.481126
v 0.000000 -0.849365 -0.168949
v -0.481126 -0.720057 0.000000
v 0.168949 -0.849365 0.000000
v -0.481127 0.000000 0.720057
v 0.168949 -0.000000 0.849365
v -0.000000 -0.481127 0.720057
v -0.000000 0.168949 0.849365
v 0.720057 0.000000 0.481126
v 0.849365 -0.000000 -0.168949
v 0.720057 -0.481127 0.000000
v 0.849365 0.168949 0.000000
v 0.481126 0.000000 -0.720057
v -0.168949 -0.000000 -0.849365
v 0.000000 -0.481126 -0.720057
v 0.000000 0.168949 -0.849365
v -0.720057 0.000000 -0.481126
v -0.849365 -0.000000 0.168949
v -0.720057 -0.481126 0.000000
v -0.849365 0.168949 0.000000
v -0.605123 -0.605123 0.132727
v -0.605123 0.132727 0.605123
v -0.605123 0.605123 -0.132727
v -0.605123 -0.132727 -0.605123
v -0.132727 -0.605131 -0.605115
v 0.132727 0.605131 -0.605115
v 0.605123 -0.132727 -0.605123
v 0.605123 -0.605123 -0.132727
v 0.605123 0.605123 0.132727
v 0.605123 -0.132727 0.605123
v 0.132727 -0.605131 0.605115
v -0.132727 0.605131 0.605115
v -0.548266 -0.548266 -0.385710
v -0.548266 -0.385710 0.548267
v -0.548266 0.548267 0.385710
v -0.548266 0.385710 -0.548266
v 0.385710 -0.548269 -0.548264
v -0.385710 0.548269 -0.548264
v 0.548266 0.385710 -0.548266
v 0.548267 -0.548267 0.385710
v 0.548266 0.548266 -0.385710
v 0.548266 0.385710 0.548266
v -0.385710 -0.548269 0.548264
v 0.385710 0.548269 0.548264
v 0.000000 0.849365 0.168949
v -0.000000 0.720057 -0.481126
v 0.168949 0.849365 0.000000
v -0.481126 0.720057 0.000000
v 0.000000 -0.849365 0.168949
v -0.000000 -0.720057 -0.481126
v -0.168949 -0.849365 0.000000
v 0.481127 -0.720057 0.000000
v -0.168949 -0.000000 0.849365
v 0.481126 0.000000 0.720057
v -0.000000 -0.168949 0.849365
v -0.000000 0.481126 0.720057
v 0.849365 -0.000000 0.168949
v 0.720057 0.000000 -0.481126
v 0.849365 -0.168949 0.000000
v 0.720057 0.481126 0.000000
v 0.168949 -0.000000 -0.849365
v -0.481126 0.000000 -0.720057
v 0.000000 -0.168949 -0.849365
v 0.000000 0.481126 -0.720057
v -0.849365 -0.000000 -0.168949
v -0.720057 0.000000 0.481126
v -0.849365 -0.168949 0.000000
v -0.720057 0.481126 0.000000
v -0.784518 0.330377 0.159208
v -0.674348 0.295340 0.456063
v -0.784999 0.162070 0.327833
v -0.673933 0.458552 0.292419
v -0.784518 -0.330377 0.159208
v -0.674348 -0.295340 0.456063
v -0.673933 -0.458552 0.292419
v -0.784999 -0.162070 0.327833
v -0.674347 -0.295340 -0.456063
v -0.784518 -0.330377 -0.159208
v -0.673933 -0.458552 -0.292419
v -0.784999 -0.162070 -0.327832
v -0.159208 0.330377 -0.784518
v -0.456063 0.295340 -0.674347
v -0.327832 0.162070 -0.784999
v -0.292422 0.458551 -0.673932
v -0.159208 -0.330377 -0.784518
v -0.456063 -0.295340 -0.674347
v -0.292422 -0.458551 -0.673932
v -0.327832 -0.162070 -0.784999
v 0.456063 -0.295340 -0.674347
v 0.159208 -0.330377 -0.784518
v 0.292422 -0.458551 -0.673932
v 0.327832 -0.162070 -0.784999
v 0.784518 0.330377 -0.159208
v 0.674347 0.295340 -0.456063
v 0.784999 0.162070 -0.327832
v 0.673933 0.458552 -0.292419
v 0.784518 -0.330377 -0.159208
v 0.674347 -0.295340 -0.456063
v 0.673933 -0.458552 -0.292419
v 0.784999 -0.162070 -0.327832
v 0.674348 -0.295340 0.456063
v 0.784518 -0.330377 0.159208
v 0.673933 -0.458552 0.292419
v 0.784999 -0.162070 0.327833
v 0.159208 0.330377 0.784518
v 0.456063 0.295340 0.674348
v 0.327832 0.162070 0.784999
v 0.292422 0.458551 0.673932
v 0.159208 -0.330377 0.784518
v 0.456063 -0.295340 0.674348
v 0.292422 -0.458551 0.673932
v 0.327833 -0.162070 0.784999
v -0.456064 -0.295340 0.674348
v -0.159208 -0.330377 0.784518
v -0.292422 -0.458551 0.673932
v -0.327833 -0.162070 0.784999
v 0.330377 -0.784518 -0.159208
v 0.295338 -0.674348 -0.456064
v 0.162070 -0.784999 -0.327832
v 0.458552 -0.673933 -0.292419
v -0.330377 -0.784518 -0.159208
v -0.295338 -0.674348 -0.456064
v -0.458552 -0.673933 -0.292419
v -0.162070 -0.784999 -0.327832
v -0.295338 -0.674349 0.456064
v -0.330377 -0.784518 0.159208
v -0.458552 -0.673933 0.292419
v -0.162070 -0.784999 0.327833
v -0.330377 0.784518 -0.159208
v -0.295338 0.674348 -0.456064
v -0.162070 0.784999 -0.327833
v -0.458552 0.673933 -0.292419
v 0.330377 0.784518 -0.159208
v 0.295338 0.674349 -0.456064
v 0.458552 0.673933 -0.292419
v 0.162070 0.784999 -0.327832
v 0.295338 0.674349 0.456064
v 0.330377 0.784518 0.159208
v 0.458552 0.673933 0.292419
v 0.162070 0.784999 0.327833
v -0.295338 0.674349 0.456064
v -0.330377 0.784518 0.159208
v -0.162070 0.784999 0.327833
v -0.458552 0.673933 0.292419
v 0.295338 -0.674349 0.456064
v 0.330377 -0.784518 0.159208
v 0.162070 -0.784999 0.327833
v 0.458552 -0.673933 0.292419
v -0.456063 0.295340 0.674347
v -0.159208 0.330377 0.784518
v -0.327833 0.162070 0.784999
v -0.292422 0.458552 0.673932
v 0.674347 0.295340 0.456063
v 0.784518 0.330377 0.159208
v 0.784999 0.162070 0.327833
v 0.673933 0.458552 0.292419
v 0.456063 0.295340 -0.674347
v 0.159208 0.330377 -0.784518
v 0.327832 0.162070 -0.784999
v 0.292422 0.458551 -0.673932
v -0.674347 0.295340 -0.456063
v -0.784518 0.330377 -0.159208
v -0.784999 0.162070 -0.327832
v -0.673933 0.458552 -0.292419
v -0.707513 0.476827 -0.148410
v -0.832850 0.168581 -0.167051
v -0.708165 0.150144 -0.475313
v 0.148410 0.476832 -0.707509
v 0.167051 0.168581 -0.832850
v 0.475313 0.150144 -0.708165
v 0.707513 0.476826 0.148410
v 0.832850 0.168581 0.167051
v 0.708165 0.150144 0.475313
v -0.148410 0.476833 0.707509
v -0.167051 0.168581 0.832850
v -0.475313 0.150144 0.708165
v 0.476826 -0.707513 0.148410
v 0.168581 -0.832850 0.167051
v 0.150142 -0.708169 0.475309
v -0.476827 0.707513 0.148410
v -0.168581 0.832850 0.167051
v -0.150142 0.708169 0.475309
v 0.168581 0.832850 0.167051
v 0.476826 0.707513 0.148410
v 0.428335 0.620144 0.426514
v 0.150142 0.708169 -0.475308
v 0.428335 0.620144 -0.426514
v 0.476826 0.707513 -0.148410
v -0.428335 0.620144 -0.426514
v -0.150142 0.708169 -0.475308
v -0.168581 0.832850 -0.167051
v -0.168581 -0.832850 0.167051
v -0.476827 -0.707513 0.148410
v -0.428335 -0.620144 0.426514
v -0.150142 -0.708169 -0.475308
v -0.428335 -0.620144 -0.426514
v -0.476826 -0.707513 -0.148410
v 0.428335 -0.620144 -0.426514
v 0.150142 -0.708169 -0.475308
v 0.168581 -0.832850 -0.167051
v -0.167051 -0.168581 0.832850
v -0.148410 -0.476833 0.707509
v -0.426516 -0.428339 0.620141
v 0.475313 -0.150144 0.708165
v 0.426516 -0.428339 0.620141
v 0.148410 -0.476832 0.707509
v 0.426516 0.428339 0.620141
v 0.475313 0.150144 0.708165
v 0.167051 0.168581 0.832850
v 0.832850 -0.168581 0.167051
v 0.707513 -0.476827 0.148410
v 0.620142 -0.428337 0.426516
v 0.708165 -0.150144 -0.475313
v 0.620142 -0.428337 -0.426515
v 0.707513 -0.476827 -0.148410
v 0.620142 0.428337 -0.426516
v 0.708165 0.150144 -0.475313
v 0.832850 0.168581 -0.167051
v 0.167051 -0.168581 -0.832850
v 0.148410 -0.476832 -0.707509
v 0.426516 -0.428339 -0.620140
v -0.475313 -0.150144 -0.708165
v -0.426516 -0.428339 -0.620140
v -0.148410 -0.476832 -0.707509
v -0.426515 0.428339 -0.620140
v -0.475313 0.150144 -0.708165
v -0.167051 0.168581 -0.832850
v -0.832850 -0.168581 -0.167051
v -0.707513 -0.476827 -0.148410
v -0.620142 -0.428337 -0.426515
v -0.708165 -0.150144 0.475313
v -0.620142 -0.428337 0.426515
v -0.707513 -0.476827 0.148410
v -0.620142 0.428337 0.426516
v -0.708165 0.150144 0.475313
v -0.832850 0.168581 0.167051
v -0.707513 0.476827 0.148410
v -0.832850 -0.168581 0.167051
v -0.708165 -0.150144 -0.475313
v -0.148410 0.476832 -0.707509
v -0.167051 -0.168581 -0.832850
v 0.475313 -0.150144 -0.708165
v 0.707513 0.476827 -0.148410
v 0.832850 -0.168581 -0.167051
v 0.708165 -0.150144 0.475313
v 0.148410 0.476833 0.707510
v 0.167051 -0.168581 0.832850
v -0.475313 -0.150144 0.708165
v 0.476826 -0.707513 -0.148410
v -0.168581 -0.832850 -0.167051
v -0.150142 -0.708169 0.475309
v -0.476826 0.707513 -0.148410
v 0.168581 0.832850 -0.167051
v 0.150142 0.708169 0.475309
v -0.428335 0.620144 0.426514
v 0.428335 -0.620144 0.426514
v -0.426516 0.428339 0.620141
v 0.620142 0.428337 0.426516
v 0.426515 0.428339 -0.620140
v -0.620142 0.428337 -0.426515
v -0.525682 -0.525682 0.444163
v -0.525682 0.444163 0.525682
v -0.525682 0.525682 -0.444163
v -0.525682 -0.444163 -0.525682
v -0.444163 -0.525684 -0.525681
v 0.444163 0.525684 -0.525681
v 0.525682 -0.444163 -0.525682
v 0.525682 -0.525682 -0.444163
v 0.525682 0.525682 0.444163
v 0.525682 -0.444163 0.525682
v 0.444163 -0.525684 0.525681
v -0.444163 0.525684 0.525681
v -0.610547 -0.610546 -0.066560
v -0.610547 -0.066560 0.610547
v -0.610546 0.610547 0.066560
v -0.610546 0.066560 -0.610546
v 0.066560 -0.610551 -0.610541
v -0.066560 0.610551 -0.610541
v 0.610546 0.066560 -0.610546
v 0.610547 -0.610547 0.066560
v 0.610546 0.610547 -0.066560
v 0.610546 0.066560 0.610547
v -0.066560 -0.610552 0.610542
v 0.066560 0.610552 0.610542
v -0.000000 0.669431 0.549388
v 0.000000 0.861835 -0.084883
v 0.549388 0.669431 0.000000
v -0.084883 0.861835 0.000000
v 0.000000 -0.669431 0.549388
v 0.000000 -0.861835 -0.084883
v -0.549388 -0.669431 0.000000
v 0.084883 -0.861835 0.000000
v -0.549388 0.000000 0.669431
v 0.084883 -0.000000 0.861835
v 0.000000 -0.549388 0.669431
v 0.000000 0.084883 0.861835
v 0.669431 0.000000 0.549388
v 0.861835 -0.000000 -0.084883
v 0.669431 -0.549388 0.000000
v 0.861835 0.084883 0.000000
v 0.549388 0.000000 -0.669431
v -0.084883 0.000000 -0.861835
v 0.000000 -0.549388 -0.669431
v -0.000000 0.084883 -0.861835
v -0.669431 0.000000 -0.549388
v -0.861835 -0.000000 0.084883
v -0.669431 -0.549388 0.000000
v -0.861835 0.084883 0.000000
v -0.596120 -0.596120 0.198108
v -0.596120 0.198108 0.596120
v -0.596120 0.596120 -0.198108
v -0.596120 -0.198108 -0.596120
v -0.198108 -0.596125 -0.596115
v 0.198108 0.596125 -0.596115
v 0.596120 -0.198108 -0.596120
v 0.596120 -0.596120 -0.198108
v 0.596120 0.596120 0.198108
v 0.596120 -0.198108 0.596120
v 0.198108 -0.596125 0.596115
v -0.198108 0.596125 0.596115
v -0.567607 -0.567607 -0.324975
v -0.567607 -0.324975 0.567607
v -0.567607 0.567607 0.324975
v -0.567607 0.324975 -0.567607
v 0.324975 -0.567609 -0.567605
v -0.324975 0.567609 -0.567605
v 0.567607 0.324975 -0.567607
v 0.567607 -0.567607 0.324975
v 0.567607 0.567607 -0.324975
v 0.567607 0.324975 0.567607
v -0.324975 -0.567609 0.567605
v 0.324975 0.567609 0.567605
v 0.000000 0.828715 0.251388
v 0.000000 0.763748 -0.408232
v 0.251388 0.828715 0.000000
v -0.408232 0.763748 0.000000
v 0.000000 -0.828715 0.251388
v 0.000000 -0.763748 -0.408232
v -0.251388 -0.828715 0.000000
v 0.408232 -0.763748 0.000000
v -0.251388 0.000000 0.828715
v 0.408232 0.000000 0.763748
v 0.000000 -0.251388 0.828715
v -0.000000 0.408232 0.763748
v 0.828715 0.000000 0.251388
v 0.763748 0.000000 -0.408232
v 0.828715 -0.251388 0.000000
v 0.763748 0.408232 0.000000
v 0.251388 0.000000 -0.828715
v -0.408232 0.000000 -0.763748
v -0.000000 -0.251388 -0.828715
v -0.000000 0.408232 -0.763748
v -0.828715 -0.000000 -0.251388
v -0.763748 -0.000000 0.408232
v -0.828715 -0.251388 0.000000
v -0.763748 0.408232 0.000000
v -0.795706 0.332302 0.079946
v -0.711243 0.308174 0.386168
v -0.796070 0.081395 0.331076
v -0.710927 0.390089 0.303938
v -0.795706 -0.332302 0.079946
v -0.711243 -0.308174 0.386169
v -0.631365 -0.523229 0.278520
v -0.766922 -0.241306 0.321817
v -0.631668 -0.280028 -0.522058
v -0.766564 -0.325770 -0.237103
v -0.631365 -0.523229 -0.278520
v -0.766922 -0.241306 -0.321817
v -0.079946 0.332302 -0.795706
v -0.386168 0.308174 -0.711243
v -0.331076 0.081395 -0.796070
v -0.303939 0.390088 -0.710926
v -0.079946 -0.332302 -0.795706
v -0.386168 -0.308174 -0.711243
v -0.278522 -0.523229 -0.631364
v -0.321816 -0.241306 -0.766922
v 0.522058 -0.280028 -0.631668
v 0.237103 -0.325770 -0.766564
v 0.278522 -0.523229 -0.631364
v 0.321817 -0.241306 -0.766922
v 0.795706 0.332302 -0.079946
v 0.711243 0.308174 -0.386168
v 0.796070 0.081395 -0.331076
v 0.710927 0.390089 -0.303938
v 0.795706 -0.332302 -0.079946
v 0.711243 -0.308174 -0.386168
v 0.631365 -0.523229 -0.278520
v 0.766922 -0.241306 -0.321817
v 0.631668 -0.280028 0.522058
v 0.766564 -0.325770 0.237103
v 0.631365 -0.523229 0.278520
v 0.766922 -0.241306 0.321817
v 0.079946 0.332302 0.795706
v 0.386169 0.308174 0.711243
v 0.331076 0.081395 0.796070
v 0.303939 0.390089 0.710926
v 0.079946 -0.332302 0.795706
v 0.386169 -0.308174 0.711243
v 0.278522 -0.523229 0.631365
v 0.321817 -0.241306 0.766922
v -0.522058 -0.280028 0.631668
v -0.237103 -0.325770 0.766564
v -0.278522 -0.523229 0.631365
v -0.321817 -0.241306 0.766922
v 0.332302 -0.795706 -0.079946
v 0.308173 -0.711244 -0.386169
v 0.081395 -0.796070 -0.331076
v 0.390089 -0.710927 -0.303938
v -0.332302 -0.795706 -0.079946
v -0.308173 -0.711244 -0.386168
v -0.523229 -0.631365 -0.278520
v -0.241306 -0.766922 -0.321817
v -0.280026 -0.631669 0.522058
v -0.325770 -0.766564 0.237103
v -0.523229 -0.631365 0.278520
v -0.241306 -0.766922 0.321817
v -0.332302 0.795706 -0.079946
v -0.308173 0.711244 -0.386169
v -0.081395 0.796070 -0.331076
v -0.390089 0.710927 -0.303938
v 0.332302 0.795706 -0.079946
v 0.308173 0.711244 -0.386169
v 0.523229 0.631365 -0.278520
v 0.241306 0.766922 -0.321817
v 0.280026 0.631669 0.522058
v 0.325770 0.766564 0.237103
v 0.523229 0.631365 0.278520
v 0.241306 0.766922 0.321817
v -0.280026 0.631669 0.522058
v -0.325770 0.766564 0.237103
v -0.081395 0.796070 0.331076
v -0.390089 0.710927 0.303938
v 0.280026 -0.631669 0.522058
v 0.325770 -0.766564 0.237103
v 0.081395 -0.796070 0.331076
v 0.390089 -0.710927 0.303938
v -0.522058 0.280028 0.631668
v -0.237103 0.325770 0.766564
v -0.331076 0.081395 0.796070
v -0.303939 0.390089 0.710926
v 0.631668 0.280028 0.522058
v 0.766564 0.325770 0.237103
v 0.796070 0.081395 0.331076
v 0.710927 0.390089 0.303938
v 0.522058 0.280028 -0.631668
v 0.237103 0.325770 -0.766564
v 0.331076 0.081395 -0.796070
v 0.303939 0.390088 -0.710926
v -0.631668 0.280028 -0.522058
v -0.766564 0.325770 -0.237103
v -0.796070 0.081395 -0.331076
v -0.710927 0.390089 -0.303938
v -0.567607 -0.567607 0.324975
v -0.567607 0.324975 0.567607
v -0.567607 0.567607 -0.324975
v -0.567607 -0.324975 -0.567607
v -0.324975 -0.567609 -0.567605
v 0.324975 0.567609 -0.567605
v 0.567607 -0.324975 -0.567607
v 0.567607 -0.567607 -0.324975
v 0.567607 0.567607 0.324975
v 0.567607 -0.324975 0.567607
v 0.324975 -0.567609 0.567605
v -0.324975 0.567609 0.567605
v -0.596120 -0.596120 -0.198108
v -0.596120 -0.198108 0.596120
v -0.596120 0.596120 0.198108
v -0.596120 0.198108 -0.596120
v 0.198108 -0.596125 -0.596115
v -0.198108 0.596125 -0.596115
v 0.596120 0.198108 -0.596120
v 0.596120 -0.596120 0.198108
v 0.596120 0.596120 -0.198108
v 0.596120 0.198108 0.596120
v -0.198108 -0.596125 0.596115
v 0.198108 0.596125 0.596115
v -0.000000 0.763748 0.408232
v 0.000000 0.828715 -0.251388
v 0.408232 0.763748 0.000000
v -0.251388 0.828715 0.000000
v 0.000000 -0.763748 0.408232
v 0.000000 -0.828715 -0.251388
v -0.408232 -0.763748 0.000000
v 0.251388 -0.828715 0.000000
v -0.408232 0.000000 0.763748
v 0.251388 -0.000000 0.828715
v 0.000000 -0.408232 0.763748
v 0.000000 0.251388 0.828715
v 0.763748 0.000000 0.408232
v 0.828715 -0.000000 -0.251388
v 0.763748 -0.408232 0.000000
v 0.828715 0.251388 0.000000
v 0.408232 0.000000 -0.763748
v -0.251388 -0.000000 -0.828715
v -0.000000 -0.408232 -0.763748
v -0.000000 0.251388 -0.828715
v -0.763748 0.000000 -0.408232
v -0.828715 -0.000000 0.251388
v -0.763748 -0.408232 0.000000
v -0.828715 0.251388 0.000000
v -0.610546 -0.610547 0.066560
v -0.610547 0.066560 0.610547
v -0.610546 0.610546 -0.066560
v -0.610546 -0.066560 -0.610546
v -0.066560 -0.610551 -0.610541
v 0.066560 0.610551 -0.610541
v 0.610546 -0.066560 -0.610546
v 0.610547 -0.610546 -0.066560
v 0.610547 0.610547 0.066560
v 0.610546 -0.066560 0.610547
v 0.066560 -0.610552 0.610542
v -0.066560 0.610552 0.610542
v -0.525682 -0.525682 -0.444163
v -0.525682 -0.444163 0.525682
v -0.525682 0.525682 0.444163
v -0.525682 0.444163 -0.525682
v 0.444163 -0.525684 -0.525681
v -0.444163 0.525684 -0.525680
v 0.525682 0.444163 -0.525682
v 0.525682 -0.525682 0.444163
v 0.525682 0.525682 -0.444163
v 0.525682 0.444163 0.525682
v -0.444163 -0.525684 0.525681
v 0.444163 0.525684 0.525681
v 0.000000 0.861835 0.084883
v 0.000000 0.669431 -0.549388
v 0.084883 0.861835 0.000000
v -0.549388 0.669431 0.000000
v 0.000000 -0.861835 0.084883
v 0.000000 -0.669431 -0.549388
v -0.084883 -0.861835 0.000000
v 0.549388 -0.669431 0.000000
v -0.084883 -0.000000 0.861835
v 0.549388 0.000000 0.669431
v 0.000000 -0.084883 0.861835
v -0.000000 0.549388 0.669431
v 0.861835 -0.000000 0.084883
v 0.669431 0.000000 -0.549388
v 0.861835 -0.084883 0.000000
v 0.669431 0.549388 0.000000
v 0.084883 0.000000 -0.861835
v -0.549388 0.000000 -0.669431
v -0.000000 -0.084883 -0.861835
v -0.000000 0.549388 -0.669431
v -0.861835 -0.000000 -0.084883
v -0.669431 0.000000 0.549388
v -0.861835 -0.084883 0.000000
v -0.669431 0.549388 0.000000
v -0.766564 0.325770 0.237103
v -0.631668 0.280028 0.522058
v -0.766922 0.241306 0.321817
v -0.631365 0.523229 0.278520
v -0.766564 -0.325770 0.237103
v -0.631668 -0.280028 0.522058
v -0.710927 -0.390089 0.303938
v -0.796070 -0.081395 0.331076
v -0.711243 -0.308174 -0.386168
v -0.795706 -0.332302 -0.079946
v -0.710927 -0.390089 -0.303938
v -0.796070 -0.081395 -0.331076
v -0.237103 0.325770 -0.766564
v -0.522058 0.280028 -0.631668
v -0.321817 0.241306 -0.766922
v -0.278522 0.523229 -0.631364
v -0.237103 -0.325770 -0.766564
v -0.522058 -0.280028 -0.631668
v -0.303939 -0.390089 -0.710926
v -0.331076 -0.081395 -0.796070
v 0.386168 -0.308174 -0.711243
v 0.079946 -0.332302 -0.795706
v 0.303939 -0.390088 -0.710926
v 0.331076 -0.081395 -0.796070
v 0.766564 0.325770 -0.237103
v 0.631668 0.280028 -0.522058
v 0.766922 0.241306 -0.321817
v 0.631365 0.523229 -0.278520
v 0.766564 -0.325770 -0.237103
v 0.631668 -0.280028 -0.522058
v 0.710927 -0.390089 -0.303938
v 0.796070 -0.081395 -0.331076
v 0.711243 -0.308174 0.386168
v 0.795706 -0.332302 0.079946
v 0.710927 -0.390089 0.303938
v 0.796070 -0.081395 0.331076
v 0.237103 0.325770 0.766564
v 0.522058 0.280028 0.631668
v 0.321817 0.241306 0.766922
v 0.278522 0.523229 0.631365
v 0.237103 -0.325770 0.766564
v 0.522058 -0.280028 0.631668
v 0.303939 -0.390089 0.710926
v 0.331076 -0.081395 0.796070
v -0.386169 -0.308174 0.711243
v -0.079946 -0.332302 0.795706
v -0.303939 -0.390089 0.710926
v -0.331076 -0.081395 0.796070
v 0.325770 -0.766564 -0.237103
v 0.280026 -0.631669 -0.522058
v 0.241306 -0.766922 -0.321817
v 0.523229 -0.631365 -0.278520
v -0.325770 -0.766564 -0.237103
v -0.280026 -0.631669 -0.522058
v -0.390089 -0.710927 -0.303938
v -0.081395 -0.796070 -0.331076
v -0.308173 -0.711244 0.386169
v -0.332302 -0.795706 0.079946
v -0.390089 -0.710927 0.303938
v -0.081395 -0.796070 0.331076
v -0.325770 0.766564 -0.237103
v -0.280026 0.631669 -0.522058
v -0.241306 0.766922 -0.321817
v -0.523229 0.631365 -0.278520
v 0.325770 0.766564 -0.237103
v 0.280026 0.631669 -0.522058
v 0.390089 0.710927 -0.303938
v 0.081395 0.796070 -0.331076
v 0.308173 0.711244 0.386169
v 0.332302 0.795706 0.079946
v 0.390089 0.710927 0.303938
v 0.081395 0.796070 0.331076
v -0.308173 0.711244 0.386169
v -0.332302 0.795706 0.079946
v -0.241306 0.766922 0.321817
v -0.523229 0.631365 0.278520
v 0.308173 -0.711244 0.386169
v 0.332302 -0.795706 0.079946
v 0.241306 -0.766922 0.321817
v 0.523229 -0.631365 0.278520
v -0.386169 0.308174 0.711243
v -0.079946 0.332302 0.795706
v -0.321817 0.241306 0.766922
v -0.278522 0.523229 0.631365
v 0.711243 0.308174 0.386169
v 0.795706 0.332302 0.079946
v 0.766922 0.241306 0.321817
v 0.631365 0.523229 0.278520
v 0.386168 0.308174 -0.711243
v 0.079946 0.332302 -0.795706
v 0.321817 0.241306 -0.766922
v 0.278522 0.523229 -0.631365
v -0.711243 0.308174 -0.386169
v -0.795706 0.332302 -0.079946
v -0.766922 0.241306 -0.321817
v -0.631365 0.523229 -0.278520
v -0.693301 0.469418 -0.221235
v -0.716447 0.480750 -0.074481
v -0.749459 0.405464 -0.154512
v -0.659313 0.543443 -0.141211
v -0.812752 0.166101 -0.248613
v -0.845087 0.169558 -0.083921
v -0.845160 0.084696 -0.168806
v -0.812564 0.250676 -0.163907
v -0.659704 0.142098 -0.542736
v -0.750067 0.156828 -0.403447
v -0.716837 0.075358 -0.480031
v -0.693882 0.223586 -0.467441
v 0.221236 0.469421 -0.693298
v 0.074481 0.480753 -0.716445
v 0.154512 0.405468 -0.749457
v 0.141212 0.543450 -0.659307
v 0.248613 0.166101 -0.812752
v 0.083921 0.169558 -0.845087
v 0.168806 0.084696 -0.845160
v 0.163907 0.250676 -0.812564
v 0.542736 0.142098 -0.659704
v 0.403447 0.156828 -0.750067
v 0.480031 0.075358 -0.716837
v 0.467441 0.223586 -0.693882
v 0.693301 0.469418 0.221235
v 0.716447 0.480750 0.074481
v 0.749459 0.405464 0.154512
v 0.659313 0.543443 0.141211
v 0.812752 0.166101 0.248613
v 0.845087 0.169558 0.083921
v 0.845160 0.084696 0.168806
v 0.812564 0.250676 0.163907
v 0.659704 0.142098 0.542736
v 0.750067 0.156828 0.403447
v 0.716838 0.075358 0.480031
v 0.693882 0.223586 0.467441
v -0.221236 0.469421 0.693298
v -0.074481 0.480753 0.716445
v -0.154512 0.405468 0.749457
v -0.141212 0.543450 0.659307
v -0.248613 0.166101 0.812753
v -0.083921 0.169558 0.845087
v -0.168806 0.084696 0.845160
v -0.163907 0.250676 0.812564
v -0.542736 0.142098 0.659705
v -0.403447 0.156828 0.750067
v -0.480031 0.075358 0.716838
v -0.467441 0.223586 0.693882
v 0.469418 -0.693301 0.221235
v 0.480750 -0.716447 0.074481
v 0.405464 -0.749459 0.154512
v 0.543443 -0.659313 0.141211
v 0.166101 -0.812752 0.248613
v 0.169558 -0.845087 0.083921
v 0.084696 -0.845160 0.168806
v 0.250676 -0.812564 0.163907
v 0.142096 -0.659710 0.542730
v 0.156827 -0.750068 0.403444
v 0.075357 -0.716839 0.480028
v 0.223584 -0.693885 0.467439
v -0.469418 0.693301 0.221235
v -0.480750 0.716447 0.074481
v -0.405464 0.749459 0.154512
v -0.543443 0.659313 0.141211
v -0.166101 0.812752 0.248613
v -0.169558 0.845087 0.083921
v -0.084696 0.845160 0.168806
v -0.250676 0.812564 0.163907
v -0.142096 0.659710 0.542730
v -0.156827 0.750068 0.403444
v -0.075357 0.716839 0.480028
v -0.223584 0.693885 0.467439
v 0.166101 0.812752 0.248613
v 0.169558 0.845087 0.083921
v 0.250676 0.812564 0.163907
v 0.084696 0.845160 0.168806
v 0.469418 0.693301 0.221235
v 0.480750 0.716447 0.074481
v 0.543443 0.659313 0.141211
v 0.405464 0.749459 0.154512
v 0.408511 0.586341 0.489170
v 0.445049 0.649410 0.360780
v 0.490037 0.586281 0.407558
v 0.363141 0.649586 0.442866
v 0.156827 0.750068 -0.403444
v 0.142096 0.659710 -0.542730
v 0.223584 0.693884 -0.467439
v 0.075357 0.716839 -0.480028
v 0.445049 0.649410 -0.360780
v 0.408511 0.586341 -0.489170
v 0.490037 0.586281 -0.407558
v 0.363141 0.649586 -0.442866
v 0.480750 0.716447 -0.074481
v 0.469418 0.693301 -0.221235
v 0.543443 0.659313 -0.141211
v 0.405464 0.749459 -0.154512
v -0.445049 0.649410 -0.360780
v -0.408511 0.586341 -0.489170
v -0.363141 0.649586 -0.442866
v -0.490037 0.586281 -0.407558
v -0.156827 0.750068 -0.403444
v -0.142096 0.659710 -0.542729
v -0.075357 0.716839 -0.480028
v -0.223584 0.693884 -0.467438
v -0.169558 0.845087 -0.083921
v -0.166101 0.812752 -0.248613
v -0.084696 0.845160 -0.168806
v -0.250676 0.812564 -0.163907
v -0.166101 -0.812752 0.248613
v -0.169558 -0.845087 0.083921
v -0.250676 -0.812564 0.163907
v -0.084696 -0.845160 0.168806
v -0.469418 -0.693301 0.221235
v -0.480750 -0.716447 0.074481
v -0.543443 -0.659313 0.141211
v -0.405464 -0.749459 0.154512
v -0.408511 -0.586341 0.489170
v -0.445049 -0.649410 0.360780
v -0.490037 -0.586281 0.407558
v -0.363141 -0.649586 0.442866
v -0.156827 -0.750068 -0.403444
v -0.142096 -0.659710 -0.542730
v -0.223584 -0.693884 -0.467439
v -0.075357 -0.716839 -0.480028
v -0.445049 -0.649410 -0.360780
v -0.408511 -0.586341 -0.489170
v -0.490037 -0.586281 -0.407558
v -0.363141 -0.649586 -0.442866
v -0.480750 -0.716447 -0.074481
v -0.469418 -0.693301 -0.221235
v -0.543443 -0.659313 -0.141211
v -0.405464 -0.749459 -0.154512
v 0.445049 -0.649410 -0.360780
v 0.408511 -0.586341 -0.489170
v 0.363141 -0.649586 -0.442866
v 0.490037 -0.586281 -0.407558
v 0.156827 -0.750068 -0.403444
v 0.142096 -0.659710 -0.542729
v 0.075357 -0.716839 -0.480028
v 0.223584 -0.693884 -0.467438
v 0.169558 -0.845087 -0.083921
v 0.166101 -0.812752 -0.248613
v 0.084696 -0.845160 -0.168806
v 0.250676 -0.812564 -0.163907
v -0.248613 -0.166101 0.812753
v -0.083921 -0.169558 0.845087
v -0.163907 -0.250676 0.812564
v -0.168806 -0.084696 0.845160
v -0.221236 -0.469421 0.693298
v -0.074481 -0.480753 0.716445
v -0.141212 -0.543450 0.659307
v -0.154512 -0.405468 0.749457
v -0.489172 -0.408513 0.586338
v -0.360782 -0.445051 0.649408
v -0.407559 -0.490040 0.586277
v -0.442867 -0.363144 0.649584
v 0.403447 -0.156828 0.750067
v 0.542736 -0.142098 0.659704
v 0.467441 -0.223586 0.693882
v 0.480031 -0.075358 0.716838
v 0.360782 -0.445051 0.649408
v 0.489172 -0.408514 0.586338
v 0.407559 -0.490040 0.586277
v 0.442867 -0.363144 0.649584
v 0.074481 -0.480753 0.716445
v 0.221236 -0.469421 0.693298
v 0.141212 -0.543450 0.659307
v 0.154512 -0.405468 0.749458
v 0.360782 0.445051 0.649408
v 0.489172 0.408514 0.586338
v 0.442867 0.363144 0.649584
v 0.407559 0.490040 0.586277
v 0.403447 0.156828 0.750067
v 0.542736 0.142098 0.659704
v 0.480031 0.075358 0.716838
v 0.467441 0.223586 0.693882
v 0.083921 0.169558 0.845087
v 0.248613 0.166101 0.812753
v 0.168806 0.084696 0.845160
v 0.163907 0.250676 0.812564
v 0.812752 -0.166101 0.248613
v 0.845087 -0.169558 0.083921
v 0.812564 -0.250676 0.163907
v 0.845160 -0.084696 0.168806
v 0.693301 -0.469418 0.221235
v 0.716447 -0.480750 0.074481
v 0.659313 -0.543443 0.141211
v 0.749459 -0.405465 0.154512
v 0.586338 -0.408512 0.489172
v 0.649409 -0.445050 0.360780
v 0.586280 -0.490037 0.407558
v 0.649585 -0.363143 0.442867
v 0.750067 -0.156828 -0.403447
v 0.659704 -0.142098 -0.542736
v 0.693882 -0.223586 -0.467441
v 0.716837 -0.075358 -0.480031
v 0.649409 -0.445050 -0.360780
v 0.586338 -0.408512 -0.489172
v 0.586280 -0.490037 -0.407558
v 0.649585 -0.363143 -0.442867
v 0.716447 -0.480750 -0.074481
v 0.693301 -0.469418 -0.221235
v 0.659313 -0.543443 -0.141211
v 0.749459 -0.405464 -0.154512
v 0.649409 0.445050 -0.360780
v 0.586338 0.408512 -0.489172
v 0.649585 0.363143 -0.442867
v 0.586280 0.490037 -0.407558
v 0.750067 0.156828 -0.403447
v 0.659704 0.142098 -0.542736
v 0.716837 0.075358 -0.480031
v 0.693882 0.223586 -0.467441
v 0.845087 0.169558 -0.083921
v 0.812752 0.166101 -0.248613
v 0.845160 0.084696 -0.168806
v 0.812564 0.250676 -0.163907
v 0.248613 -0.166101 -0.812752
v 0.083921 -0.169558 -0.845087
v 0.163907 -0.250676 -0.812564
v 0.168806 -0.084696 -0.845160
v 0.221236 -0.469421 -0.693298
v 0.074481 -0.480752 -0.716445
v 0.141212 -0.543450 -0.659307
v 0.154512 -0.405468 -0.749457
v 0.489172 -0.408513 -0.586337
v 0.360782 -0.445051 -0.649408
v 0.407559 -0.490040 -0.586277
v 0.442867 -0.363144 -0.649584
v -0.403447 -0.156828 -0.750067
v -0.542736 -0.142098 -0.659704
v -0.467441 -0.223586 -0.693882
v -0.480031 -0.075358 -0.716837
v -0.360782 -0.445051 -0.649408
v -0.489172 -0.408513 -0.586337
v -0.407559 -0.490040 -0.586277
v -0.442867 -0.363144 -0.649584
v -0.074481 -0.480753 -0.716445
v -0.221236 -0.469421 -0.693298
v -0.141212 -0.543450 -0.659307
v -0.154512 -0.405468 -0.749457
v -0.360782 0.445051 -0.649408
v -0.489172 0.408513 -0.586337
v -0.442867 0.363144 -0.649584
v -0.407559 0.490040 -0.586277
v -0.403447 0.156828 -0.750067
v -0.542736 0.142098 -0.659704
v -0.480031 0.075358 -0.716837
v -0.467441 0.223586 -0.693882
v -0.083921 0.169558 -0.845087
v -0.248613 0.166101 -0.812752
v -0.168806 0.084696 -0.845160
v -0.163907 0.250676 -0.812564
v -0.812752 -0.166101 -0.248613
v -0.845087 -0.169558 -0.083921
v -0.812564 -0.250676 -0.163907
v -0.845160 -0.084696 -0.168806
v -0.693301 -0.469418 -0.221235
v -0.716447 -0.480750 -0.074481
v -0.659313 -0.543443 -0.141211
v -0.749459 -0.405464 -0.154512
v -0.586338 -0.408512 -0.489172
v -0.649409 -0.445050 -0.360780
v -0.586280 -0.490037 -0.407558
v -0.649585 -0.363143 -0.442867
v -0.750067 -0.156828 0.403447
v -0.659704 -0.142098 0.542736
v -0.693882 -0.223586 0.467441
v -0.716838 -0.075358 0.480031
v -0.649409 -0.445050 0.360780
v -0.586338 -0.408512 0.489172
v -0.586280 -0.490037 0.407558
v -0.649585 -0.363143 0.442867
v -0.716447 -0.480750 0.074481
v -0.693301 -0.469418 0.221235
v -0.659313 -0.543443 0.141211
v -0.749459 -0.405464 0.154512
v -0.649409 0.445050 0.360780
v -0.586338 0.408512 0.489172
v -0.649585 0.363143 0.442867
v -0.586280 0.490037 0.407558
v -0.750067 0.156828 0.403447
v -0.659705 0.142098 0.542736
v -0.716838 0.075358 0.480031
v -0.693882 0.223586 0.467441
v -0.845087 0.169558 0.083921
v -0.812752 0.166101 0.248613
v -0.845160 0.084696 0.168806
v -0.812564 0.250676 0.163907
v -0.716447 0.480750 0.074481
v -0.693301 0.469418 0.221235
v -0.749459 0.405464 0.154512
v -0.659313 0.543443 0.141211
v -0.845087 -0.169558 0.083921
v -0.812753 -0.166101 0.248613
v -0.812564 -0.250676 0.163907
v -0.845160 -0.084696 0.168806
v -0.659704 -0.142098 -0.542736
v -0.750067 -0.156828 -0.403447
v -0.693882 -0.223586 -0.467441
v -0.716837 -0.075358 -0.480031
v -0.074481 0.480753 -0.716445
v -0.221236 0.469421 -0.693298
v -0.154512 0.405468 -0.749457
v -0.141212 0.543450 -0.659307
v -0.083921 -0.169558 -0.845087
v -0.248613 -0.166101 -0.812752
v -0.163907 -0.250676 -0.812564
v -0.168806 -0.084696 -0.845160
v 0.542736 -0.142098 -0.659704
v 0.403447 -0.156828 -0.750067
v 0.467441 -0.223586 -0.693882
v 0.480031 -0.075358 -0.716837
v 0.716447 0.480750 -0.074481
v 0.693301 0.469418 -0.221235
v 0.749459 0.405464 -0.154512
v 0.659313 0.543443 -0.141211
v 0.845087 -0.169558 -0.083921
v 0.812752 -0.166101 -0.248613
v 0.812564 -0.250676 -0.163907
v 0.845160 -0.084696 -0.168806
v 0.659704 -0.142098 0.542736
v 0.750067 -0.156828 0.403447
v 0.693882 -0.223586 0.467441
v 0.716838 -0.075358 0.480031
v 0.074481 0.480753 0.716445
v 0.221236 0.469421 0.693298
v 0.154512 0.405468 0.749458
v 0.141212 0.543450 0.659307
v 0.083921 -0.169558 0.845087
v 0.248613 -0.166101 0.812752
v 0.163907 -0.250676 0.812564
v 0.168806 -0.084696 0.845160
v -0.542736 -0.142098 0.659704
v -0.403447 -0.156828 0.750067
v -0.467441 -0.223586 0.693882
v -0.480031 -0.075358 0.716838
v 0.480750 -0.716447 -0.074481
v 0.469418 -0.693301 -0.221235
v 0.405464 -0.749459 -0.154512
v 0.543443 -0.659313 -0.141211
v -0.169558 -0.845087 -0.083921
v -0.166101 -0.812752 -0.248613
v -0.250676 -0.812564 -0.163907
v -0.084696 -0.845160 -0.168806
v -0.142096 -0.659710 0.542730
v -0.156827 -0.750068 0.403444
v -0.223584 -0.693885 0.467439
v -0.075357 -0.716839 0.480028
v -0.480750 0.716447 -0.074481
v -0.469418 0.693301 -0.221235
v -0.405464 0.749459 -0.154512
v -0.543443 0.659313 -0.141211
v 0.169558 0.845087 -0.083921
v 0.166101 0.812752 -0.248613
v 0.250676 0.812564 -0.163907
v 0.084696 0.845160 -0.168806
v 0.142096 0.659710 0.542730
v 0.156827 0.750068 0.403444
v 0.223584 0.693885 0.467439
v 0.075357 0.716839 0.480028
v -0.408511 0.586341 0.489170
v -0.445049 0.649410 0.360780
v -0.363141 0.649586 0.442866
v -0.490037 0.586281 0.407558
v 0.408511 -0.586341 0.489170
v 0.445049 -0.649410 0.360780
v 0.363141 -0.649586 0.442866
v 0.490037 -0.586281 0.407558
v -0.489172 0.408514 0.586338
v -0.360782 0.445051 0.649408
v -0.442867 0.363144 0.649584
v -0.407559 0.490040 0.586277
v 0.586338 0.408512 0.489172
v 0.649409 0.445050 0.360780
v 0.649585 0.363143 0.442867
v 0.586280 0.490037 0.407558
v 0.489172 0.408513 -0.586337
v 0.360782 0.445051 -0.649408
v 0.442867 0.363144 -0.649584
v 0.407559 0.490040 -0.586277
v -0.586338 0.408512 -0.489172
v -0.649409 0.445050 -0.360780
v -0.649585 0.363143 -0.442867
v -0.586280 0.490037 -0.407558
v -0.610846 0.508306 -0.344176
v -0.682977 0.378103 -0.374892
v -0.611017 0.345430 -0.507248
v 0.344177 0.508308 -0.610844
v 0.374893 0.378104 -0.682977
v 0.507248 0.345431 -0.611016
v 0.610846 0.508306 0.344176
v 0.682977 0.378103 0.374892
v 0.611017 0.345430 0.507248
v -0.344177 0.508308 0.610844
v -0.374893 0.378104 0.682977
v -0.507249 0.345431 0.611017
v 0.508306 -0.610846 0.344175
v 0.378102 -0.682978 0.374892
v 0.345428 -0.611019 0.507247
v -0.508306 0.610846 0.344175
v -0.378102 0.682978 0.374892
v -0.345428 0.611019 0.507247
v 0.078747 0.760074 0.407492
v 0.233480 0.733698 0.396406
v 0.211794 0.647900 0.534166
v 0.083443 0.824576 -0.251147
v 0.247100 0.793339 -0.243967
v 0.252167 0.824378 -0.082327
v -0.535122 0.647510 -0.210569
v -0.399368 0.733144 -0.230150
v -0.408482 0.759664 -0.077568
v -0.078747 -0.760074 0.407492
v -0.233480 -0.733698 0.396406
v -0.211794 -0.647900 0.534166
v -0.083443 -0.824576 -0.251147
v -0.247100 -0.793339 -0.243967
v -0.252167 -0.824378 -0.082327
v 0.535122 -0.647510 -0.210569
v 0.399368 -0.733144 -0.230150
v 0.408482 -0.759664 -0.077568
v -0.407494 -0.078748 0.760074
v -0.396408 -0.233482 0.733697
v -0.534170 -0.211796 0.647896
v 0.251147 -0.083443 0.824577
v 0.243967 -0.247100 0.793339
v 0.082327 -0.252167 0.824378
v 0.210571 0.535126 0.647506
v 0.230150 0.399370 0.733143
v 0.077568 0.408483 0.759664
v 0.760074 -0.078748 0.407494
v 0.733697 -0.233481 0.396408
v 0.647896 -0.211796 0.534170
v 0.824576 -0.083443 -0.251147
v 0.793339 -0.247100 -0.243967
v 0.824378 -0.252167 -0.082327
v 0.647510 0.535122 -0.210569
v 0.733144 0.399368 -0.230150
v 0.759664 0.408482 -0.077568
v 0.407494 -0.078748 -0.760074
v 0.396408 -0.233481 -0.733697
v 0.534170 -0.211796 -0.647896
v -0.251147 -0.083443 -0.824576
v -0.243967 -0.247100 -0.793339
v -0.082327 -0.252167 -0.824377
v -0.210571 0.535126 -0.647506
v -0.230150 0.399370 -0.733143
v -0.077568 0.408483 -0.759664
v -0.760074 -0.078748 -0.407494
v -0.733697 -0.233481 -0.396408
v -0.647896 -0.211796 -0.534170
v -0.824576 -0.083443 0.251147
v -0.793339 -0.247100 0.243967
v -0.824378 -0.252167 0.082327
v -0.647510 0.535122 0.210569
v -0.733144 0.399368 0.230150
v -0.759664 0.408482 0.077568
v -0.793339 0.247100 0.243967
v -0.824576 0.083443 0.251147
v -0.857621 0.085197 0.084810
v -0.647896 0.211796 0.534170
v -0.666856 0.071299 0.547891
v -0.760074 0.078748 0.407494
v -0.557820 0.468645 0.468159
v -0.611017 0.345430 0.507248
v -0.682977 0.378103 0.374892
v -0.733144 -0.399368 0.230150
v -0.647510 -0.535122 0.210569
v -0.666610 -0.548249 0.070843
v -0.611017 -0.345430 0.507248
v -0.557820 -0.468645 0.468159
v -0.610846 -0.508306 0.344176
v -0.666856 -0.071299 0.547891
v -0.647896 -0.211796 0.534170
v -0.733697 -0.233481 0.396408
v -0.682977 -0.378103 -0.374892
v -0.610846 -0.508306 -0.344176
v -0.557820 -0.468645 -0.468159
v -0.759664 -0.408482 -0.077568
v -0.666610 -0.548249 -0.070843
v -0.647510 -0.535122 -0.210569
v -0.857620 -0.085197 -0.084810
v -0.824378 -0.252167 -0.082327
v -0.793339 -0.247100 -0.243967
v -0.243967 0.247100 -0.793339
v -0.251147 0.083443 -0.824576
v -0.084810 0.085197 -0.857620
v -0.534170 0.211796 -0.647896
v -0.547891 0.071299 -0.666856
v -0.407494 0.078748 -0.760073
v -0.468159 0.468647 -0.557818
v -0.507248 0.345431 -0.611016
v -0.374893 0.378104 -0.682977
v -0.230150 -0.399370 -0.733143
v -0.210571 -0.535126 -0.647506
v -0.070843 -0.548253 -0.666606
v -0.507248 -0.345431 -0.611016
v -0.468159 -0.468647 -0.557818
v -0.344177 -0.508308 -0.610844
v -0.547891 -0.071299 -0.666856
v -0.534170 -0.211796 -0.647895
v -0.396408 -0.233481 -0.733697
v 0.374893 -0.378104 -0.682977
v 0.344177 -0.508308 -0.610844
v 0.468159 -0.468647 -0.557818
v 0.077568 -0.408483 -0.759664
v 0.070843 -0.548253 -0.666606
v 0.210571 -0.535126 -0.647506
v 0.084810 -0.085197 -0.857620
v 0.082327 -0.252167 -0.824377
v 0.243967 -0.247100 -0.793339
v 0.793339 0.247100 -0.243967
v 0.824576 0.083443 -0.251147
v 0.857620 0.085197 -0.084810
v 0.647896 0.211796 -0.534170
v 0.666856 0.071299 -0.547891
v 0.760074 0.078748 -0.407494
v 0.557820 0.468645 -0.468159
v 0.611017 0.345430 -0.507248
v 0.682977 0.378103 -0.374892
v 0.733144 -0.399368 -0.230150
v 0.647510 -0.535122 -0.210569
v 0.666610 -0.548249 -0.070843
v 0.611017 -0.345430 -0.507248
v 0.557820 -0.468645 -0.468159
v 0.610846 -0.508306 -0.344176
v 0.666856 -0.071299 -0.547891
v 0.647896 -0.211796 -0.534170
v 0.733697 -0.233481 -0.396408
v 0.682977 -0.378103 0.374892
v 0.610846 -0.508306 0.344176
v 0.557820 -0.468645 0.468159
v 0.759664 -0.408482 0.077568
v 0.666610 -0.548249 0.070843
v 0.647510 -0.535122 0.210569
v 0.857620 -0.085197 0.084810
v 0.824378 -0.252167 0.082327
v 0.793339 -0.247100 0.243967
v 0.243967 0.247100 0.793339
v 0.251147 0.083443 0.824577
v 0.084810 0.085197 0.857621
v 0.534170 0.211796 0.647896
v 0.547891 0.071299 0.666856
v 0.407494 0.078748 0.760074
v 0.468159 0.468647 0.557818
v 0.507249 0.345431 0.611017
v 0.374893 0.378104 0.682977
v 0.230150 -0.399370 0.733143
v 0.210571 -0.535126 0.647506
v 0.070843 -0.548253 0.666606
v 0.507248 -0.345431 0.611017
v 0.468159 -0.468647 0.557818
v 0.344177 -0.508308 0.610844
v 0.547891 -0.071299 0.666856
v 0.534170 -0.211796 0.647896
v 0.396408 -0.233482 0.733697
v -0.374893 -0.378104 0.682977
v -0.344177 -0.508308 0.610844
v -0.468159 -0.468647 0.557818
v -0.077569 -0.408483 0.759664
v -0.070843 -0.548253 0.666606
v -0.210571 -0.535126 0.647506
v -0.084810 -0.085197 0.857621
v -0.082327 -0.252167 0.824378
v -0.243967 -0.247100 0.793339
v 0.247100 -0.793339 -0.243967
v 0.083443 -0.824576 -0.251147
v 0.085197 -0.857620 -0.084810
v 0.211794 -0.647899 -0.534166
v 0.071298 -0.666859 -0.547887
v 0.078747 -0.760074 -0.407492
v 0.468645 -0.557821 -0.468158
v 0.345428 -0.611019 -0.507247
v 0.378102 -0.682978 -0.374892
v -0.399368 -0.733144 -0.230150
v -0.535122 -0.647510 -0.210569
v -0.548249 -0.666610 -0.070843
v -0.345428 -0.611019 -0.507247
v -0.468645 -0.557821 -0.468158
v -0.508306 -0.610846 -0.344175
v -0.071298 -0.666859 -0.547887
v -0.211794 -0.647899 -0.534166
v -0.233480 -0.733698 -0.396406
v -0.378102 -0.682978 0.374892
v -0.508306 -0.610846 0.344175
v -0.468645 -0.557821 0.468158
v -0.408482 -0.759664 0.077568
v -0.548249 -0.666610 0.070843
v -0.535122 -0.647510 0.210569
v -0.085197 -0.857620 0.084810
v -0.252167 -0.824378 0.082327
v -0.247100 -0.793339 0.243967
v -0.247100 0.793339 -0.243967
v -0.083443 0.824576 -0.251147
v -0.085197 0.857620 -0.084810
v -0.211794 0.647899 -0.534166
v -0.071298 0.666859 -0.547887
v -0.078747 0.760074 -0.407492
v -0.468645 0.557821 -0.468158
v -0.345428 0.611019 -0.507247
v -0.378102 0.682978 -0.374892
v 0.399368 0.733144 -0.230150
v 0.535122 0.647510 -0.210569
v 0.548249 0.666610 -0.070843
v 0.345428 0.611019 -0.507247
v 0.468645 0.557821 -0.468158
v 0.508306 0.610846 -0.344175
v 0.071298 0.666859 -0.547887
v 0.211794 0.647899 -0.534166
v 0.233480 0.733698 -0.396406
v 0.378102 0.682978 0.374892
v 0.508306 0.610846 0.344175
v 0.468645 0.557821 0.468158
v 0.408482 0.759664 0.077568
v 0.548249 0.666610 0.070843
v 0.535122 0.647510 0.210569
v 0.085197 0.857620 0.084810
v 0.252167 0.824378 0.082327
v 0.247100 0.793339 0.243967
v -0.233480 0.733698 0.396406
v -0.078747 0.760074 0.407492
v -0.071298 0.666859 0.547887
v -0.252167 0.824378 0.082327
v -0.085197 0.857620 0.084810
v -0.083443 0.824576 0.251147
v -0.548249 0.666610 0.070843
v -0.408482 0.759664 0.077568
v -0.399368 0.733144 0.230150
v 0.233480 -0.733698 0.396407
v 0.078747 -0.760074 0.407492
v 0.071298 -0.666859 0.547887
v 0.252167 -0.824378 0.082327
v 0.085197 -0.857620 0.084810
v 0.083443 -0.824576 0.251147
v 0.548249 -0.666610 0.070843
v 0.408482 -0.759664 0.077568
v 0.399368 -0.733144 0.230150
v -0.396408 0.233482 0.733697
v -0.407494 0.078748 0.760074
v -0.547891 0.071299 0.666856
v -0.082327 0.252167 0.824378
v -0.084810 0.085197 0.857621
v -0.251147 0.083443 0.824577
v -0.070843 0.548253 0.666606
v -0.077568 0.408483 0.759664
v -0.230150 0.399370 0.733143
v 0.733697 0.233481 0.396408
v 0.760074 0.078748 0.407494
v 0.666856 0.071299 0.547891
v 0.824377 0.252167 0.082327
v 0.857621 0.085197 0.084810
v 0.824576 0.083444 0.251147
v 0.666610 0.548249 0.070843
v 0.759664 0.408482 0.077568
v 0.733144 0.399368 0.230150
v 0.396408 0.233481 -0.733697
v 0.407494 0.078748 -0.760074
v 0.547891 0.071299 -0.666856
v 0.082327 0.252167 -0.824377
v 0.084810 0.085197 -0.857620
v 0.251147 0.083443 -0.824576
v 0.070843 0.548253 -0.666606
v 0.077568 0.408483 -0.759664
v 0.230150 0.399370 -0.733143
v -0.733697 0.233481 -0.396408
v -0.760074 0.078748 -0.407494
v -0.666856 0.071299 -0.547891
v -0.824378 0.252167 -0.082327
v -0.857620 0.085197 -0.084810
v -0.824576 0.083443 -0.251147
v -0.666610 0.548249 -0.070843
v -0.759664 0.408482 -0.077568
v -0.733144 0.399368 -0.230150
v -0.647510 0.535122 -0.210569
v -0.793339 0.247100 -0.243967
v -0.647896 0.211796 -0.534170
v 0.210571 0.535126 -0.647506
v 0.243967 0.247100 -0.793339
v 0.534170 0.211796 -0.647896
v 0.647510 0.535122 0.210569
v 0.793339 0.247100 0.243967
v 0.647896 0.211796 0.534170
v -0.210571 0.535126 0.647506
v -0.243967 0.247100 0.793339
v -0.534170 0.211796 0.647896
v 0.535122 -0.647510 0.210569
v 0.247100 -0.793339 0.243967
v 0.211794 -0.647900 0.534166
v -0.535122 0.647510 0.210569
v -0.247100 0.793339 0.243967
v -0.211794 0.647900 0.534166
v 0.083443 0.824576 0.251147
v 0.399368 0.733144 0.230150
v 0.345428 0.611019 0.507247
v 0.078747 0.760074 -0.407492
v 0.378102 0.682978 -0.374892
v 0.408482 0.759664 -0.077568
v -0.508306 0.610846 -0.344175
v -0.233480 0.733698 -0.396406
v -0.252167 0.824377 -0.082327
v -0.083443 -0.824577 0.251147
v -0.399368 -0.733144 0.230150
v -0.345428 -0.611019 0.507247
v -0.078747 -0.760074 -0.407492
v -0.378102 -0.682978 -0.374892
v -0.408482 -0.759664 -0.077568
v 0.508306 -0.610846 -0.344175
v 0.233480 -0.733698 -0.396406
v 0.252167 -0.824378 -0.082327
v -0.251147 -0.083443 0.824577
v -0.230150 -0.399370 0.733143
v -0.507249 -0.345431 0.611016
v 0.407494 -0.078748 0.760074
v 0.374893 -0.378104 0.682977
v 0.077568 -0.408483 0.759664
v 0.344177 0.508308 0.610844
v 0.396408 0.233482 0.733697
v 0.082327 0.252167 0.824378
v 0.824576 -0.083443 0.251147
v 0.733144 -0.399368 0.230150
v 0.611017 -0.345430 0.507248
v 0.760074 -0.078748 -0.407494
v 0.682977 -0.378103 -0.374892
v 0.759664 -0.408482 -0.077568
v 0.610846 0.508306 -0.344176
v 0.733697 0.233481 -0.396408
v 0.824377 0.252167 -0.082327
v 0.251147 -0.083443 -0.824576
v 0.230150 -0.399370 -0.733143
v 0.507248 -0.345431 -0.611016
v -0.407494 -0.078748 -0.760073
v -0.374893 -0.378104 -0.682977
v -0.077568 -0.408483 -0.759664
v -0.344177 0.508308 -0.610844
v -0.396408 0.233481 -0.733697
v -0.082327 0.252167 -0.824377
v -0.824576 -0.083443 -0.251147
v -0.733144 -0.399368 -0.230150
v -0.611017 -0.345430 -0.507248
v -0.760074 -0.078748 0.407494
v -0.682977 -0.378103 0.374892
v -0.759664 -0.408482 0.077568
v -0.610846 0.508306 0.344176
v -0.733697 0.233481 0.396408
v -0.824378 0.252167 0.082327
v -0.666610 0.548249 0.070843
v -0.857621 -0.085197 0.084810
v -0.666856 -0.071299 -0.547891
v -0.070843 0.548253 -0.666606
v -0.084810 -0.085197 -0.857620
v 0.547891 -0.071299 -0.666855
v 0.666610 0.548249 -0.070843
v 0.857620 -0.085197 -0.084810
v 0.666856 -0.071299 0.547891
v 0.070843 0.548253 0.666606
v 0.084810 -0.085197 0.857621
v -0.547891 -0.071299 0.666856
v 0.548249 -0.666610 -0.070843
v -0.085197 -0.857620 -0.084810
v -0.071298 -0.666859 0.547887
v -0.548249 0.666610 -0.070843
v 0.085197 0.857620 -0.084810
v 0.071298 0.666859 0.547887
v -0.468645 0.557821 0.468158
v 0.468645 -0.557821 0.468158
v -0.468159 0.468647 0.557818
v 0.557820 0.468645 0.468159
v 0.468159 0.468647 -0.557818
v -0.557820 0.468645 -0.468159
vn -0.5774 -0.5774 0.5773
vn -0.5774 0.5774 0.5773
vn -0.5774 -0.5774 -0.5774
vn -0.5773 0.5774 -0.5773
vn 0.5774 -0.5774 0.5773
vn 0.5774 0.5774 0.5773
vn 0.5774 -0.5774 -0.5773
vn 0.5774 0.5774 -0.5773
vn -0.7071 -0.7071 -0.0000
vn -0.7071 -0.0000 0.7071
vn -0.7071 0.7071 -0.0000
vn -0.7071 -0.0000 -0.7071
vn -0.0000 -0.7072 -0.7070
vn -0.0000 0.7072 -0.7070
vn 0.7071 -0.0000 -0.7071
vn 0.7071 -0.7071 -0.0000
vn 0.7071 0.7071 -0.0000
vn 0.7071 -0.0000 0.7071
vn -0.0000 -0.7072 0.7070
vn -0.0000 0.7072 0.7070
vn -0.0000 1.0000 -0.0000
vn -0.0000 -1.0000 -0.0000
vn -0.0000 -0.0000 1.0000
vn 1.0000 -0.0000 -0.0000
vn -0.0000 -0.0000 -1.0000
vn -1.0000 -0.0000 -0.0000
vn -0.6731 -0.6731 0.3065
vn -0.6730 0.3069 0.6730
vn -0.6731 0.6731 -0.3065
vn -0.6730 -0.3069 -0.6730
vn -0.3067 -0.6732 -0.6728
vn 0.3067 0.6732 -0.6728
vn 0.6730 -0.3069 -0.6730
vn 0.6731 -0.6731 -0.3065
vn 0.6731 0.6731 0.3065
vn 0.6730 -0.3069 0.6730
vn 0.3067 -0.6732 0.6728
vn -0.3067 0.6732 0.6728
vn -0.6731 -0.6731 -0.3065
vn -0.6730 -0.3069 0.6730
vn -0.6731 0.6731 0.3065
vn -0.6730 0.3069 -0.6730
vn 0.3067 -0.6732 -0.6728
vn -0.3067 0.6732 -0.6728
vn 0.6730 0.3069 -0.6730
vn 0.6731 -0.6731 0.3065
vn 0.6731 0.6731 -0.3065
vn 0.6730 0.3069 0.6730
vn -0.3067 -0.6732 0.6728
vn 0.3067 0.6732 0.6728
vn -0.0000 0.9241 0.3823
vn -0.0000 0.9241 -0.3823
vn 0.3824 0.9240 -0.0000
vn -0.3824 0.9240 -0.0000
vn -0.0000 -0.9241 0.3823
vn -0.0000 -0.9241 -0.3823
vn -0.3824 -0.9240 -0.0000
vn 0.3824 -0.9240 -0.0000
vn -0.3823 -0.0000 0.9241
vn 0.3823 -0.0000 0.9241
vn -0.0000 -0.3824 0.9240
vn -0.0000 0.3824 0.9240
vn 0.9241 -0.0000 0.3823
vn 0.9241 -0.0000 -0.3823
vn 0.9240 -0.3824 -0.0000
vn 0.9240 0.3824 -0.0000
vn 0.3823 -0.0000 -0.9241
vn -0.3823 -0.0000 -0.9241
vn -0.0000 -0.3824 -0.9240
vn -0.0000 0.3824 -0.9240
vn -0.9241 -0.0000 -0.3823
vn -0.9241 -0.0000 0.3823
vn -0.9240 -0.3824 -0.0000
vn -0.9240 0.3824 -0.0000
vn -0.8576 0.3663 0.3610
vn -0.8576 -0.3663 0.3610
vn -0.8576 -0.3663 -0.3610
vn -0.3610 0.3663 -0.8576
vn -0.3610 -0.3663 -0.8576
vn 0.3610 -0.3663 -0.8576
vn 0.8576 0.3663 -0.3610
vn 0.8576 -0.3663 -0.3610
vn 0.8576 -0.3663 0.3610
vn 0.3610 0.3663 0.8576
vn 0.3610 -0.3663 0.8576
vn -0.3610 -0.3663 0.8576
vn 0.3663 -0.8576 -0.3610
vn -0.3663 -0.8576 -0.3610
vn -0.3663 -0.8576 0.3610
vn -0.3663 0.8576 -0.3610
vn 0.3663 0.8576 -0.3610
vn 0.3663 0.8576 0.3610
vn -0.3663 0.8576 0.3610
vn 0.3663 -0.8576 0.3610
vn -0.3610 0.3663 0.8576
vn 0.8576 0.3663 0.3610
vn 0.3610 0.3663 -0.8576
vn -0.8576 0.3663 -0.3610
vn -0.6315 -0.6315 0.4498
vn -0.6315 0.4500 0.6315
vn -0.6315 0.6315 -0.4498
vn -0.6315 -0.4500 -0.6315
vn -0.4499 -0.6316 -0.6314
vn 0.4499 0.6316 -0.6314
vn 0.6315 -0.4500 -0.6315
vn 0.6315 -0.6315 -0.4498
vn 0.6315 0.6315 0.4498
vn 0.6315 -0.4500 0.6315
vn 0.4499 -0.6316 0.6314
vn -0.4499 0.6316 0.6314
vn -0.6985 -0.6985 -0.1552
vn -0.6985 -0.1556 0.6985
vn -0.6985 0.6985 0.1552
vn -0.6985 0.1556 -0.6985
vn 0.1554 -0.6987 -0.6983
vn -0.1554 0.6987 -0.6983
vn 0.6985 0.1556 -0.6985
vn 0.6985 -0.6985 0.1552
vn 0.6985 0.6985 -0.1552
vn 0.6985 0.1556 0.6985
vn -0.1554 -0.6987 0.6983
vn 0.1554 0.6987 0.6983
vn -0.0000 0.8319 0.5549
vn -0.0000 0.9808 -0.1950
vn 0.5550 0.8318 -0.0000
vn -0.1950 0.9808 -0.0000
vn -0.0000 -0.8319 0.5549
vn -0.0000 -0.9808 -0.1950
vn -0.5550 -0.8318 -0.0000
vn 0.1950 -0.9808 -0.0000
vn -0.5549 -0.0000 0.8319
vn 0.1950 -0.0000 0.9808
vn -0.0000 -0.5550 0.8318
vn -0.0000 0.1950 0.9808
vn 0.8319 -0.0000 0.5549
vn 0.9808 -0.0000 -0.1950
vn 0.8318 -0.5550 -0.0000
vn 0.9808 0.1950 -0.0000
vn 0.5549 -0.0000 -0.8319
vn -0.1950 -0.0000 -0.9808
vn -0.0000 -0.5550 -0.8318
vn -0.0000 0.1950 -0.9808
vn -0.8319 -0.0000 -0.5549
vn -0.9808 -0.0000 0.1950
vn -0.8318 -0.5550 -0.0000
vn -0.9808 0.1950 -0.0000
vn -0.6985 -0.6985 0.1552
vn -0.6985 0.1556 0.6985
vn -0.6985 0.6985 -0.1552
vn -0.6985 -0.1556 -0.6985
vn -0.1554 -0.6987 -0.6983
vn 0.1554 0.6987 -0.6983
vn 0.6985 -0.1556 -0.6985
vn 0.6985 -0.6985 -0.1552
vn 0.6985 0.6985 0.1552
vn 0.6985 -0.1556 0.6985
vn 0.1554 -0.6987 0.6983
vn -0.1554 0.6987 0.6983
vn -0.6315 -0.6315 -0.4498
vn -0.6315 -0.4500 0.6315
vn -0.6315 0.6315 0.4498
vn -0.6315 0.4500 -0.6315
vn 0.4499 -0.6316 -0.6314
vn -0.4499 0.6316 -0.6314
vn 0.6315 0.4500 -0.6315
vn 0.6315 -0.6315 0.4498
vn 0.6315 0.6315 -0.4498
vn 0.6315 0.4500 0.6315
vn -0.4499 -0.6316 0.6314
vn 0.4499 0.6316 0.6314
vn -0.0000 0.9808 0.1950
vn -0.0000 0.8319 -0.5549
vn 0.1950 0.9808 -0.0000
vn -0.5550 0.8318 -0.0000
vn -0.0000 -0.9808 0.1950
vn -0.0000 -0.8319 -0.5549
vn -0.1950 -0.9808 -0.0000
vn 0.5550 -0.8318 -0.0000
vn -0.1950 -0.0000 0.9808
vn 0.5549 -0.0000 0.8319
vn -0.0000 -0.1950 0.9808
vn -0.0000 0.5550 0.8318
vn 0.9808 -0.0000 0.1950
vn 0.8319 -0.0000 -0.5549
vn 0.9808 -0.1950 -0.0000
vn 0.8318 0.5550 -0.0000
vn 0.1950 -0.0000 -0.9808
vn -0.5549 -0.0000 -0.8319
vn -0.0000 -0.1950 -0.9808
vn -0.0000 0.5550 -0.8318
vn -0.9808 -0.0000 -0.1950
vn -0.8319 -0.0000 0.5549
vn -0.9808 -0.1950 -0.0000
vn -0.8318 0.5550 -0.0000
vn -0.9064 0.3805 0.1837
vn -0.7796 0.3398 0.5260
vn -0.9068 0.1868 0.3778
vn -0.7791 0.5288 0.3368
vn -0.9064 -0.3805 0.1837
vn -0.7796 -0.3398 0.5260
vn -0.7791 -0.5288 0.3368
vn -0.9068 -0.1868 0.3778
vn -0.7796 -0.3398 -0.5260
vn -0.9064 -0.3805 -0.1837
vn -0.7791 -0.5288 -0.3368
vn -0.9068 -0.1868 -0.3778
vn -0.1837 0.3805 -0.9064
vn -0.5260 0.3398 -0.7796
vn -0.3778 0.1868 -0.9068
vn -0.3368 0.5288 -0.7791
vn -0.1837 -0.3805 -0.9064
vn -0.5260 -0.3398 -0.7796
vn -0.3368 -0.5288 -0.7791
vn -0.3778 -0.1868 -0.9068
vn 0.5260 -0.3398 -0.7796
vn 0.1837 -0.3805 -0.9064
vn 0.3368 -0.5288 -0.7791
vn 0.3778 -0.1868 -0.9068
vn 0.9064 0.3805 -0.1837
vn 0.7796 0.3398 -0.5260
vn 0.9068 0.1868 -0.3778
vn 0.7791 0.5288 -0.3368
vn 0.9064 -0.3805 -0.1837
vn 0.7796 -0.3398 -0.5260
vn 0.7791 -0.5288 -0.3368
vn 0.9068 -0.1868 -0.3778
vn 0.7796 -0.3398 0.5260
vn 0.9064 -0.3805 0.1837
vn 0.7791 -0.5288 0.3368
vn 0.9068 -0.1868 0.3778
vn 0.1837 0.3805 0.9064
vn 0.5260 0.3398 0.7796
vn 0.3778 0.1868 0.9068
vn 0.3368 0.5288 0.7791
vn 0.1837 -0.3805 0.9064
vn 0.5260 -0.3398 0.7796
vn 0.3368 -0.5288 0.7791
vn 0.3778 -0.1868 0.9068
vn -0.5260 -0.3398 0.7796
vn -0.1837 -0.3805 0.9064
vn -0.3368 -0.5288 0.7791
vn -0.3778 -0.1868 0.9068
vn 0.3805 -0.9064 -0.1837
vn 0.3398 -0.7796 -0.5260
vn 0.1868 -0.9068 -0.3778
vn 0.5288 -0.7791 -0.3368
vn -0.3805 -0.9064 -0.1837
vn -0.3398 -0.7796 -0.5260
vn -0.5288 -0.7791 -0.3368
vn -0.1868 -0.9068 -0.3778
vn -0.3398 -0.7796 0.5260
vn -0.3805 -0.9064 0.1837
vn -0.5288 -0.7791 0.3368
vn -0.1868 -0.9068 0.3778
vn -0.3805 0.9064 -0.1837
vn -0.3398 0.7796 -0.5260
vn -0.1868 0.9068 -0.3778
vn -0.5288 0.7791 -0.3368
vn 0.3805 0.9064 -0.1837
vn 0.3398 0.7796 -0.5260
vn 0.5288 0.7791 -0.3368
vn 0.1868 0.9068 -0.3778
vn 0.3398 0.7796 0.5260
vn 0.3805 0.9064 0.1837
vn 0.5288 0.7791 0.3368
vn 0.1868 0.9068 0.3778
vn -0.3398 0.7796 0.5260
vn -0.3805 0.9064 0.1837
vn -0.1868 0.9068 0.3778
vn -0.5288 0.7791 0.3368
vn 0.3398 -0.7796 0.5260
vn 0.3805 -0.9064 0.1837
vn 0.1868 -0.9068 0.3778
vn 0.5288 -0.7791 0.3368
vn -0.5260 0.3398 0.7796
vn -0.1837 0.3805 0.9064
vn -0.3778 0.1868 0.9068
vn -0.3368 0.5288 0.7791
vn 0.7796 0.3398 0.5260
vn 0.9064 0.3805 0.1837
vn 0.9068 0.1868 0.3778
vn 0.7791 0.5288 0.3368
vn 0.5260 0.3398 -0.7796
vn 0.1837 0.3805 -0.9064
vn 0.3778 0.1868 -0.9068
vn 0.3368 0.5288 -0.7791
vn -0.7796 0.3398 -0.5260
vn -0.9064 0.3805 -0.1837
vn -0.9068 0.1868 -0.3778
vn -0.7791 0.5288 -0.3368
vn -0.8176 0.5498 -0.1709
vn -0.9618 0.1943 -0.1927
vn -0.8184 0.1729 -0.5481
vn 0.1709 0.5498 -0.8176
vn 0.1927 0.1943 -0.9618
vn 0.5481 0.1729 -0.8184
vn 0.8176 0.5498 0.1709
vn 0.9618 0.1943 0.1927
vn 0.8184 0.1729 0.5481
vn -0.1709 0.5498 0.8176
vn -0.1927 0.1943 0.9618
vn -0.5481 0.1729 0.8184
vn 0.5498 -0.8176 0.1709
vn 0.1943 -0.9618 0.1927
vn 0.1729 -0.8184 0.5481
vn -0.5498 0.8176 0.1709
vn -0.1943 0.9618 0.1927
vn -0.1729 0.8184 0.5481
vn 0.1943 0.9618 0.1927
vn 0.5498 0.8176 0.1709
vn 0.4936 0.7173 0.4917
vn 0.1729 0.8184 -0.5481
vn 0.4936 0.7173 -0.4917
vn 0.5498 0.8176 -0.1709
vn -0.4936 0.7173 -0.4917
vn -0.1729 0.8184 -0.5481
vn -0.1943 0.9618 -0.1927
vn -0.1943 -0.9618 0.1927
vn -0.5498 -0.8176 0.1709
vn -0.4936 -0.7173 0.4917
vn -0.1729 -0.8184 -0.5481
vn -0.4936 -0.7173 -0.4917
vn -0.5498 -0.8176 -0.1709
vn 0.4936 -0.7173 -0.4917
vn 0.1729 -0.8184 -0.5481
vn 0.1943 -0.9618 -0.1927
vn -0.1927 -0.1943 0.9618
vn -0.1709 -0.5498 0.8176
vn -0.4917 -0.4936 0.7173
vn 0.5481 -0.1729 0.8184
vn 0.4917 -0.4936 0.7173
vn 0.1709 -0.5498 0.8176
vn 0.4917 0.4936 0.7173
vn 0.5481 0.1729 0.8184
vn 0.1927 0.1943 0.9618
vn 0.9618 -0.1943 0.1927
vn 0.8176 -0.5498 0.1709
vn 0.7173 -0.4936 0.4917
vn 0.8184 -0.1729 -0.5481
vn 0.7173 -0.4936 -0.4917
vn 0.8176 -0.5498 -0.1709
vn 0.7173 0.4936 -0.4917
vn 0.8184 0.1729 -0.5481
vn 0.9618 0.1943 -0.1927
vn 0.1927 -0.1943 -0.9618
vn 0.1709 -0.5498 -0.8176
vn 0.4917 -0.4936 -0.7173
vn -0.5481 -0.1729 -0.8184
vn -0.4917 -0.4936 -0.7173
vn -0.1709 -0.5498 -0.8176
vn -0.4917 0.4936 -0.7173
vn -0.5481 0.1729 -0.8184
vn -0.1927 0.1943 -0.9618
vn -0.9618 -0.1943 -0.1927
vn -0.8176 -0.5498 -0.1709
vn -0.7173 -0.4936 -0.4917
vn -0.8184 -0.1729 0.5481
vn -0.7173 -0.4936 0.4917
vn -0.8176 -0.5498 0.1709
vn -0.7173 0.4936 0.4917
vn -0.8184 0.1729 0.5481
vn -0.9618 0.1943 0.1927
vn -0.8176 0.5498 0.1709
vn -0.9618 -0.1943 0.1927
vn -0.8184 -0.1729 -0.5481
vn -0.1709 0.5498 -0.8176
vn -0.1927 -0.1943 -0.9618
vn 0.5481 -0.1729 -0.8184
vn 0.8176 0.5498 -0.1709
vn 0.9618 -0.1943 -0.1927
vn 0.8184 -0.1729 0.5481
vn 0.1709 0.5498 0.8176
vn 0.1927 -0.1943 0.9618
vn -0.5481 -0.1729 0.8184
vn 0.5498 -0.8176 -0.1709
vn -0.1943 -0.9618 -0.1927
vn -0.1729 -0.8184 0.5481
vn -0.5498 0.8176 -0.1709
vn 0.1943 0.9618 -0.1927
vn 0.1729 0.8184 0.5481
vn -0.4936 0.7173 0.4917
vn 0.4936 -0.7173 0.4917
vn -0.4917 0.4936 0.7173
vn 0.7173 0.4936 0.4917
vn 0.4917 0.4936 -0.7173
vn -0.7173 0.4936 -0.4917
vn -0.6051 -0.6051 0.5173
vn -0.6051 0.5174 0.6051
vn -0.6051 0.6051 -0.5173
vn -0.6051 -0.5174 -0.6051
vn -0.5174 -0.6052 -0.6051
vn 0.5174 0.6052 -0.6051
vn 0.6051 -0.5174 -0.6051
vn 0.6051 -0.6051 -0.5173
vn 0.6051 0.6051 0.5173
vn 0.6051 -0.5174 0.6051
vn 0.5174 -0.6052 0.6051
vn -0.5174 0.6052 0.6051
vn -0.7050 -0.7050 -0.0777
vn -0.7050 -0.0780 0.7050
vn -0.7050 0.7050 0.0777
vn -0.7050 0.0780 -0.7050
vn 0.0779 -0.7051 -0.7048
vn -0.0779 0.7051 -0.7048
vn 0.7050 0.0780 -0.7050
vn 0.7050 -0.7050 0.0777
vn 0.7050 0.7050 -0.0777
vn 0.7050 0.0780 0.7050
vn -0.0779 -0.7051 0.7048
vn 0.0779 0.7051 0.7048
vn -0.0000 0.7737 0.6336
vn -0.0000 0.9952 -0.0981
vn 0.6337 0.7736 -0.0000
vn -0.0980 0.9952 -0.0000
vn -0.0000 -0.7737 0.6336
vn -0.0000 -0.9952 -0.0981
vn -0.6337 -0.7736 -0.0000
vn 0.0980 -0.9952 -0.0000
vn -0.6336 -0.0000 0.7737
vn 0.0981 -0.0000 0.9952
vn -0.0000 -0.6337 0.7736
vn -0.0000 0.0980 0.9952
vn 0.7737 -0.0000 0.6336
vn 0.9952 -0.0000 -0.0981
vn 0.7736 -0.6337 -0.0000
vn 0.9952 0.0980 -0.0000
vn 0.6336 -0.0000 -0.7737
vn -0.0981 -0.0000 -0.9952
vn -0.0000 -0.6337 -0.7736
vn -0.0000 0.0980 -0.9952
vn -0.7737 -0.0000 -0.6336
vn -0.9952 -0.0000 0.0981
vn -0.7736 -0.6337 -0.0000
vn -0.9952 0.0980 -0.0000
vn -0.6879 -0.6879 0.2317
vn -0.6878 0.2321 0.6878
vn -0.6879 0.6879 -0.2317
vn -0.6878 -0.2321 -0.6878
vn -0.2319 -0.6881 -0.6876
vn 0.2319 0.6881 -0.6876
vn 0.6878 -0.2321 -0.6878
vn 0.6879 -0.6879 -0.2317
vn 0.6879 0.6879 0.2317
vn 0.6878 -0.2321 0.6878
vn 0.2319 -0.6881 0.6876
vn -0.2319 0.6881 0.6876
vn -0.6543 -0.6543 -0.3794
vn -0.6541 -0.3797 0.6541
vn -0.6542 0.6543 0.3794
vn -0.6541 0.3797 -0.6541
vn 0.3795 -0.6544 -0.6540
vn -0.3795 0.6544 -0.6540
vn 0.6541 0.3797 -0.6541
vn 0.6543 -0.6543 0.3794
vn 0.6542 0.6543 -0.3794
vn 0.6541 0.3797 0.6541
vn -0.3795 -0.6544 0.6540
vn 0.3795 0.6544 0.6540
vn -0.0000 0.9570 0.2900
vn -0.0000 0.8822 -0.4709
vn 0.2901 0.9570 -0.0000
vn -0.4711 0.8821 -0.0000
vn -0.0000 -0.9570 0.2900
vn -0.0000 -0.8822 -0.4709
vn -0.2901 -0.9570 -0.0000
vn 0.4711 -0.8821 -0.0000
vn -0.2900 -0.0000 0.9570
vn 0.4709 -0.0000 0.8822
vn -0.0000 -0.2901 0.9570
vn -0.0000 0.4711 0.8821
vn 0.9570 -0.0000 0.2900
vn 0.8822 -0.0000 -0.4709
vn 0.9570 -0.2901 -0.0000
vn 0.8821 0.4711 -0.0000
vn 0.2900 -0.0000 -0.9570
vn -0.4709 -0.0000 -0.8822
vn -0.0000 -0.2901 -0.9570
vn -0.0000 0.4711 -0.8821
vn -0.9570 -0.0000 -0.2900
vn -0.8822 -0.0000 0.4709
vn -0.9570 -0.2901 -0.0000
vn -0.8821 0.4711 -0.0000
vn -0.9192 0.3829 0.0922
vn -0.8221 0.3545 0.4454
vn -0.9195 0.0938 0.3816
vn -0.8216 0.4497 0.3502
vn -0.9192 -0.3829 0.0922
vn -0.8221 -0.3545 0.4454
vn -0.7301 -0.6034 0.3207
vn -0.8861 -0.2781 0.3709
vn -0.7305 -0.3223 -0.6021
vn -0.8858 -0.3750 -0.2735
vn -0.7301 -0.6034 -0.3207
vn -0.8861 -0.2781 -0.3709
vn -0.0922 0.3829 -0.9192
vn -0.4454 0.3545 -0.8221
vn -0.3816 0.0938 -0.9195
vn -0.3502 0.4497 -0.8216
vn -0.0922 -0.3829 -0.9192
vn -0.4454 -0.3545 -0.8221
vn -0.3207 -0.6034 -0.7301
vn -0.3709 -0.2781 -0.8861
vn 0.6021 -0.3223 -0.7305
vn 0.2735 -0.3750 -0.8858
vn 0.3207 -0.6034 -0.7301
vn 0.3709 -0.2781 -0.8861
vn 0.9192 0.3829 -0.0922
vn 0.8221 0.3545 -0.4454
vn 0.9195 0.0938 -0.3816
vn 0.8216 0.4497 -0.3502
vn 0.9192 -0.3829 -0.0922
vn 0.8221 -0.3545 -0.4454
vn 0.7301 -0.6034 -0.3207
vn 0.8861 -0.2781 -0.3709
vn 0.7305 -0.3223 0.6021
vn 0.8858 -0.3750 0.2735
vn 0.7301 -0.6034 0.3207
vn 0.8861 -0.2781 0.3709
vn 0.0922 0.3829 0.9192
vn 0.4454 0.3545 0.8221
vn 0.3816 0.0938 0.9195
vn 0.3502 0.4497 0.8216
vn 0.0922 -0.3829 0.9192
vn 0.4454 -0.3545 0.8221
vn 0.3207 -0.6034 0.7301
vn 0.3709 -0.2781 0.8861
vn -0.6021 -0.3223 0.7305
vn -0.2735 -0.3750 0.8858
vn -0.3207 -0.6034 0.7301
vn -0.3709 -0.2781 0.8861
vn 0.3829 -0.9192 -0.0922
vn 0.3545 -0.8221 -0.4454
vn 0.0938 -0.9195 -0.3816
vn 0.4497 -0.8216 -0.3502
vn -0.3829 -0.9192 -0.0922
vn -0.3545 -0.8221 -0.4454
vn -0.6034 -0.7301 -0.3207
vn -0.2781 -0.8861 -0.3709
vn -0.3223 -0.7305 0.6021
vn -0.3750 -0.8858 0.2735
vn -0.6034 -0.7301 0.3207
vn -0.2781 -0.8861 0.3709
vn -0.3829 0.9192 -0.0922
vn -0.3545 0.8221 -0.4454
vn -0.0938 0.9195 -0.3816
vn -0.4497 0.8216 -0.3502
vn 0.3829 0.9192 -0.0922
vn 0.3545 0.8221 -0.4454
vn 0.6034 0.7301 -0.3207
vn 0.2781 0.8861 -0.3709
vn 0.3223 0.7305 0.6021
vn 0.3750 0.8858 0.2735
vn 0.6034 0.7301 0.3207
vn 0.2781 0.8861 0.3709
vn -0.3223 0.7305 0.6021
vn -0.3750 0.8858 0.2735
vn -0.0938 0.9195 0.3816
vn -0.4497 0.8216 0.3502
vn 0.3223 -0.7305 0.6021
vn 0.3750 -0.8858 0.2735
vn 0.0938 -0.9195 0.3816
vn 0.4497 -0.8216 0.3502
vn -0.6021 0.3223 0.7305
vn -0.2735 0.3750 0.8858
vn -0.3816 0.0938 0.9195
vn -0.3502 0.4497 0.8216
vn 0.7305 0.3223 0.6021
vn 0.8858 0.3750 0.2735
vn 0.9195 0.0938 0.3816
vn 0.8216 0.4497 0.3502
vn 0.6021 0.3223 -0.7305
vn 0.2735 0.3750 -0.8858
vn 0.3816 0.0938 -0.9195
vn 0.3502 0.4497 -0.8216
vn -0.7305 0.3223 -0.6021
vn -0.8858 0.3750 -0.2735
vn -0.9195 0.0938 -0.3816
vn -0.8216 0.4497 -0.3502
vn -0.6543 -0.6543 0.3794
vn -0.6541 0.3797 0.6541
vn -0.6543 0.6543 -0.3794
vn -0.6541 -0.3797 -0.6541
vn -0.3795 -0.6544 -0.6540
vn 0.3795 0.6544 -0.6540
vn 0.6541 -0.3797 -0.6541
vn 0.6543 -0.6543 -0.3794
vn 0.6543 0.6543 0.3794
vn 0.6541 -0.3797 0.6541
vn 0.3795 -0.6544 0.6540
vn -0.3795 0.6544 0.6540
vn -0.6879 -0.6879 -0.2317
vn -0.6878 -0.2321 0.6878
vn -0.6879 0.6879 0.2317
vn -0.6878 0.2321 -0.6878
vn 0.2319 -0.6881 -0.6876
vn -0.2319 0.6881 -0.6876
vn 0.6878 0.2321 -0.6878
vn 0.6879 -0.6879 0.2317
vn 0.6879 0.6879 -0.2317
vn 0.6878 0.2321 0.6878
vn -0.2319 -0.6881 0.6876
vn 0.2319 0.6881 0.6876
vn -0.0000 0.8822 0.4709
vn -0.0000 0.9570 -0.2900
vn 0.4711 0.8821 -0.0000
vn -0.2901 0.9570 -0.0000
vn -0.0000 -0.8822 0.4709
vn -0.0000 -0.9570 -0.2900
vn -0.4711 -0.8821 -0.0000
vn 0.2901 -0.9570 -0.0000
vn -0.4709 -0.0000 0.8822
vn 0.2900 -0.0000 0.9570
vn -0.0000 -0.4711 0.8821
vn -0.0000 0.2901 0.9570
vn 0.8822 -0.0000 0.4709
vn 0.9570 -0.0000 -0.2900
vn 0.8821 -0.4711 -0.0000
vn 0.9570 0.2901 -0.0000
vn 0.4709 -0.0000 -0.8822
vn -0.2900 -0.0000 -0.9570
vn -0.0000 -0.4711 -0.8821
vn -0.0000 0.2901 -0.9570
vn -0.8822 -0.0000 -0.4709
vn -0.9570 -0.0000 0.2900
vn -0.8821 -0.4711 -0.0000
vn -0.9570 0.2901 -0.0000
vn -0.7050 -0.7050 0.0777
vn -0.7050 0.0780 0.7050
vn -0.7050 0.7050 -0.0777
vn -0.7050 -0.0780 -0.7050
vn -0.0779 -0.7051 -0.7048
vn 0.0779 0.7051 -0.7048
vn 0.7050 -0.0780 -0.7050
vn 0.7050 -0.7050 -0.0777
vn 0.7050 0.7050 0.0777
vn 0.7050 -0.0780 0.7050
vn 0.0779 -0.7051 0.7048
vn -0.0779 0.7051 0.7048
vn -0.6051 -0.6051 -0.5173
vn -0.6051 -0.5174 0.6051
vn -0.6051 0.6051 0.5173
vn -0.6051 0.5174 -0.6051
vn 0.5174 -0.6052 -0.6051
vn -0.5174 0.6052 -0.6051
vn 0.6051 0.5174 -0.6051
vn 0.6051 -0.6051 0.5173
vn 0.6051 0.6051 -0.5173
vn 0.6051 0.5174 0.6051
vn -0.5174 -0.6052 0.6051
vn 0.5174 0.6052 0.6051
vn -0.0000 0.9952 0.0981
vn -0.0000 0.7737 -0.6336
vn 0.0980 0.9952 -0.0000
vn -0.6337 0.7736 -0.0000
vn -0.0000 -0.9952 0.0981
vn -0.0000 -0.7737 -0.6336
vn -0.0980 -0.9952 -0.0000
vn 0.6337 -0.7736 -0.0000
vn -0.0981 -0.0000 0.9952
vn 0.6336 -0.0000 0.7737
vn -0.0000 -0.0980 0.9952
vn -0.0000 0.6337 0.7736
vn 0.9952 -0.0000 0.0981
vn 0.7737 -0.0000 -0.6336
vn 0.9952 -0.0980 -0.0000
vn 0.7736 0.6337 -0.0000
vn 0.0981 -0.0000 -0.9952
vn -0.6336 -0.0000 -0.7737
vn -0.0000 -0.0980 -0.9952
vn -0.0000 0.6337 -0.7736
vn -0.9952 -0.0000 -0.0981
vn -0.7737 -0.0000 0.6336
vn -0.9952 -0.0980 -0.0000
vn -0.7736 0.6337 -0.0000
vn -0.8858 0.3750 0.2735
vn -0.7305 0.3223 0.6021
vn -0.8861 0.2781 0.3709
vn -0.7301 0.6034 0.3207
vn -0.8858 -0.3750 0.2735
vn -0.7305 -0.3223 0.6021
vn -0.8216 -0.4497 0.3502
vn -0.9195 -0.0938 0.3816
vn -0.8221 -0.3545 -0.4454
vn -0.9192 -0.3829 -0.0922
vn -0.8216 -0.4497 -0.3502
vn -0.9195 -0.0938 -0.3816
vn -0.2735 0.3750 -0.8858
vn -0.6021 0.3223 -0.7305
vn -0.3709 0.2781 -0.8861
vn -0.3207 0.6034 -0.7301
vn -0.2735 -0.3750 -0.8858
vn -0.6021 -0.3223 -0.7305
vn -0.3502 -0.4497 -0.8216
vn -0.3816 -0.0938 -0.9195
vn 0.4454 -0.3545 -0.8221
vn 0.0922 -0.3829 -0.9192
vn 0.3502 -0.4497 -0.8216
vn 0.3816 -0.0938 -0.9195
vn 0.8858 0.3750 -0.2735
vn 0.7305 0.3223 -0.6021
vn 0.8861 0.2781 -0.3709
vn 0.7301 0.6034 -0.3207
vn 0.8858 -0.3750 -0.2735
vn 0.7305 -0.3223 -0.6021
vn 0.8216 -0.4497 -0.3502
vn 0.9195 -0.0938 -0.3816
vn 0.8221 -0.3545 0.4454
vn 0.9192 -0.3829 0.0922
vn 0.8216 -0.4497 0.3502
vn 0.9195 -0.0938 0.3816
vn 0.2735 0.3750 0.8858
vn 0.6021 0.3223 0.7305
vn 0.3709 0.2781 0.8861
vn 0.3207 0.6034 0.7301
vn 0.2735 -0.3750 0.8858
vn 0.6021 -0.3223 0.7305
vn 0.3502 -0.4497 0.8216
vn 0.3816 -0.0938 0.9195
vn -0.4454 -0.3545 0.8221
vn -0.0922 -0.3829 0.9192
vn -0.3502 -0.4497 0.8216
vn -0.3816 -0.0938 0.9195
vn 0.3750 -0.8858 -0.2735
vn 0.3223 -0.7305 -0.6021
vn 0.2781 -0.8861 -0.3709
vn 0.6034 -0.7301 -0.3207
vn -0.3750 -0.8858 -0.2735
vn -0.3223 -0.7305 -0.6021
vn -0.4497 -0.8216 -0.3502
vn -0.0938 -0.9195 -0.3816
vn -0.3545 -0.8221 0.4454
vn -0.3829 -0.9192 0.0922
vn -0.4497 -0.8216 0.3502
vn -0.0938 -0.9195 0.3816
vn -0.3750 0.8858 -0.2735
vn -0.3223 0.7305 -0.6021
vn -0.2781 0.8861 -0.3709
vn -0.6034 0.7301 -0.3207
vn 0.3750 0.8858 -0.2735
vn 0.3223 0.7305 -0.6021
vn 0.4497 0.8216 -0.3502
vn 0.0938 0.9195 -0.3816
vn 0.3545 0.8221 0.4454
vn 0.3829 0.9192 0.0922
vn 0.4497 0.8216 0.3502
vn 0.0938 0.9195 0.3816
vn -0.3545 0.8221 0.4454
vn -0.3829 0.9192 0.0922
vn -0.2781 0.8861 0.3709
vn -0.6034 0.7301 0.3207
vn 0.3545 -0.8221 0.4454
vn 0.3829 -0.9192 0.0922
vn 0.2781 -0.8861 0.3709
vn 0.6034 -0.7301 0.3207
vn -0.4454 0.3545 0.8221
vn -0.0922 0.3829 0.9192
vn -0.3709 0.2781 0.8861
vn -0.3207 0.6034 0.7301
vn 0.8221 0.3545 0.4454
vn 0.9192 0.3829 0.0922
vn 0.8861 0.2781 0.3709
vn 0.7301 0.6034 0.3207
vn 0.4454 0.3545 -0.8221
vn 0.0922 0.3829 -0.9192
vn 0.3709 0.2781 -0.8861
vn 0.3207 0.6034 -0.7301
vn -0.8221 0.3545 -0.4454
vn -0.9192 0.3829 -0.0922
vn -0.8861 0.2781 -0.3709
vn -0.7301 0.6034 -0.3207
vn -0.8013 0.5412 -0.2548
vn -0.8279 0.5544 -0.0857
vn -0.8659 0.4676 -0.1779
vn -0.7621 0.6268 -0.1625
vn -0.9387 0.1914 -0.2867
vn -0.9759 0.1954 -0.0969
vn -0.9760 0.0977 -0.1947
vn -0.9385 0.2889 -0.1890
vn -0.7626 0.1636 -0.6259
vn -0.8666 0.1807 -0.4652
vn -0.8283 0.0868 -0.5535
vn -0.8020 0.2576 -0.5389
vn 0.2548 0.5412 -0.8013
vn 0.0857 0.5544 -0.8279
vn 0.1779 0.4676 -0.8659
vn 0.1625 0.6268 -0.7621
vn 0.2867 0.1914 -0.9387
vn 0.0969 0.1954 -0.9759
vn 0.1947 0.0977 -0.9760
vn 0.1890 0.2889 -0.9385
vn 0.6259 0.1636 -0.7626
vn 0.4652 0.1807 -0.8666
vn 0.5535 0.0868 -0.8283
vn 0.5389 0.2576 -0.8020
vn 0.8013 0.5412 0.2548
vn 0.8279 0.5544 0.0857
vn 0.8659 0.4676 0.1779
vn 0.7621 0.6268 0.1625
vn 0.9387 0.1914 0.2867
vn 0.9759 0.1954 0.0969
vn 0.9760 0.0977 0.1947
vn 0.9385 0.2889 0.1890
vn 0.7626 0.1636 0.6259
vn 0.8666 0.1807 0.4652
vn 0.8283 0.0868 0.5535
vn 0.8020 0.2576 0.5389
vn -0.2548 0.5412 0.8013
vn -0.0857 0.5544 0.8279
vn -0.1779 0.4676 0.8659
vn -0.1625 0.6268 0.7621
vn -0.2867 0.1914 0.9387
vn -0.0969 0.1954 0.9759
vn -0.1947 0.0977 0.9760
vn -0.1890 0.2889 0.9385
vn -0.6259 0.1636 0.7626
vn -0.4652 0.1807 0.8666
vn -0.5535 0.0868 0.8283
vn -0.5389 0.2576 0.8020
vn 0.5412 -0.8013 0.2548
vn 0.5544 -0.8279 0.0857
vn 0.4676 -0.8659 0.1779
vn 0.6268 -0.7621 0.1625
vn 0.1914 -0.9387 0.2867
vn 0.1954 -0.9759 0.0969
vn 0.0977 -0.9760 0.1947
vn 0.2889 -0.9385 0.1890
vn 0.1636 -0.7626 0.6259
vn 0.1807 -0.8666 0.4652
vn 0.0868 -0.8283 0.5535
vn 0.2576 -0.8020 0.5389
vn -0.5412 0.8013 0.2548
vn -0.5544 0.8279 0.0857
vn -0.4676 0.8659 0.1779
vn -0.6268 0.7621 0.1625
vn -0.1914 0.9387 0.2867
vn -0.1954 0.9759 0.0969
vn -0.0977 0.9760 0.1947
vn -0.2889 0.9385 0.1890
vn -0.1636 0.7626 0.6259
vn -0.1807 0.8666 0.4652
vn -0.0868 0.8283 0.5535
vn -0.2576 0.8020 0.5389
vn 0.1914 0.9387 0.2867
vn 0.1954 0.9759 0.0969
vn 0.2889 0.9385 0.1890
vn 0.0977 0.9760 0.1947
vn 0.5412 0.8013 0.2548
vn 0.5544 0.8279 0.0857
vn 0.6268 0.7621 0.1625
vn 0.4676 0.8659 0.1779
vn 0.4706 0.6785 0.5641
vn 0.5130 0.7509 0.4158
vn 0.5650 0.6784 0.4697
vn 0.4184 0.7511 0.5106
vn 0.1807 0.8666 -0.4652
vn 0.1636 0.7626 -0.6259
vn 0.2576 0.8020 -0.5389
vn 0.0868 0.8283 -0.5535
vn 0.5130 0.7509 -0.4158
vn 0.4706 0.6785 -0.5641
vn 0.5650 0.6784 -0.4697
vn 0.4184 0.7511 -0.5106
vn 0.5544 0.8279 -0.0857
vn 0.5412 0.8013 -0.2548
vn 0.6268 0.7621 -0.1625
vn 0.4676 0.8659 -0.1779
vn -0.5130 0.7509 -0.4158
vn -0.4706 0.6785 -0.5641
vn -0.4184 0.7511 -0.5106
vn -0.5650 0.6784 -0.4697
vn -0.1807 0.8666 -0.4652
vn -0.1636 0.7626 -0.6259
vn -0.0868 0.8283 -0.5535
vn -0.2576 0.8020 -0.5389
vn -0.1954 0.9759 -0.0969
vn -0.1914 0.9387 -0.2867
vn -0.0977 0.9760 -0.1947
vn -0.2889 0.9385 -0.1890
vn -0.1914 -0.9387 0.2867
vn -0.1954 -0.9759 0.0969
vn -0.2889 -0.9385 0.1890
vn -0.0977 -0.9760 0.1947
vn -0.5412 -0.8013 0.2548
vn -0.5544 -0.8279 0.0857
vn -0.6268 -0.7621 0.1625
vn -0.4676 -0.8659 0.1779
vn -0.4706 -0.6785 0.5641
vn -0.5130 -0.7509 0.4158
vn -0.5650 -0.6784 0.4697
vn -0.4184 -0.7511 0.5106
vn -0.1807 -0.8666 -0.4652
vn -0.1636 -0.7626 -0.6259
vn -0.2576 -0.8020 -0.5389
vn -0.0868 -0.8283 -0.5535
vn -0.5130 -0.7509 -0.4158
vn -0.4706 -0.6785 -0.5641
vn -0.5650 -0.6784 -0.4697
vn -0.4184 -0.7511 -0.5106
vn -0.5544 -0.8279 -0.0857
vn -0.5412 -0.8013 -0.2548
vn -0.6268 -0.7621 -0.1625
vn -0.4676 -0.8659 -0.1779
vn 0.5130 -0.7509 -0.4158
vn 0.4706 -0.6785 -0.5641
vn 0.4184 -0.7511 -0.5106
vn 0.5650 -0.6784 -0.4697
vn 0.1807 -0.8666 -0.4652
vn 0.1636 -0.7626 -0.6259
vn 0.0868 -0.8283 -0.5535
vn 0.2576 -0.8020 -0.5389
vn 0.1954 -0.9759 -0.0969
vn 0.1914 -0.9387 -0.2867
vn 0.0977 -0.9760 -0.1947
vn 0.2889 -0.9385 -0.1890
vn -0.2867 -0.1914 0.9387
vn -0.0969 -0.1954 0.9759
vn -0.1890 -0.2889 0.9385
vn -0.1947 -0.0977 0.9760
vn -0.2548 -0.5412 0.8013
vn -0.0857 -0.5544 0.8279
vn -0.1625 -0.6268 0.7621
vn -0.1779 -0.4676 0.8659
vn -0.5641 -0.4706 0.6785
vn -0.4158 -0.5130 0.7509
vn -0.4697 -0.5650 0.6784
vn -0.5106 -0.4184 0.7511
vn 0.4652 -0.1807 0.8666
vn 0.6259 -0.1636 0.7626
vn 0.5389 -0.2576 0.8020
vn 0.5535 -0.0868 0.8283
vn 0.4158 -0.5130 0.7509
vn 0.5641 -0.4706 0.6785
vn 0.4697 -0.5650 0.6784
vn 0.5106 -0.4184 0.7511
vn 0.0857 -0.5544 0.8279
vn 0.2548 -0.5412 0.8013
vn 0.1625 -0.6268 0.7621
vn 0.1779 -0.4676 0.8659
vn 0.4158 0.5130 0.7509
vn 0.5641 0.4706 0.6785
vn 0.5106 0.4184 0.7511
vn 0.4697 0.5650 0.6784
vn 0.4652 0.1807 0.8666
vn 0.6259 0.1636 0.7626
vn 0.5535 0.0868 0.8283
vn 0.5389 0.2576 0.8020
vn 0.0969 0.1954 0.9759
vn 0.2867 0.1914 0.9387
vn 0.1947 0.0977 0.9760
vn 0.1890 0.2889 0.9385
vn 0.9387 -0.1914 0.2867
vn 0.9759 -0.1954 0.0969
vn 0.9385 -0.2889 0.1890
vn 0.9760 -0.0977 0.1947
vn 0.8013 -0.5412 0.2548
vn 0.8279 -0.5544 0.0857
vn 0.7621 -0.6268 0.1625
vn 0.8659 -0.4676 0.1779
vn 0.6785 -0.4706 0.5641
vn 0.7509 -0.5130 0.4158
vn 0.6784 -0.5650 0.4697
vn 0.7511 -0.4184 0.5106
vn 0.8666 -0.1807 -0.4652
vn 0.7626 -0.1636 -0.6259
vn 0.8020 -0.2576 -0.5389
vn 0.8283 -0.0868 -0.5535
vn 0.7509 -0.5130 -0.4158
vn 0.6785 -0.4706 -0.5641
vn 0.6784 -0.5650 -0.4697
vn 0.7511 -0.4184 -0.5106
vn 0.8279 -0.5544 -0.0857
vn 0.8013 -0.5412 -0.2548
vn 0.7621 -0.6268 -0.1625
vn 0.8659 -0.4676 -0.1779
vn 0.7509 0.5130 -0.4158
vn 0.6785 0.4706 -0.5641
vn 0.7511 0.4184 -0.5106
vn 0.6784 0.5650 -0.4697
vn 0.8666 0.1807 -0.4652
vn 0.7626 0.1636 -0.6259
vn 0.8283 0.0868 -0.5535
vn 0.8020 0.2576 -0.5389
vn 0.9759 0.1954 -0.0969
vn 0.9387 0.1914 -0.2867
vn 0.9760 0.0977 -0.1947
vn 0.9385 0.2889 -0.1890
vn 0.2867 -0.1914 -0.9387
vn 0.0969 -0.1954 -0.9759
vn 0.1890 -0.2889 -0.9385
vn 0.1947 -0.0977 -0.9760
vn 0.2548 -0.5412 -0.8013
vn 0.0857 -0.5544 -0.8279
vn 0.1625 -0.6268 -0.7621
vn 0.1779 -0.4676 -0.8659
vn 0.5641 -0.4706 -0.6785
vn 0.4158 -0.5130 -0.7509
vn 0.4697 -0.5650 -0.6784
vn 0.5106 -0.4184 -0.7511
vn -0.4652 -0.1807 -0.8666
vn -0.6259 -0.1636 -0.7626
vn -0.5389 -0.2576 -0.8020
vn -0.5535 -0.0868 -0.8283
vn -0.4158 -0.5130 -0.7509
vn -0.5641 -0.4706 -0.6785
vn -0.4697 -0.5650 -0.6784
vn -0.5106 -0.4184 -0.7511
vn -0.0857 -0.5544 -0.8279
vn -0.2548 -0.5412 -0.8013
vn -0.1625 -0.6268 -0.7621
vn -0.1779 -0.4676 -0.8659
vn -0.4158 0.5130 -0.7509
vn -0.5641 0.4706 -0.6785
vn -0.5106 0.4184 -0.7511
vn -0.4697 0.5650 -0.6784
vn -0.4652 0.1807 -0.8666
vn -0.6259 0.1636 -0.7626
vn -0.5535 0.0868 -0.8283
vn -0.5389 0.2576 -0.8020
vn -0.0969 0.1954 -0.9759
vn -0.2867 0.1914 -0.9387
vn -0.1947 0.0977 -0.9760
vn -0.1890 0.2889 -0.9385
vn -0.9387 -0.1914 -0.2867
vn -0.9759 -0.1954 -0.0969
vn -0.9385 -0.2889 -0.1890
vn -0.9760 -0.0977 -0.1947
vn -0.8013 -0.5412 -0.2548
vn -0.8279 -0.5544 -0.0857
vn -0.7621 -0.6268 -0.1625
vn -0.8659 -0.4676 -0.1779
vn -0.6785 -0.4706 -0.5641
vn -0.7509 -0.5130 -0.4158
vn -0.6784 -0.5650 -0.4697
vn -0.7511 -0.4184 -0.5106
vn -0.8666 -0.1807 0.4652
vn -0.7626 -0.1636 0.6259
vn -0.8020 -0.2576 0.5389
vn -0.8283 -0.0868 0.5535
vn -0.7509 -0.5130 0.4158
vn -0.6785 -0.4706 0.5641
vn -0.6784 -0.5650 0.4697
vn -0.7511 -0.4184 0.5106
vn -0.8279 -0.5544 0.0857
vn -0.8013 -0.5412 0.2548
vn -0.7621 -0.6268 0.1625
vn -0.8659 -0.4676 0.1779
vn -0.7509 0.5130 0.4158
vn -0.6785 0.4706 0.5641
vn -0.7511 0.4184 0.5106
vn -0.6784 0.5650 0.4697
vn -0.8666 0.1807 0.4652
vn -0.7626 0.1636 0.6259
vn -0.8283 0.0868 0.5535
vn -0.8020 0.2576 0.5389
vn -0.9759 0.1954 0.0969
vn -0.9387 0.1914 0.2867
vn -0.9760 0.0977 0.1947
vn -0.9385 0.2889 0.1890
vn -0.8279 0.5544 0.0857
vn -0.8013 0.5412 0.2548
vn -0.8659 0.4676 0.1779
vn -0.7621 0.6268 0.1625
vn -0.9759 -0.1954 0.0969
vn -0.9387 -0.1914 0.2867
vn -0.9385 -0.2889 0.1890
vn -0.9760 -0.0977 0.1947
vn -0.7626 -0.1636 -0.6259
vn -0.8666 -0.1807 -0.4652
vn -0.8020 -0.2576 -0.5389
vn -0.8283 -0.0868 -0.5535
vn -0.0857 0.5544 -0.8279
vn -0.2548 0.5412 -0.8013
vn -0.1779 0.4676 -0.8659
vn -0.1625 0.6268 -0.7621
vn -0.0969 -0.1954 -0.9759
vn -0.2867 -0.1914 -0.9387
vn -0.1890 -0.2889 -0.9385
vn -0.1947 -0.0977 -0.9760
vn 0.6259 -0.1636 -0.7626
vn 0.4652 -0.1807 -0.8666
vn 0.5389 -0.2576 -0.8020
vn 0.5535 -0.0868 -0.8283
vn 0.8279 0.5544 -0.0857
vn 0.8013 0.5412 -0.2548
vn 0.8659 0.4676 -0.1779
vn 0.7621 0.6268 -0.1625
vn 0.9759 -0.1954 -0.0969
vn 0.9387 -0.1914 -0.2867
vn 0.9385 -0.2889 -0.1890
vn 0.9760 -0.0977 -0.1947
vn 0.7626 -0.1636 0.6259
vn 0.8666 -0.1807 0.4652
vn 0.8020 -0.2576 0.5389
vn 0.8283 -0.0868 0.5535
vn 0.0857 0.5544 0.8279
vn 0.2548 0.5412 0.8013
vn 0.1779 0.4676 0.8659
vn 0.1625 0.6268 0.7621
vn 0.0969 -0.1954 0.9759
vn 0.2867 -0.1914 0.9387
vn 0.1890 -0.2889 0.9385
vn 0.1947 -0.0977 0.9760
vn -0.6259 -0.1636 0.7626
vn -0.4652 -0.1807 0.8666
vn -0.5389 -0.2576 0.8020
vn -0.5535 -0.0868 0.8283
vn 0.5544 -0.8279 -0.0857
vn 0.5412 -0.8013 -0.2548
vn 0.4676 -0.8659 -0.1779
vn 0.6268 -0.7621 -0.1625
vn -0.1954 -0.9759 -0.0969
vn -0.1914 -0.9387 -0.2867
vn -0.2889 -0.9385 -0.1890
vn -0.0977 -0.9760 -0.1947
vn -0.1636 -0.7626 0.6259
vn -0.1807 -0.8666 0.4652
vn -0.2576 -0.8020 0.5389
vn -0.0868 -0.8283 0.5535
vn -0.5544 0.8279 -0.0857
vn -0.5412 0.8013 -0.2548
vn -0.4676 0.8659 -0.1779
vn -0.6268 0.7621 -0.1625
vn 0.1954 0.9759 -0.0969
vn 0.1914 0.9387 -0.2867
vn 0.2889 0.9385 -0.1890
vn 0.0977 0.9760 -0.1947
vn 0.1636 0.7626 0.6259
vn 0.1807 0.8666 0.4652
vn 0.2576 0.8020 0.5389
vn 0.0868 0.8283 0.5535
vn -0.4706 0.6785 0.5641
vn -0.5130 0.7509 0.4158
vn -0.4184 0.7511 0.5106
vn -0.5650 0.6784 0.4697
vn 0.4706 -0.6785 0.5641
vn 0.5130 -0.7509 0.4158
vn 0.4184 -0.7511 0.5106
vn 0.5650 -0.6784 0.4697
vn -0.5641 0.4706 0.6785
vn -0.4158 0.5130 0.7509
vn -0.5106 0.4184 0.7511
vn -0.4697 0.5650 0.6784
vn 0.6785 0.4706 0.5641
vn 0.7509 0.5130 0.4158
vn 0.7511 0.4184 0.5106
vn 0.6784 0.5650 0.4697
vn 0.5641 0.4706 -0.6785
vn 0.4158 0.5130 -0.7509
vn 0.5106 0.4184 -0.7511
vn 0.4697 0.5650 -0.6784
vn -0.6785 0.4706 -0.5641
vn -0.7509 0.5130 -0.4158
vn -0.7511 0.4184 -0.5106
vn -0.6784 0.5650 -0.4697
vn -0.7066 0.5861 -0.3965
vn -0.7895 0.4358 -0.4322
vn -0.7068 0.3979 -0.5850
vn 0.3965 0.5861 -0.7066
vn 0.4322 0.4358 -0.7895
vn 0.5850 0.3979 -0.7068
vn 0.7066 0.5861 0.3965
vn 0.7895 0.4358 0.4322
vn 0.7068 0.3979 0.5850
vn -0.3965 0.5861 0.7066
vn -0.4322 0.4358 0.7895
vn -0.5850 0.3979 0.7068
vn 0.5861 -0.7066 0.3965
vn 0.4358 -0.7895 0.4322
vn 0.3979 -0.7068 0.5850
vn -0.5861 0.7066 0.3965
vn -0.4358 0.7895 0.4322
vn -0.3979 0.7068 0.5850
vn 0.0907 0.8781 0.4698
vn 0.2691 0.8478 0.4570
vn 0.2439 0.7491 0.6160
vn 0.0962 0.9523 -0.2896
vn 0.2848 0.9164 -0.2813
vn 0.2906 0.9521 -0.0950
vn -0.6171 0.7486 -0.2425
vn -0.4605 0.8472 -0.2651
vn -0.4710 0.8776 -0.0893
vn -0.0907 -0.8781 0.4698
vn -0.2691 -0.8478 0.4570
vn -0.2439 -0.7491 0.6160
vn -0.0962 -0.9523 -0.2896
vn -0.2848 -0.9164 -0.2813
vn -0.2906 -0.9521 -0.0950
vn 0.6171 -0.7486 -0.2425
vn 0.4605 -0.8472 -0.2651
vn 0.4710 -0.8776 -0.0893
vn -0.4698 -0.0907 0.8781
vn -0.4570 -0.2691 0.8478
vn -0.6160 -0.2439 0.7491
vn 0.2896 -0.0962 0.9523
vn 0.2813 -0.2848 0.9164
vn 0.0950 -0.2906 0.9521
vn 0.2425 0.6171 0.7486
vn 0.2651 0.4605 0.8471
vn 0.0893 0.4710 0.8776
vn 0.8781 -0.0907 0.4698
vn 0.8478 -0.2691 0.4570
vn 0.7491 -0.2439 0.6160
vn 0.9523 -0.0962 -0.2896
vn 0.9164 -0.2848 -0.2813
vn 0.9521 -0.2906 -0.0950
vn 0.7486 0.6171 -0.2425
vn 0.8472 0.4605 -0.2651
vn 0.8776 0.4710 -0.0893
vn 0.4698 -0.0907 -0.8781
vn 0.4570 -0.2691 -0.8478
vn 0.6160 -0.2439 -0.7491
vn -0.2896 -0.0962 -0.9523
vn -0.2813 -0.2848 -0.9164
vn -0.0950 -0.2906 -0.9521
vn -0.2425 0.6171 -0.7486
vn -0.2651 0.4605 -0.8471
vn -0.0893 0.4710 -0.8776
vn -0.8781 -0.0907 -0.4698
vn -0.8478 -0.2691 -0.4570
vn -0.7491 -0.2439 -0.6160
vn -0.9523 -0.0962 0.2896
vn -0.9164 -0.2848 0.2813
vn -0.9521 -0.2906 0.0950
vn -0.7486 0.6171 0.2425
vn -0.8472 0.4605 0.2651
vn -0.8776 0.4710 0.0893
vn -0.9164 0.2848 0.2813
vn -0.9523 0.0962 0.2896
vn -0.9903 0.0982 0.0979
vn -0.7491 0.2439 0.6160
vn -0.7708 0.0820 0.6318
vn -0.8781 0.0907 0.4698
vn -0.6458 0.5401 0.5397
vn -0.7068 0.3979 0.5850
vn -0.7895 0.4358 0.4322
vn -0.8472 -0.4605 0.2651
vn -0.7486 -0.6171 0.2425
vn -0.7704 -0.6323 0.0814
vn -0.7068 -0.3979 0.5850
vn -0.6458 -0.5401 0.5397
vn -0.7066 -0.5861 0.3965
vn -0.7708 -0.0820 0.6318
vn -0.7491 -0.2439 0.6160
vn -0.8478 -0.2691 0.4570
vn -0.7895 -0.4358 -0.4322
vn -0.7066 -0.5861 -0.3965
vn -0.6458 -0.5401 -0.5397
vn -0.8776 -0.4710 -0.0893
vn -0.7704 -0.6323 -0.0814
vn -0.7486 -0.6171 -0.2425
vn -0.9903 -0.0982 -0.0979
vn -0.9521 -0.2906 -0.0950
vn -0.9164 -0.2848 -0.2813
vn -0.2813 0.2848 -0.9164
vn -0.2896 0.0962 -0.9523
vn -0.0979 0.0982 -0.9903
vn -0.6160 0.2439 -0.7491
vn -0.6318 0.0820 -0.7708
vn -0.4698 0.0907 -0.8781
vn -0.5397 0.5401 -0.6458
vn -0.5850 0.3979 -0.7068
vn -0.4322 0.4358 -0.7895
vn -0.2651 -0.4605 -0.8471
vn -0.2425 -0.6171 -0.7486
vn -0.0814 -0.6323 -0.7704
vn -0.5850 -0.3979 -0.7068
vn -0.5397 -0.5401 -0.6458
vn -0.3965 -0.5861 -0.7066
vn -0.6318 -0.0820 -0.7708
vn -0.6160 -0.2439 -0.7491
vn -0.4570 -0.2691 -0.8478
vn 0.4322 -0.4358 -0.7895
vn 0.3965 -0.5861 -0.7066
vn 0.5397 -0.5401 -0.6458
vn 0.0893 -0.4710 -0.8776
vn 0.0814 -0.6323 -0.7704
vn 0.2425 -0.6171 -0.7486
vn 0.0979 -0.0982 -0.9903
vn 0.0950 -0.2906 -0.9521
vn 0.2813 -0.2848 -0.9164
vn 0.9164 0.2848 -0.2813
vn 0.9523 0.0962 -0.2896
vn 0.9903 0.0982 -0.0979
vn 0.7491 0.2439 -0.6160
vn 0.7708 0.0820 -0.6318
vn 0.8781 0.0907 -0.4698
vn 0.6458 0.5401 -0.5397
vn 0.7068 0.3979 -0.5850
vn 0.7895 0.4358 -0.4322
vn 0.8472 -0.4605 -0.2651
vn 0.7486 -0.6171 -0.2425
vn 0.7704 -0.6323 -0.0814
vn 0.7068 -0.3979 -0.5850
vn 0.6458 -0.5401 -0.5397
vn 0.7066 -0.5861 -0.3965
vn 0.7708 -0.0820 -0.6318
vn 0.7491 -0.2439 -0.6160
vn 0.8478 -0.2691 -0.4570
vn 0.7895 -0.4358 0.4322
vn 0.7066 -0.5861 0.3965
vn 0.6458 -0.5401 0.5397
vn 0.8776 -0.4710 0.0893
vn 0.7704 -0.6323 0.0814
vn 0.7486 -0.6171 0.2425
vn 0.9903 -0.0982 0.0979
vn 0.9521 -0.2906 0.0950
vn 0.9164 -0.2848 0.2813
vn 0.2813 0.2848 0.9164
vn 0.2896 0.0962 0.9523
vn 0.0979 0.0982 0.9903
vn 0.6160 0.2439 0.7491
vn 0.6318 0.0820 0.7708
vn 0.4698 0.0907 0.8781
vn 0.5397 0.5401 0.6458
vn 0.5850 0.3979 0.7068
vn 0.4322 0.4358 0.7895
vn 0.2651 -0.4605 0.8471
vn 0.2425 -0.6171 0.7486
vn 0.0814 -0.6323 0.7704
vn 0.5850 -0.3979 0.7068
vn 0.5397 -0.5401 0.6458
vn 0.3965 -0.5861 0.7066
vn 0.6318 -0.0820 0.7708
vn 0.6160 -0.2439 0.7491
vn 0.4570 -0.2691 0.8478
vn -0.4322 -0.4358 0.7895
vn -0.3965 -0.5861 0.7066
vn -0.5397 -0.5401 0.6458
vn -0.0893 -0.4710 0.8776
vn -0.0814 -0.6323 0.7704
vn -0.2425 -0.6171 0.7486
vn -0.0979 -0.0982 0.9903
vn -0.0950 -0.2906 0.9521
vn -0.2813 -0.2848 0.9164
vn 0.2848 -0.9164 -0.2813
vn 0.0962 -0.9523 -0.2896
vn 0.0982 -0.9903 -0.0979
vn 0.2439 -0.7491 -0.6160
vn 0.0820 -0.7708 -0.6318
vn 0.0907 -0.8781 -0.4698
vn 0.5401 -0.6458 -0.5397
vn 0.3979 -0.7068 -0.5850
vn 0.4358 -0.7895 -0.4322
vn -0.4605 -0.8472 -0.2651
vn -0.6171 -0.7486 -0.2425
vn -0.6323 -0.7704 -0.0814
vn -0.3979 -0.7068 -0.5850
vn -0.5401 -0.6458 -0.5397
vn -0.5861 -0.7066 -0.3965
vn -0.0820 -0.7708 -0.6318
vn -0.2439 -0.7491 -0.6160
vn -0.2691 -0.8478 -0.4570
vn -0.4358 -0.7895 0.4322
vn -0.5861 -0.7066 0.3965
vn -0.5401 -0.6458 0.5397
vn -0.4710 -0.8776 0.0893
vn -0.6323 -0.7704 0.0814
vn -0.6171 -0.7486 0.2425
vn -0.0982 -0.9903 0.0979
vn -0.2906 -0.9521 0.0950
vn -0.2848 -0.9164 0.2813
vn -0.2848 0.9164 -0.2813
vn -0.0962 0.9523 -0.2896
vn -0.0982 0.9903 -0.0979
vn -0.2439 0.7491 -0.6160
vn -0.0820 0.7708 -0.6318
vn -0.0907 0.8781 -0.4698
vn -0.5401 0.6458 -0.5397
vn -0.3979 0.7068 -0.5850
vn -0.4358 0.7895 -0.4322
vn 0.4605 0.8472 -0.2651
vn 0.6171 0.7486 -0.2425
vn 0.6323 0.7704 -0.0814
vn 0.3979 0.7068 -0.5850
vn 0.5401 0.6458 -0.5397
vn 0.5861 0.7066 -0.3965
vn 0.0820 0.7708 -0.6318
vn 0.2439 0.7491 -0.6160
vn 0.2691 0.8478 -0.4570
vn 0.4358 0.7895 0.4322
vn 0.5861 0.7066 0.3965
vn 0.5401 0.6458 0.5397
vn 0.4710 0.8776 0.0893
vn 0.6323 0.7704 0.0814
vn 0.6171 0.7486 0.2425
vn 0.0982 0.9903 0.0979
vn 0.2906 0.9521 0.0950
vn 0.2848 0.9164 0.2813
vn -0.2691 0.8478 0.4570
vn -0.0907 0.8781 0.4698
vn -0.0820 0.7708 0.6318
vn -0.2906 0.9521 0.0950
vn -0.0982 0.9903 0.0979
vn -0.0962 0.9523 0.2896
vn -0.6323 0.7704 0.0814
vn -0.4710 0.8776 0.0893
vn -0.4605 0.8472 0.2651
vn 0.2691 -0.8478 0.4570
vn 0.0907 -0.8781 0.4698
vn 0.0820 -0.7708 0.6318
vn 0.2906 -0.9521 0.0950
vn 0.0982 -0.9903 0.0979
vn 0.0962 -0.9523 0.2896
vn 0.6323 -0.7704 0.0814
vn 0.4710 -0.8776 0.0893
vn 0.4605 -0.8472 0.2651
vn -0.4570 0.2691 0.8478
vn -0.4698 0.0907 0.8781
vn -0.6318 0.0820 0.7708
vn -0.0950 0.2906 0.9521
vn -0.0979 0.0982 0.9903
vn -0.2896 0.0962 0.9523
vn -0.0814 0.6323 0.7704
vn -0.0893 0.4710 0.8776
vn -0.2651 0.4605 0.8471
vn 0.8478 0.2691 0.4570
vn 0.8781 0.0907 0.4698
vn 0.7708 0.0820 0.6318
vn 0.9521 0.2906 0.0950
vn 0.9903 0.0982 0.0979
vn 0.9523 0.0962 0.2896
vn 0.7704 0.6323 0.0814
vn 0.8776 0.4710 0.0893
vn 0.8472 0.4605 0.2651
vn 0.4570 0.2691 -0.8478
vn 0.4698 0.0907 -0.8781
vn 0.6318 0.0820 -0.7708
vn 0.0950 0.2906 -0.9521
vn 0.0979 0.0982 -0.9903
vn 0.2896 0.0962 -0.9523
vn 0.0814 0.6323 -0.7704
vn 0.0893 0.4710 -0.8776
vn 0.2651 0.4605 -0.8471
vn -0.8478 0.2691 -0.4570
vn -0.8781 0.0907 -0.4698
vn -0.7708 0.0820 -0.6318
vn -0.9521 0.2906 -0.0950
vn -0.9903 0.0982 -0.0979
vn -0.9523 0.0962 -0.2896
vn -0.7704 0.6323 -0.0814
vn -0.8776 0.4710 -0.0893
vn -0.8472 0.4605 -0.2651
vn -0.7486 0.6171 -0.2425
vn -0.9164 0.2848 -0.2813
vn -0.7491 0.2439 -0.6160
vn 0.2425 0.6171 -0.7486
vn 0.2813 0.2848 -0.9164
vn 0.6160 0.2439 -0.7491
vn 0.7486 0.6171 0.2425
vn 0.9164 0.2848 0.2813
vn 0.7491 0.2439 0.6160
vn -0.2425 0.6171 0.7486
vn -0.2813 0.2848 0.9164
vn -0.6160 0.2439 0.7491
vn 0.6171 -0.7486 0.2425
vn 0.2848 -0.9164 0.2813
vn 0.2439 -0.7491 0.6160
vn -0.6171 0.7486 0.2425
vn -0.2848 0.9164 0.2813
vn -0.2439 0.7491 0.6160
vn 0.0962 0.9523 0.2896
vn 0.4605 0.8472 0.2651
vn 0.3979 0.7068 0.5850
vn 0.0907 0.8781 -0.4698
vn 0.4358 0.7895 -0.4322
vn 0.4710 0.8776 -0.0893
vn -0.5861 0.7066 -0.3965
vn -0.2691 0.8478 -0.4570
vn -0.2906 0.9521 -0.0950
vn -0.0962 -0.9523 0.2896
vn -0.4605 -0.8472 0.2651
vn -0.3979 -0.7068 0.5850
vn -0.0907 -0.8781 -0.4698
vn -0.4358 -0.7895 -0.4322
vn -0.4710 -0.8776 -0.0893
vn 0.5861 -0.7066 -0.3965
vn 0.2691 -0.8478 -0.4570
vn 0.2906 -0.9521 -0.0950
vn -0.2896 -0.0962 0.9523
vn -0.2651 -0.4605 0.8471
vn -0.5850 -0.3979 0.7068
vn 0.4698 -0.0907 0.8781
vn 0.4322 -0.4358 0.7895
vn 0.0893 -0.4710 0.8776
vn 0.3965 0.5861 0.7066
vn 0.4570 0.2691 0.8478
vn 0.0950 0.2906 0.9521
vn 0.9523 -0.0962 0.2896
vn 0.8472 -0.4605 0.2651
vn 0.7068 -0.3979 0.5850
vn 0.8781 -0.0907 -0.4698
vn 0.7895 -0.4358 -0.4322
vn 0.8776 -0.4710 -0.0893
vn 0.7066 0.5861 -0.3965
vn 0.8478 0.2691 -0.4570
vn 0.9521 0.2906 -0.0950
vn 0.2896 -0.0962 -0.9523
vn 0.2651 -0.4605 -0.8471
vn 0.5850 -0.3979 -0.7068
vn -0.4698 -0.0907 -0.8781
vn -0.4322 -0.4358 -0.7895
vn -0.0893 -0.4710 -0.8776
vn -0.3965 0.5861 -0.7066
vn -0.4570 0.2691 -0.8478
vn -0.0950 0.2906 -0.9521
vn -0.9523 -0.0962 -0.2896
vn -0.8472 -0.4605 -0.2651
vn -0.7068 -0.3979 -0.5850
vn -0.8781 -0.0907 0.4698
vn -0.7895 -0.4358 0.4322
vn -0.8776 -0.4710 0.0893
vn -0.7066 0.5861 0.3965
vn -0.8478 0.2691 0.4570
vn -0.9521 0.2906 0.0950
vn -0.7704 0.6323 0.0814
vn -0.9903 -0.0982 0.0979
vn -0.7708 -0.0820 -0.6318
vn -0.0814 0.6323 -0.7704
vn -0.0979 -0.0982 -0.9903
vn 0.6318 -0.0820 -0.7708
vn 0.7704 0.6323 -0.0814
vn 0.9903 -0.0982 -0.0979
vn 0.7708 -0.0820 0.6318
vn 0.0814 0.6323 0.7704
vn 0.0979 -0.0982 0.9903
vn -0.6318 -0.0820 0.7708
vn 0.6323 -0.7704 -0.0814
vn -0.0982 -0.9903 -0.0979
vn -0.0820 -0.7708 0.6318
vn -0.6323 0.7704 -0.0814
vn 0.0982 0.9903 -0.0979
vn 0.0820 0.7708 0.6318
vn -0.5401 0.6458 0.5397
vn 0.5401 -0.6458 0.5397
vn -0.5397 0.5401 0.6458
vn 0.6458 0.5401 0.5397
vn 0.5397 0.5401 -0.6458
vn -0.6458 0.5401 -0.5397
vt -0.832319 0.888596
vt -0.832319 0.944577
vt -0.889048 0.944577
vt -0.889048 0.888596
vt 0.874546 1.910632
vt 0.874546 1.854651
vt 0.930827 1.854651
vt 0.930827 1.910632
vt 0.987406 0.888596
vt 0.987406 0.944577
vt 0.930827 0.944577
vt 0.930827 0.888596
vt 0.077511 0.888596
vt 0.077511 0.944577
vt 0.021026 0.944577
vt 0.021026 0.888596
vt 0.874546 -0.021058
vt 0.930827 -0.021058
vt 0.930827 0.035522
vt 0.874546 0.035522
vt 0.077511 1.001157
vt 0.021026 1.001157
vt 0.533461 1.001157
vt 0.476140 1.001157
vt 0.476140 0.944577
vt 0.533461 0.944577
vt 0.533461 1.456475
vt 0.476140 1.456475
vt 0.476140 1.399374
vt 0.533461 1.399374
vt 0.077511 1.456475
vt 0.021026 1.456475
vt 0.021026 1.399374
vt 0.077511 1.399374
vt 0.418780 -0.021058
vt 0.476140 -0.021058
vt 0.476140 0.035522
vt 0.418780 0.035522
vt 0.418780 -0.476377
vt 0.476140 -0.476377
vt 0.476140 -0.419275
vt 0.418780 -0.419275
vt 0.874546 -0.476377
vt 0.930827 -0.476377
vt 0.930827 -0.419275
vt 0.874546 -0.419275
vt 0.077511 0.432474
vt 0.077511 0.489920
vt 0.021026 0.489920
vt 0.021026 0.432474
vt 0.533461 0.432474
vt 0.533461 0.489920
vt 0.476140 0.489920
vt 0.476140 0.432474
vt 0.533461 0.888596
vt 0.476140 0.888596
vt 0.987406 0.432474
vt 0.987406 0.489920
vt 0.930827 0.489920
vt 0.930827 0.432474
vt 1.442725 0.432474
vt 1.442725 0.489920
vt 1.385624 0.489920
vt 1.385624 0.432474
vt 1.442725 0.888596
vt 1.442725 0.944577
vt 1.385624 0.944577
vt 1.385624 0.888596
vt 0.874546 2.366754
vt 0.874546 2.309309
vt 0.930827 2.309309
vt 0.930827 2.366754
vt 0.418780 2.366754
vt 0.418780 2.309309
vt 0.476140 2.309309
vt 0.476140 2.366754
vt 0.418780 1.910632
vt 0.418780 1.854651
vt 0.476140 1.854651
vt 0.476140 1.910632
vt -0.832319 0.432474
vt -0.832319 0.489920
vt -0.889048 0.489920
vt -0.889048 0.432474
vt -0.376724 0.432474
vt -0.376724 0.489920
vt -0.433771 0.489920
vt -0.433771 0.432474
vt -0.376724 0.888596
vt -0.376724 0.944577
vt -0.433771 0.944577
vt -0.433771 0.888596
vt -0.376724 0.662637
vt -0.376724 0.720153
vt -0.433771 0.720153
vt -0.433771 0.662637
vt -0.148968 0.662637
vt -0.148968 0.720153
vt -0.205739 0.720153
vt -0.205739 0.662637
vt -0.148968 0.888596
vt -0.148968 0.944577
vt -0.205739 0.944577
vt -0.205739 0.888596
vt -0.376724 0.203973
vt -0.376724 0.260319
vt -0.433771 0.260319
vt -0.433771 0.203973
vt -0.148968 0.203973
vt -0.148968 0.260319
vt -0.205739 0.260319
vt -0.205739 0.203973
vt -0.148968 0.432474
vt -0.148968 0.489920
vt -0.205739 0.489920
vt -0.205739 0.432474
vt -0.832319 0.203973
vt -0.832319 0.260319
vt -0.889048 0.260319
vt -0.889048 0.203973
vt -0.605048 0.203973
vt -0.605048 0.260319
vt -0.662079 0.260319
vt -0.662079 0.203973
vt -0.605048 0.432474
vt -0.605048 0.489920
vt -0.662079 0.489920
vt -0.662079 0.432474
vt 0.418780 2.136592
vt 0.418780 2.079075
vt 0.476140 2.079075
vt 0.476140 2.136592
vt 0.190585 2.136592
vt 0.190585 2.079075
vt 0.247151 2.079075
vt 0.247151 2.136592
vt 0.190585 1.910632
vt 0.190585 1.854651
vt 0.247151 1.854651
vt 0.247151 1.910632
vt 0.418780 2.595255
vt 0.418780 2.538910
vt 0.476140 2.538910
vt 0.476140 2.595255
vt 0.190585 2.595255
vt 0.190585 2.538910
vt 0.247151 2.538910
vt 0.247151 2.595255
vt 0.190585 2.366754
vt 0.190585 2.309309
vt 0.247151 2.309309
vt 0.247151 2.366754
vt 0.874546 2.595255
vt 0.874546 2.538910
vt 0.930827 2.538910
vt 0.930827 2.595255
vt 0.648049 2.595255
vt 0.648049 2.538910
vt 0.705165 2.538910
vt 0.705165 2.595255
vt 0.648049 2.366754
vt 0.648049 2.309309
vt 0.705165 2.309309
vt 0.705165 2.366754
vt 1.442725 0.662637
vt 1.442725 0.720153
vt 1.385624 0.720153
vt 1.385624 0.662637
vt 1.670758 0.662637
vt 1.670758 0.720153
vt 1.613932 0.720153
vt 1.613932 0.662637
vt 1.670758 0.888596
vt 1.670758 0.944577
vt 1.613932 0.944577
vt 1.613932 0.888596
vt 1.442725 0.203973
vt 1.442725 0.260319
vt 1.385624 0.260319
vt 1.385624 0.203973
vt 1.670758 0.203973
vt 1.670758 0.260319
vt 1.613932 0.260319
vt 1.613932 0.203973
vt 1.670758 0.432474
vt 1.670758 0.489920
vt 1.613932 0.489920
vt 1.613932 0.432474
vt 0.987406 0.203973
vt 0.987406 0.260319
vt 0.930827 0.260319
vt 0.930827 0.203973
vt 1.214473 0.203973
vt 1.214473 0.260319
vt 1.157592 0.260319
vt 1.157592 0.203973
vt 1.214473 0.432474
vt 1.214473 0.489920
vt 1.157592 0.489920
vt 1.157592 0.432474
vt 0.533461 0.662637
vt 0.533461 0.720153
vt 0.476140 0.720153
vt 0.476140 0.662637
vt 0.761731 0.662637
vt 0.761731 0.720153
vt 0.705165 0.720153
vt 0.705165 0.662637
vt 0.761731 0.888596
vt 0.761731 0.944577
vt 0.705165 0.944577
vt 0.705165 0.888596
vt 0.533461 0.203973
vt 0.533461 0.260319
vt 0.476140 0.260319
vt 0.476140 0.203973
vt 0.761731 0.203973
vt 0.761731 0.260319
vt 0.705165 0.260319
vt 0.705165 0.203973
vt 0.761731 0.432474
vt 0.761731 0.489920
vt 0.705165 0.489920
vt 0.705165 0.432474
vt 0.077511 0.203973
vt 0.077511 0.260319
vt 0.021026 0.260319
vt 0.021026 0.203973
vt 0.304314 0.203973
vt 0.304314 0.260319
vt 0.247151 0.260319
vt 0.247151 0.203973
vt 0.304314 0.432474
vt 0.304314 0.489920
vt 0.247151 0.489920
vt 0.247151 0.432474
vt 0.648049 -0.476377
vt 0.705165 -0.476377
vt 0.705165 -0.419275
vt 0.648049 -0.419275
vt 0.648049 -0.704409
vt 0.705165 -0.704409
vt 0.705165 -0.647583
vt 0.648049 -0.647583
vt 0.874546 -0.704409
vt 0.930827 -0.704409
vt 0.930827 -0.647583
vt 0.874546 -0.647583
vt 0.190585 -0.476377
vt 0.247151 -0.476377
vt 0.247151 -0.419275
vt 0.190585 -0.419275
vt 0.190585 -0.704409
vt 0.247151 -0.704409
vt 0.247151 -0.647583
vt 0.190585 -0.647583
vt 0.418780 -0.704409
vt 0.476140 -0.704409
vt 0.476140 -0.647583
vt 0.418780 -0.647583
vt 0.190585 -0.021058
vt 0.247151 -0.021058
vt 0.247151 0.035522
vt 0.190585 0.035522
vt 0.190585 -0.248124
vt 0.247151 -0.248124
vt 0.247151 -0.191243
vt 0.190585 -0.191243
vt 0.418780 -0.248124
vt 0.476140 -0.248124
vt 0.476140 -0.191243
vt 0.418780 -0.191243
vt 0.304314 1.456475
vt 0.247151 1.456475
vt 0.247151 1.399374
vt 0.304314 1.399374
vt 0.304314 1.684508
vt 0.247151 1.684508
vt 0.247151 1.627682
vt 0.304314 1.627682
vt 0.077511 1.684508
vt 0.021026 1.684508
vt 0.021026 1.627682
vt 0.077511 1.627682
vt 0.761731 1.456475
vt 0.705165 1.456475
vt 0.705165 1.399374
vt 0.761731 1.399374
vt 0.761731 1.684508
vt 0.705165 1.684508
vt 0.705165 1.627682
vt 0.761731 1.627682
vt 0.533461 1.684508
vt 0.476140 1.684508
vt 0.476140 1.627682
vt 0.533461 1.627682
vt 0.761731 1.001157
vt 0.705165 1.001157
vt 0.761731 1.228223
vt 0.705165 1.228223
vt 0.705165 1.171342
vt 0.761731 1.171342
vt 0.533461 1.228223
vt 0.476140 1.228223
vt 0.476140 1.171342
vt 0.533461 1.171342
vt 0.304314 1.001157
vt 0.247151 1.001157
vt 0.247151 0.944577
vt 0.304314 0.944577
vt 0.304314 1.228223
vt 0.247151 1.228223
vt 0.247151 1.171342
vt 0.304314 1.171342
vt 0.077511 1.228223
vt 0.021026 1.228223
vt 0.021026 1.171342
vt 0.077511 1.171342
vt 0.648049 -0.021058
vt 0.705165 -0.021058
vt 0.705165 0.035522
vt 0.648049 0.035522
vt 0.648049 -0.248124
vt 0.705165 -0.248124
vt 0.705165 -0.191243
vt 0.648049 -0.191243
vt 0.874546 -0.248124
vt 0.930827 -0.248124
vt 0.930827 -0.191243
vt 0.874546 -0.191243
vt 0.077511 0.662637
vt 0.077511 0.720153
vt 0.021026 0.720153
vt 0.021026 0.662637
vt 0.304314 0.662637
vt 0.304314 0.720153
vt 0.247151 0.720153
vt 0.247151 0.662637
vt 0.304314 0.888596
vt 0.247151 0.888596
vt 0.987406 0.662637
vt 0.987406 0.720153
vt 0.930827 0.720153
vt 0.930827 0.662637
vt 1.214473 0.662637
vt 1.214473 0.720153
vt 1.157592 0.720153
vt 1.157592 0.662637
vt 1.214473 0.888596
vt 1.214473 0.944577
vt 1.157592 0.944577
vt 1.157592 0.888596
vt 0.874546 2.136592
vt 0.874546 2.079075
vt 0.930827 2.079075
vt 0.930827 2.136592
vt 0.648049 2.136592
vt 0.648049 2.079075
vt 0.705165 2.079075
vt 0.705165 2.136592
vt 0.648049 1.910632
vt 0.648049 1.854651
vt 0.705165 1.854651
vt 0.705165 1.910632
vt -0.832319 0.662637
vt -0.832319 0.720153
vt -0.889048 0.720153
vt -0.889048 0.662637
vt -0.605048 0.662637
vt -0.605048 0.720153
vt -0.662079 0.720153
vt -0.662079 0.662637
vt -0.605048 0.888596
vt -0.605048 0.944577
vt -0.662079 0.944577
vt -0.662079 0.888596
vt -0.605048 0.776364
vt -0.605048 0.832557
vt -0.662079 0.832557
vt -0.662079 0.776364
vt -0.490872 0.776364
vt -0.490872 0.832557
vt -0.547973 0.832557
vt -0.547973 0.776364
vt -0.490872 0.888596
vt -0.490872 0.944577
vt -0.547973 0.944577
vt -0.547973 0.888596
vt -0.605048 0.547531
vt -0.605048 0.605138
vt -0.662079 0.605138
vt -0.662079 0.547531
vt -0.490872 0.547531
vt -0.490872 0.605138
vt -0.547973 0.605138
vt -0.547973 0.547531
vt -0.490872 0.662637
vt -0.490872 0.720153
vt -0.547973 0.720153
vt -0.547973 0.662637
vt -0.832319 0.547531
vt -0.832319 0.605138
vt -0.889048 0.605138
vt -0.889048 0.547531
vt -0.718905 0.547531
vt -0.718905 0.605138
vt -0.775698 0.605138
vt -0.775698 0.547531
vt -0.718905 0.662637
vt -0.718905 0.720153
vt -0.775698 0.720153
vt -0.775698 0.662637
vt 0.648049 2.022864
vt 0.648049 1.966672
vt 0.705165 1.966672
vt 0.705165 2.022864
vt 0.533461 2.022864
vt 0.533461 1.966672
vt 0.590838 1.966672
vt 0.590838 2.022864
vt 0.533461 1.910632
vt 0.533461 1.854651
vt 0.590838 1.854651
vt 0.590838 1.910632
vt 0.648049 2.251697
vt 0.648049 2.194090
vt 0.705165 2.194090
vt 0.705165 2.251697
vt 0.533461 2.251697
vt 0.533461 2.194090
vt 0.590838 2.194090
vt 0.590838 2.251697
vt 0.533461 2.136592
vt 0.533461 2.079075
vt 0.590838 2.079075
vt 0.590838 2.136592
vt 0.874546 2.251697
vt 0.874546 2.194090
vt 0.930827 2.194090
vt 0.930827 2.251697
vt 0.761731 2.251697
vt 0.761731 2.194090
vt 0.818219 2.194090
vt 0.818219 2.251697
vt 0.761731 2.136592
vt 0.761731 2.079075
vt 0.818219 2.079075
vt 0.818219 2.136592
vt 1.214473 0.776364
vt 1.214473 0.832557
vt 1.157592 0.832557
vt 1.157592 0.776364
vt 1.328577 0.776364
vt 1.328577 0.832557
vt 1.271476 0.832557
vt 1.271476 0.776364
vt 1.328577 0.888596
vt 1.328577 0.944577
vt 1.271476 0.944577
vt 1.271476 0.888596
vt 1.214473 0.547531
vt 1.214473 0.605138
vt 1.157592 0.605138
vt 1.157592 0.547531
vt 1.328577 0.547531
vt 1.328577 0.605138
vt 1.271476 0.605138
vt 1.271476 0.547531
vt 1.328577 0.662637
vt 1.328577 0.720153
vt 1.271476 0.720153
vt 1.271476 0.662637
vt 0.987406 0.547531
vt 0.987406 0.605138
vt 0.930827 0.605138
vt 0.930827 0.547531
vt 1.100820 0.547531
vt 1.100820 0.605138
vt 1.044027 0.605138
vt 1.044027 0.547531
vt 1.100820 0.662637
vt 1.100820 0.720153
vt 1.044027 0.720153
vt 1.044027 0.662637
vt 0.304314 0.776364
vt 0.304314 0.832557
vt 0.247151 0.832557
vt 0.247151 0.776364
vt 0.418780 0.776364
vt 0.418780 0.832557
vt 0.361559 0.832557
vt 0.361559 0.776364
vt 0.418780 0.888596
vt 0.418780 0.944577
vt 0.361559 0.944577
vt 0.361559 0.888596
vt 0.304314 0.547531
vt 0.304314 0.605138
vt 0.247151 0.605138
vt 0.247151 0.547531
vt 0.418780 0.547531
vt 0.418780 0.605138
vt 0.361559 0.605138
vt 0.361559 0.547531
vt 0.418780 0.662637
vt 0.418780 0.720153
vt 0.361559 0.720153
vt 0.361559 0.662637
vt 0.077511 0.547531
vt 0.077511 0.605138
vt 0.021026 0.605138
vt 0.021026 0.547531
vt 0.190585 0.547531
vt 0.190585 0.605138
vt 0.133990 0.605138
vt 0.133990 0.547531
vt 0.190585 0.662637
vt 0.190585 0.720153
vt 0.133990 0.720153
vt 0.133990 0.662637
vt 0.761731 -0.248124
vt 0.818219 -0.248124
vt 0.818219 -0.191243
vt 0.761731 -0.191243
vt 0.761731 -0.362228
vt 0.818219 -0.362228
vt 0.818219 -0.305128
vt 0.761731 -0.305128
vt 0.874546 -0.362228
vt 0.930827 -0.362228
vt 0.930827 -0.305128
vt 0.874546 -0.305128
vt 0.533461 -0.248124
vt 0.590838 -0.248124
vt 0.590838 -0.191243
vt 0.533461 -0.191243
vt 0.533461 -0.362228
vt 0.590838 -0.362228
vt 0.590838 -0.305128
vt 0.533461 -0.305128
vt 0.648049 -0.362228
vt 0.705165 -0.362228
vt 0.705165 -0.305128
vt 0.648049 -0.305128
vt 0.533461 -0.021058
vt 0.590838 -0.021058
vt 0.590838 0.035522
vt 0.533461 0.035522
vt 0.533461 -0.134472
vt 0.590838 -0.134472
vt 0.590838 -0.077679
vt 0.533461 -0.077679
vt 0.648049 -0.134472
vt 0.705165 -0.134472
vt 0.705165 -0.077679
vt 0.648049 -0.077679
vt 0.190585 1.228223
vt 0.133990 1.228223
vt 0.133990 1.171342
vt 0.190585 1.171342
vt 0.190585 1.342327
vt 0.133990 1.342327
vt 0.133990 1.285226
vt 0.190585 1.285226
vt 0.077511 1.342327
vt 0.021026 1.342327
vt 0.021026 1.285226
vt 0.077511 1.285226
vt 0.418780 1.228223
vt 0.361559 1.228223
vt 0.361559 1.171342
vt 0.418780 1.171342
vt 0.418780 1.342327
vt 0.361559 1.342327
vt 0.361559 1.285226
vt 0.418780 1.285226
vt 0.304314 1.342327
vt 0.247151 1.342327
vt 0.247151 1.285226
vt 0.304314 1.285226
vt 0.418780 1.001157
vt 0.361559 1.001157
vt 0.418780 1.114571
vt 0.361559 1.114571
vt 0.361559 1.057778
vt 0.418780 1.057778
vt 0.304314 1.114571
vt 0.247151 1.114571
vt 0.247151 1.057778
vt 0.304314 1.057778
vt 0.648049 1.228223
vt 0.590838 1.228223
vt 0.590838 1.171342
vt 0.648049 1.171342
vt 0.648049 1.342327
vt 0.590838 1.342327
vt 0.590838 1.285226
vt 0.648049 1.285226
vt 0.533461 1.342327
vt 0.476140 1.342327
vt 0.476140 1.285226
vt 0.533461 1.285226
vt 0.874546 1.228223
vt 0.818219 1.228223
vt 0.818219 1.171342
vt 0.874546 1.171342
vt 0.874546 1.342327
vt 0.818219 1.342327
vt 0.818219 1.285226
vt 0.874546 1.285226
vt 0.761731 1.342327
vt 0.705165 1.342327
vt 0.705165 1.285226
vt 0.761731 1.285226
vt 0.874546 1.001157
vt 0.818219 1.001157
vt 0.818219 0.944577
vt 0.874546 0.944577
vt 0.874546 1.114571
vt 0.818219 1.114571
vt 0.818219 1.057778
vt 0.874546 1.057778
vt 0.761731 1.114571
vt 0.705165 1.114571
vt 0.705165 1.057778
vt 0.761731 1.057778
vt 0.648049 1.684508
vt 0.590838 1.684508
vt 0.590838 1.627682
vt 0.648049 1.627682
vt 0.648049 1.797922
vt 0.590838 1.797922
vt 0.590838 1.741301
vt 0.648049 1.741301
vt 0.533461 1.797922
vt 0.476140 1.797922
vt 0.476140 1.741301
vt 0.533461 1.741301
vt 0.874546 1.684508
vt 0.818219 1.684508
vt 0.818219 1.627682
vt 0.874546 1.627682
vt 0.874546 1.797922
vt 0.818219 1.797922
vt 0.818219 1.741301
vt 0.874546 1.741301
vt 0.761731 1.797922
vt 0.705165 1.797922
vt 0.705165 1.741301
vt 0.761731 1.741301
vt 0.874546 1.456475
vt 0.818219 1.456475
vt 0.818219 1.399374
vt 0.874546 1.399374
vt 0.874546 1.570651
vt 0.818219 1.570651
vt 0.818219 1.513576
vt 0.874546 1.513576
vt 0.761731 1.570651
vt 0.705165 1.570651
vt 0.705165 1.513576
vt 0.761731 1.513576
vt 0.190585 1.684508
vt 0.133990 1.684508
vt 0.133990 1.627682
vt 0.190585 1.627682
vt 0.190585 1.797922
vt 0.133990 1.797922
vt 0.133990 1.741301
vt 0.190585 1.741301
vt 0.077511 1.797922
vt 0.021026 1.797922
vt 0.021026 1.741301
vt 0.077511 1.741301
vt 0.418780 1.684508
vt 0.361559 1.684508
vt 0.361559 1.627682
vt 0.418780 1.627682
vt 0.418780 1.797922
vt 0.361559 1.797922
vt 0.361559 1.741301
vt 0.418780 1.741301
vt 0.304314 1.797922
vt 0.247151 1.797922
vt 0.247151 1.741301
vt 0.304314 1.741301
vt 0.418780 1.456475
vt 0.361559 1.456475
vt 0.361559 1.399374
vt 0.418780 1.399374
vt 0.418780 1.570651
vt 0.361559 1.570651
vt 0.361559 1.513576
vt 0.418780 1.513576
vt 0.304314 1.570651
vt 0.247151 1.570651
vt 0.247151 1.513576
vt 0.304314 1.513576
vt 0.304314 -0.248124
vt 0.361559 -0.248124
vt 0.361559 -0.191243
vt 0.304314 -0.191243
vt 0.304314 -0.362228
vt 0.361559 -0.362228
vt 0.361559 -0.305128
vt 0.304314 -0.305128
vt 0.418780 -0.362228
vt 0.476140 -0.362228
vt 0.476140 -0.305128
vt 0.418780 -0.305128
vt 0.077511 -0.248124
vt 0.133990 -0.248124
vt 0.133990 -0.191243
vt 0.077511 -0.191243
vt 0.077511 -0.362228
vt 0.133990 -0.362228
vt 0.133990 -0.305128
vt 0.077511 -0.305128
vt 0.190585 -0.362228
vt 0.247151 -0.362228
vt 0.247151 -0.305128
vt 0.190585 -0.305128
vt 0.077511 -0.021058
vt 0.133990 -0.021058
vt 0.133990 0.035522
vt 0.077511 0.035522
vt 0.077511 -0.134472
vt 0.133990 -0.134472
vt 0.133990 -0.077679
vt 0.077511 -0.077679
vt 0.190585 -0.134472
vt 0.247151 -0.134472
vt 0.247151 -0.077679
vt 0.190585 -0.077679
vt 0.304314 -0.704409
vt 0.361559 -0.704409
vt 0.361559 -0.647583
vt 0.304314 -0.647583
vt 0.304314 -0.817823
vt 0.361559 -0.817823
vt 0.361559 -0.761202
vt 0.304314 -0.761202
vt 0.418780 -0.817823
vt 0.476140 -0.817823
vt 0.476140 -0.761202
vt 0.418780 -0.761202
vt 0.077511 -0.704409
vt 0.133990 -0.704409
vt 0.133990 -0.647583
vt 0.077511 -0.647583
vt 0.077511 -0.817823
vt 0.133990 -0.817823
vt 0.133990 -0.761202
vt 0.077511 -0.761202
vt 0.190585 -0.817823
vt 0.247151 -0.817823
vt 0.247151 -0.761202
vt 0.190585 -0.761202
vt 0.077511 -0.476377
vt 0.133990 -0.476377
vt 0.133990 -0.419275
vt 0.077511 -0.419275
vt 0.077511 -0.590552
vt 0.133990 -0.590552
vt 0.133990 -0.533477
vt 0.077511 -0.533477
vt 0.190585 -0.590552
vt 0.247151 -0.590552
vt 0.247151 -0.533477
vt 0.190585 -0.533477
vt 0.761731 -0.704409
vt 0.818219 -0.704409
vt 0.818219 -0.647583
vt 0.761731 -0.647583
vt 0.761731 -0.817823
vt 0.818219 -0.817823
vt 0.818219 -0.761202
vt 0.761731 -0.761202
vt 0.874546 -0.817823
vt 0.930827 -0.817823
vt 0.930827 -0.761202
vt 0.874546 -0.761202
vt 0.533461 -0.704409
vt 0.590838 -0.704409
vt 0.590838 -0.647583
vt 0.533461 -0.647583
vt 0.533461 -0.817823
vt 0.590838 -0.817823
vt 0.590838 -0.761202
vt 0.533461 -0.761202
vt 0.648049 -0.817823
vt 0.705165 -0.817823
vt 0.705165 -0.761202
vt 0.648049 -0.761202
vt 0.533461 -0.476377
vt 0.590838 -0.476377
vt 0.590838 -0.419275
vt 0.533461 -0.419275
vt 0.533461 -0.590552
vt 0.590838 -0.590552
vt 0.590838 -0.533477
vt 0.533461 -0.533477
vt 0.648049 -0.590552
vt 0.705165 -0.590552
vt 0.705165 -0.533477
vt 0.648049 -0.533477
vt 0.304314 0.317670
vt 0.304314 0.375033
vt 0.247151 0.375033
vt 0.247151 0.317670
vt 0.418780 0.317670
vt 0.418780 0.375033
vt 0.361559 0.375033
vt 0.361559 0.317670
vt 0.418780 0.432474
vt 0.418780 0.489920
vt 0.361559 0.489920
vt 0.361559 0.432474
vt 0.304314 0.091573
vt 0.304314 0.147646
vt 0.247151 0.147646
vt 0.247151 0.091573
vt 0.418780 0.091573
vt 0.418780 0.147646
vt 0.361559 0.147646
vt 0.361559 0.091573
vt 0.418780 0.203973
vt 0.418780 0.260319
vt 0.361559 0.260319
vt 0.361559 0.203973
vt 0.077511 0.091573
vt 0.077511 0.147646
vt 0.021026 0.147646
vt 0.021026 0.091573
vt 0.190585 0.091573
vt 0.190585 0.147646
vt 0.133990 0.147646
vt 0.133990 0.091573
vt 0.190585 0.203973
vt 0.190585 0.260319
vt 0.133990 0.260319
vt 0.133990 0.203973
vt 0.761731 0.317670
vt 0.761731 0.375033
vt 0.705165 0.375033
vt 0.705165 0.317670
vt 0.874546 0.317670
vt 0.874546 0.375033
vt 0.818219 0.375033
vt 0.818219 0.317670
vt 0.874546 0.432474
vt 0.874546 0.489920
vt 0.818219 0.489920
vt 0.818219 0.432474
vt 0.761731 0.091573
vt 0.761731 0.147646
vt 0.705165 0.147646
vt 0.705165 0.091573
vt 0.874546 0.091573
vt 0.874546 0.147646
vt 0.818219 0.147646
vt 0.818219 0.091573
vt 0.874546 0.203973
vt 0.874546 0.260319
vt 0.818219 0.260319
vt 0.818219 0.203973
vt 0.533461 0.091573
vt 0.533461 0.147646
vt 0.476140 0.147646
vt 0.476140 0.091573
vt 0.648049 0.091573
vt 0.648049 0.147646
vt 0.590838 0.147646
vt 0.590838 0.091573
vt 0.648049 0.203973
vt 0.648049 0.260319
vt 0.590838 0.260319
vt 0.590838 0.203973
vt 0.761731 0.776364
vt 0.761731 0.832557
vt 0.705165 0.832557
vt 0.705165 0.776364
vt 0.874546 0.776364
vt 0.874546 0.832557
vt 0.818219 0.832557
vt 0.818219 0.776364
vt 0.874546 0.888596
vt 0.818219 0.888596
vt 0.761731 0.547531
vt 0.761731 0.605138
vt 0.705165 0.605138
vt 0.705165 0.547531
vt 0.874546 0.547531
vt 0.874546 0.605138
vt 0.818219 0.605138
vt 0.818219 0.547531
vt 0.874546 0.662637
vt 0.874546 0.720153
vt 0.818219 0.720153
vt 0.818219 0.662637
vt 0.533461 0.547531
vt 0.533461 0.605138
vt 0.476140 0.605138
vt 0.476140 0.547531
vt 0.648049 0.547531
vt 0.648049 0.605138
vt 0.590838 0.605138
vt 0.590838 0.547531
vt 0.648049 0.662637
vt 0.648049 0.720153
vt 0.590838 0.720153
vt 0.590838 0.662637
vt 1.214473 0.317670
vt 1.214473 0.375033
vt 1.157592 0.375033
vt 1.157592 0.317670
vt 1.328577 0.317670
vt 1.328577 0.375033
vt 1.271476 0.375033
vt 1.271476 0.317670
vt 1.328577 0.432474
vt 1.328577 0.489920
vt 1.271476 0.489920
vt 1.271476 0.432474
vt 1.214473 0.091573
vt 1.214473 0.147646
vt 1.157592 0.147646
vt 1.157592 0.091573
vt 1.328577 0.091573
vt 1.328577 0.147646
vt 1.271476 0.147646
vt 1.271476 0.091573
vt 1.328577 0.203973
vt 1.328577 0.260319
vt 1.271476 0.260319
vt 1.271476 0.203973
vt 0.987406 0.091573
vt 0.987406 0.147646
vt 0.930827 0.147646
vt 0.930827 0.091573
vt 1.100820 0.091573
vt 1.100820 0.147646
vt 1.044027 0.147646
vt 1.044027 0.091573
vt 1.100820 0.203973
vt 1.100820 0.260319
vt 1.044027 0.260319
vt 1.044027 0.203973
vt 1.670758 0.317670
vt 1.670758 0.375033
vt 1.613932 0.375033
vt 1.613932 0.317670
vt 1.784172 0.317670
vt 1.784172 0.375033
vt 1.727551 0.375033
vt 1.727551 0.317670
vt 1.784172 0.432474
vt 1.784172 0.489920
vt 1.727551 0.489920
vt 1.727551 0.432474
vt 1.670758 0.091573
vt 1.670758 0.147646
vt 1.613932 0.147646
vt 1.613932 0.091573
vt 1.784172 0.091573
vt 1.784172 0.147646
vt 1.727551 0.147646
vt 1.727551 0.091573
vt 1.784172 0.203973
vt 1.784172 0.260319
vt 1.727551 0.260319
vt 1.727551 0.203973
vt 1.442725 0.091573
vt 1.442725 0.147646
vt 1.385624 0.147646
vt 1.385624 0.091573
vt 1.556901 0.091573
vt 1.556901 0.147646
vt 1.499826 0.147646
vt 1.499826 0.091573
vt 1.556901 0.203973
vt 1.556901 0.260319
vt 1.499826 0.260319
vt 1.499826 0.203973
vt 1.670758 0.776364
vt 1.670758 0.832557
vt 1.613932 0.832557
vt 1.613932 0.776364
vt 1.784172 0.776364
vt 1.784172 0.832557
vt 1.727551 0.832557
vt 1.727551 0.776364
vt 1.784172 0.888596
vt 1.784172 0.944577
vt 1.727551 0.944577
vt 1.727551 0.888596
vt 1.670758 0.547531
vt 1.670758 0.605138
vt 1.613932 0.605138
vt 1.613932 0.547531
vt 1.784172 0.547531
vt 1.784172 0.605138
vt 1.727551 0.605138
vt 1.727551 0.547531
vt 1.784172 0.662637
vt 1.784172 0.720153
vt 1.727551 0.720153
vt 1.727551 0.662637
vt 1.442725 0.547531
vt 1.442725 0.605138
vt 1.385624 0.605138
vt 1.385624 0.547531
vt 1.556901 0.547531
vt 1.556901 0.605138
vt 1.499826 0.605138
vt 1.499826 0.547531
vt 1.556901 0.662637
vt 1.556901 0.720153
vt 1.499826 0.720153
vt 1.499826 0.662637
vt 0.648049 2.481559
vt 0.648049 2.424195
vt 0.705165 2.424195
vt 0.705165 2.481559
vt 0.533461 2.481559
vt 0.533461 2.424195
vt 0.590838 2.424195
vt 0.590838 2.481559
vt 0.533461 2.366754
vt 0.533461 2.309309
vt 0.590838 2.309309
vt 0.590838 2.366754
vt 0.648049 2.707656
vt 0.648049 2.651582
vt 0.705165 2.651582
vt 0.705165 2.707656
vt 0.533461 2.707656
vt 0.533461 2.651582
vt 0.590838 2.651582
vt 0.590838 2.707656
vt 0.533461 2.595255
vt 0.533461 2.538910
vt 0.590838 2.538910
vt 0.590838 2.595255
vt 0.874546 2.707656
vt 0.874546 2.651582
vt 0.930827 2.651582
vt 0.930827 2.707656
vt 0.761731 2.707656
vt 0.761731 2.651582
vt 0.818219 2.651582
vt 0.818219 2.707656
vt 0.761731 2.595255
vt 0.761731 2.538910
vt 0.818219 2.538910
vt 0.818219 2.595255
vt 0.190585 2.481559
vt 0.190585 2.424195
vt 0.247151 2.424195
vt 0.247151 2.481559
vt 0.077511 2.481559
vt 0.077511 2.424195
vt 0.133990 2.424195
vt 0.133990 2.481559
vt 0.077511 2.366754
vt 0.077511 2.309309
vt 0.133990 2.309309
vt 0.133990 2.366754
vt 0.190585 2.707656
vt 0.190585 2.651582
vt 0.247151 2.651582
vt 0.247151 2.707656
vt 0.077511 2.707656
vt 0.077511 2.651582
vt 0.133990 2.651582
vt 0.133990 2.707656
vt 0.077511 2.595255
vt 0.077511 2.538910
vt 0.133990 2.538910
vt 0.133990 2.595255
vt 0.418780 2.707656
vt 0.418780 2.651582
vt 0.476140 2.651582
vt 0.476140 2.707656
vt 0.304314 2.707656
vt 0.304314 2.651582
vt 0.361559 2.651582
vt 0.361559 2.707656
vt 0.304314 2.595255
vt 0.304314 2.538910
vt 0.361559 2.538910
vt 0.361559 2.595255
vt 0.190585 2.022864
vt 0.190585 1.966672
vt 0.247151 1.966672
vt 0.247151 2.022864
vt 0.077511 2.022864
vt 0.077511 1.966672
vt 0.133990 1.966672
vt 0.133990 2.022864
vt 0.077511 1.910632
vt 0.077511 1.854651
vt 0.133990 1.854651
vt 0.133990 1.910632
vt 0.190585 2.251697
vt 0.190585 2.194090
vt 0.247151 2.194090
vt 0.247151 2.251697
vt 0.077511 2.251697
vt 0.077511 2.194090
vt 0.133990 2.194090
vt 0.133990 2.251697
vt 0.077511 2.136592
vt 0.077511 2.079075
vt 0.133990 2.079075
vt 0.133990 2.136592
vt 0.418780 2.251697
vt 0.418780 2.194090
vt 0.476140 2.194090
vt 0.476140 2.251697
vt 0.304314 2.251697
vt 0.304314 2.194090
vt 0.361559 2.194090
vt 0.361559 2.251697
vt 0.304314 2.136592
vt 0.304314 2.079075
vt 0.361559 2.079075
vt 0.361559 2.136592
vt -0.605048 0.317670
vt -0.605048 0.375033
vt -0.662079 0.375033
vt -0.662079 0.317670
vt -0.490872 0.317670
vt -0.490872 0.375033
vt -0.547973 0.375033
vt -0.547973 0.317670
vt -0.490872 0.432474
vt -0.490872 0.489920
vt -0.547973 0.489920
vt -0.547973 0.432474
vt -0.605048 0.091573
vt -0.605048 0.147646
vt -0.662079 0.147646
vt -0.662079 0.091573
vt -0.490872 0.091573
vt -0.490872 0.147646
vt -0.547973 0.147646
vt -0.547973 0.091573
vt -0.490872 0.203973
vt -0.490872 0.260319
vt -0.547973 0.260319
vt -0.547973 0.203973
vt -0.832319 0.091573
vt -0.832319 0.147646
vt -0.889048 0.147646
vt -0.889048 0.091573
vt -0.718905 0.091573
vt -0.718905 0.147646
vt -0.775698 0.147646
vt -0.775698 0.091573
vt -0.718905 0.203973
vt -0.718905 0.260319
vt -0.775698 0.260319
vt -0.775698 0.203973
vt -0.148968 0.317670
vt -0.148968 0.375033
vt -0.205739 0.375033
vt -0.205739 0.317670
vt -0.035554 0.317670
vt -0.035554 0.375033
vt -0.092175 0.375033
vt -0.092175 0.317670
vt -0.035554 0.432474
vt -0.035554 0.489920
vt -0.092175 0.489920
vt -0.092175 0.432474
vt -0.148968 0.091573
vt -0.148968 0.147646
vt -0.205739 0.147646
vt -0.205739 0.091573
vt -0.035554 0.091573
vt -0.035554 0.147646
vt -0.092175 0.147646
vt -0.092175 0.091573
vt -0.035554 0.203973
vt -0.035554 0.260319
vt -0.092175 0.260319
vt -0.092175 0.203973
vt -0.376724 0.091573
vt -0.376724 0.147646
vt -0.433771 0.147646
vt -0.433771 0.091573
vt -0.262620 0.091573
vt -0.262620 0.147646
vt -0.319623 0.147646
vt -0.319623 0.091573
vt -0.262620 0.203973
vt -0.262620 0.260319
vt -0.319623 0.260319
vt -0.319623 0.203973
vt -0.148968 0.776364
vt -0.148968 0.832557
vt -0.205739 0.832557
vt -0.205739 0.776364
vt -0.035554 0.776364
vt -0.035554 0.832557
vt -0.092175 0.832557
vt -0.092175 0.776364
vt -0.035554 0.888596
vt -0.035554 0.944577
vt -0.092175 0.944577
vt -0.092175 0.888596
vt -0.148968 0.547531
vt -0.148968 0.605138
vt -0.205739 0.605138
vt -0.205739 0.547531
vt -0.035554 0.547531
vt -0.035554 0.605138
vt -0.092175 0.605138
vt -0.092175 0.547531
vt -0.035554 0.662637
vt -0.035554 0.720153
vt -0.092175 0.720153
vt -0.092175 0.662637
vt -0.376724 0.547531
vt -0.376724 0.605138
vt -0.433771 0.605138
vt -0.433771 0.547531
vt -0.262620 0.547531
vt -0.262620 0.605138
vt -0.319623 0.605138
vt -0.319623 0.547531
vt -0.262620 0.662637
vt -0.262620 0.720153
vt -0.319623 0.720153
vt -0.319623 0.662637
vt -0.376724 0.776364
vt -0.376724 0.832557
vt -0.433771 0.832557
vt -0.433771 0.776364
vt -0.262620 0.776364
vt -0.262620 0.832557
vt -0.319623 0.832557
vt -0.319623 0.776364
vt -0.262620 0.888596
vt -0.262620 0.944577
vt -0.319623 0.944577
vt -0.319623 0.888596
vt -0.376724 0.317670
vt -0.376724 0.375033
vt -0.433771 0.375033
vt -0.433771 0.317670
vt -0.262620 0.317670
vt -0.262620 0.375033
vt -0.319623 0.375033
vt -0.319623 0.317670
vt -0.262620 0.432474
vt -0.262620 0.489920
vt -0.319623 0.489920
vt -0.319623 0.432474
vt -0.832319 0.317670
vt -0.832319 0.375033
vt -0.889048 0.375033
vt -0.889048 0.317670
vt -0.718905 0.317670
vt -0.718905 0.375033
vt -0.775698 0.375033
vt -0.775698 0.317670
vt -0.718905 0.432474
vt -0.718905 0.489920
vt -0.775698 0.489920
vt -0.775698 0.432474
vt 0.418780 2.022864
vt 0.418780 1.966672
vt 0.476140 1.966672
vt 0.476140 2.022864
vt 0.304314 2.022864
vt 0.304314 1.966672
vt 0.361559 1.966672
vt 0.361559 2.022864
vt 0.304314 1.910632
vt 0.304314 1.854651
vt 0.361559 1.854651
vt 0.361559 1.910632
vt 0.418780 2.481559
vt 0.418780 2.424195
vt 0.476140 2.424195
vt 0.476140 2.481559
vt 0.304314 2.481559
vt 0.304314 2.424195
vt 0.361559 2.424195
vt 0.361559 2.481559
vt 0.304314 2.366754
vt 0.304314 2.309309
vt 0.361559 2.309309
vt 0.361559 2.366754
vt 0.874546 2.481559
vt 0.874546 2.424195
vt 0.930827 2.424195
vt 0.930827 2.481559
vt 0.761731 2.481559
vt 0.761731 2.424195
vt 0.818219 2.424195
vt 0.818219 2.481559
vt 0.761731 2.366754
vt 0.761731 2.309309
vt 0.818219 2.309309
vt 0.818219 2.366754
vt 1.442725 0.776364
vt 1.442725 0.832557
vt 1.385624 0.832557
vt 1.385624 0.776364
vt 1.556901 0.776364
vt 1.556901 0.832557
vt 1.499826 0.832557
vt 1.499826 0.776364
vt 1.556901 0.888596
vt 1.556901 0.944577
vt 1.499826 0.944577
vt 1.499826 0.888596
vt 1.442725 0.317670
vt 1.442725 0.375033
vt 1.385624 0.375033
vt 1.385624 0.317670
vt 1.556901 0.317670
vt 1.556901 0.375033
vt 1.499826 0.375033
vt 1.499826 0.317670
vt 1.556901 0.432474
vt 1.556901 0.489920
vt 1.499826 0.489920
vt 1.499826 0.432474
vt 0.987406 0.317670
vt 0.987406 0.375033
vt 0.930827 0.375033
vt 0.930827 0.317670
vt 1.100820 0.317670
vt 1.100820 0.375033
vt 1.044027 0.375033
vt 1.044027 0.317670
vt 1.100820 0.432474
vt 1.100820 0.489920
vt 1.044027 0.489920
vt 1.044027 0.432474
vt 0.533461 0.776364
vt 0.533461 0.832557
vt 0.476140 0.832557
vt 0.476140 0.776364
vt 0.648049 0.776364
vt 0.648049 0.832557
vt 0.590838 0.832557
vt 0.590838 0.776364
vt 0.648049 0.888596
vt 0.648049 0.944577
vt 0.590838 0.944577
vt 0.590838 0.888596
vt 0.533461 0.317670
vt 0.533461 0.375033
vt 0.476140 0.375033
vt 0.476140 0.317670
vt 0.648049 0.317670
vt 0.648049 0.375033
vt 0.590838 0.375033
vt 0.590838 0.317670
vt 0.648049 0.432474
vt 0.648049 0.489920
vt 0.590838 0.489920
vt 0.590838 0.432474
vt 0.077511 0.317670
vt 0.077511 0.375033
vt 0.021026 0.375033
vt 0.021026 0.317670
vt 0.190585 0.317670
vt 0.190585 0.375033
vt 0.133990 0.375033
vt 0.133990 0.317670
vt 0.190585 0.432474
vt 0.190585 0.489920
vt 0.133990 0.489920
vt 0.133990 0.432474
vt 0.761731 -0.476377
vt 0.818219 -0.476377
vt 0.818219 -0.419275
vt 0.761731 -0.419275
vt 0.761731 -0.590552
vt 0.818219 -0.590552
vt 0.818219 -0.533477
vt 0.761731 -0.533477
vt 0.874546 -0.590552
vt 0.930827 -0.590552
vt 0.930827 -0.533477
vt 0.874546 -0.533477
vt 0.304314 -0.476377
vt 0.361559 -0.476377
vt 0.361559 -0.419275
vt 0.304314 -0.419275
vt 0.304314 -0.590552
vt 0.361559 -0.590552
vt 0.361559 -0.533477
vt 0.304314 -0.533477
vt 0.418780 -0.590552
vt 0.476140 -0.590552
vt 0.476140 -0.533477
vt 0.418780 -0.533477
vt 0.304314 -0.021058
vt 0.361559 -0.021058
vt 0.361559 0.035522
vt 0.304314 0.035522
vt 0.304314 -0.134472
vt 0.361559 -0.134472
vt 0.361559 -0.077679
vt 0.304314 -0.077679
vt 0.418780 -0.134472
vt 0.476140 -0.134472
vt 0.476140 -0.077679
vt 0.418780 -0.077679
vt 0.190585 1.456475
vt 0.133990 1.456475
vt 0.133990 1.399374
vt 0.190585 1.399374
vt 0.190585 1.570651
vt 0.133990 1.570651
vt 0.133990 1.513576
vt 0.190585 1.513576
vt 0.077511 1.570651
vt 0.021026 1.570651
vt 0.021026 1.513576
vt 0.077511 1.513576
vt 0.648049 1.456475
vt 0.590838 1.456475
vt 0.590838 1.399374
vt 0.648049 1.399374
vt 0.648049 1.570651
vt 0.590838 1.570651
vt 0.590838 1.513576
vt 0.648049 1.513576
vt 0.533461 1.570651
vt 0.476140 1.570651
vt 0.476140 1.513576
vt 0.533461 1.513576
vt 0.648049 1.001157
vt 0.590838 1.001157
vt 0.648049 1.114571
vt 0.590838 1.114571
vt 0.590838 1.057778
vt 0.648049 1.057778
vt 0.533461 1.114571
vt 0.476140 1.114571
vt 0.476140 1.057778
vt 0.533461 1.057778
vt 0.190585 1.001157
vt 0.133990 1.001157
vt 0.133990 0.944577
vt 0.190585 0.944577
vt 0.190585 1.114571
vt 0.133990 1.114571
vt 0.133990 1.057778
vt 0.190585 1.057778
vt 0.077511 1.114571
vt 0.021026 1.114571
vt 0.021026 1.057778
vt 0.077511 1.057778
vt 0.761731 -0.021058
vt 0.818219 -0.021058
vt 0.818219 0.035522
vt 0.761731 0.035522
vt 0.761731 -0.134472
vt 0.818219 -0.134472
vt 0.818219 -0.077679
vt 0.761731 -0.077679
vt 0.874546 -0.134472
vt 0.930827 -0.134472
vt 0.930827 -0.077679
vt 0.874546 -0.077679
vt 0.077511 0.776364
vt 0.077511 0.832557
vt 0.021026 0.832557
vt 0.021026 0.776364
vt 0.190585 0.776364
vt 0.190585 0.832557
vt 0.133990 0.832557
vt 0.133990 0.776364
vt 0.190585 0.888596
vt 0.133990 0.888596
vt 0.987406 0.776364
vt 0.987406 0.832557
vt 0.930827 0.832557
vt 0.930827 0.776364
vt 1.100820 0.776364
vt 1.100820 0.832557
vt 1.044027 0.832557
vt 1.044027 0.776364
vt 1.100820 0.888596
vt 1.100820 0.944577
vt 1.044027 0.944577
vt 1.044027 0.888596
vt 0.874546 2.022864
vt 0.874546 1.966672
vt 0.930827 1.966672
vt 0.930827 2.022864
vt 0.761731 2.022864
vt 0.761731 1.966672
vt 0.818219 1.966672
vt 0.818219 2.022864
vt 0.761731 1.910632
vt 0.761731 1.854651
vt 0.818219 1.854651
vt 0.818219 1.910632
vt -0.832319 0.776364
vt -0.832319 0.832557
vt -0.889048 0.832557
vt -0.889048 0.776364
vt -0.718905 0.776364
vt -0.718905 0.832557
vt -0.775698 0.832557
vt -0.775698 0.776364
vt -0.718905 0.888596
vt -0.718905 0.944577
vt -0.775698 0.944577
vt -0.775698 0.888596
vt -0.262620 0.035522
vt -0.319623 0.035522
vt -0.205739 0.035522
vt -0.376724 0.035522
vt -0.433771 0.035522
vt -0.035554 0.035522
vt -0.092175 0.035522
vt 0.021026 0.035522
vt -0.148968 0.035522
vt -0.718905 0.035522
vt -0.775698 0.035522
vt -0.662079 0.035522
vt -0.832319 0.035522
vt -0.889048 0.035522
vt -0.490872 0.035522
vt -0.547973 0.035522
vt -0.605048 0.035522
vt 0.021026 2.194090
vt 0.021026 2.136592
vt 0.021026 2.079075
vt 0.021026 2.309309
vt 0.021026 2.251697
vt 0.021026 1.966672
vt 0.021026 1.910632
vt 0.021026 1.854651
vt 0.021026 2.022864
vt 0.304314 2.763707
vt 0.361559 2.763707
vt 0.247151 2.763707
vt 0.418780 2.763707
vt 0.476140 2.763707
vt 0.021026 2.651582
vt 0.021026 2.595255
vt 0.021026 2.538910
vt 0.077511 2.763707
vt 0.133990 2.763707
vt 0.021026 2.763707
vt 0.021026 2.707656
vt 0.190585 2.763707
vt 0.021026 2.424195
vt 0.021026 2.366754
vt 0.021026 2.481559
vt 0.761731 2.763707
vt 0.818219 2.763707
vt 0.705165 2.763707
vt 0.874546 2.763707
vt 0.930827 2.763707
vt 0.533461 2.763707
vt 0.590838 2.763707
vt 0.648049 2.763707
vt 1.840901 0.605138
vt 1.840901 0.662637
vt 1.840901 0.720153
vt 1.840901 0.489920
vt 1.840901 0.547531
vt 1.840901 0.832557
vt 1.840901 0.888596
vt 1.840901 0.944577
vt 1.840901 0.776364
vt 1.556901 0.035522
vt 1.499826 0.035522
vt 1.613932 0.035522
vt 1.442725 0.035522
vt 1.385624 0.035522
vt 1.840901 0.147646
vt 1.840901 0.203973
vt 1.840901 0.260319
vt 1.784172 0.035522
vt 1.727551 0.035522
vt 1.840901 0.035522
vt 1.840901 0.091573
vt 1.670758 0.035522
vt 1.840901 0.375033
vt 1.840901 0.432474
vt 1.840901 0.317670
vt 1.100820 0.035522
vt 1.044027 0.035522
vt 1.157592 0.035522
vt 0.987406 0.035522
vt 1.328577 0.035522
vt 1.271476 0.035522
vt 1.214473 0.035522
vt 0.590838 -0.874552
vt 0.648049 -0.874552
vt 0.705165 -0.874552
vt 0.476140 -0.874552
vt 0.533461 -0.874552
vt 0.818219 -0.874552
vt 0.874546 -0.874552
vt 0.930827 -0.874552
vt 0.761731 -0.874552
vt 0.021026 -0.590552
vt 0.021026 -0.533477
vt 0.021026 -0.647583
vt 0.021026 -0.476377
vt 0.021026 -0.419275
vt 0.133990 -0.874552
vt 0.190585 -0.874552
vt 0.247151 -0.874552
vt 0.021026 -0.817823
vt 0.021026 -0.761202
vt 0.021026 -0.874552
vt 0.077511 -0.874552
vt 0.021026 -0.704409
vt 0.361559 -0.874552
vt 0.418780 -0.874552
vt 0.304314 -0.874552
vt 0.021026 -0.134472
vt 0.021026 -0.077679
vt 0.021026 -0.191243
vt 0.021026 -0.021058
vt 0.021026 -0.362228
vt 0.021026 -0.305128
vt 0.021026 -0.248124
vt 0.930827 1.570651
vt 0.930827 1.513576
vt 0.930827 1.627682
vt 0.930827 1.456475
vt 0.930827 1.399374
vt 0.930827 1.797922
vt 0.930827 1.741301
vt 0.930827 1.684508
vt 0.930827 1.114571
vt 0.930827 1.057778
vt 0.930827 1.171342
vt 0.930827 1.001157
vt 0.930827 1.342327
vt 0.930827 1.285226
vt 0.930827 1.228223
s 1
f 1538/1/1538 389/2/389 4/3/4 642/4/642
f 1537/5/1537 392/6/392 8/7/8 645/8/645
f 1536/9/1536 395/10/395 6/11/6 648/12/648
f 1535/13/1535 398/14/398 2/15/2 388/16/388
f 1534/17/1534 646/18/646 5/19/5 397/20/397
f 1533/21/1533 641/22/641 2/15/2 398/14/398
f 1532/23/1532 411/24/411 20/25/20 410/26/410
f 1531/27/1531 412/28/412 21/29/21 653/30/653
f 1530/31/1530 629/32/629 11/33/11 654/34/654
f 1529/35/1529 415/36/415 19/37/19 409/38/409
f 1528/39/1528 416/40/416 22/41/22 657/42/657
f 1527/43/1527 634/44/634 16/45/16 658/46/658
f 1526/47/1526 419/48/419 10/49/10 400/50/400
f 1525/51/1525 420/52/420 23/53/23 661/54/661
f 1524/55/1524 410/26/410 20/25/20 662/56/662
f 1523/57/1523 423/58/423 18/59/18 636/60/636
f 1522/61/1522 424/62/424 24/63/24 665/64/665
f 1521/65/1521 407/66/407 17/67/17 666/68/666
f 1520/69/1520 427/70/427 15/71/15 633/72/633
f 1519/73/1519 428/74/428 25/75/25 669/76/669
f 1518/77/1518 404/78/404 14/79/14 670/80/670
f 1517/81/1517 431/82/431 12/83/12 630/84/630
f 1516/85/1516 432/86/432 26/87/26 673/88/673
f 1515/89/1515 401/90/401 11/91/11 674/92/674
f 1514/93/1514 483/94/483 74/95/74 626/96/626
f 1513/97/1513 484/98/484 75/99/75 677/100/677
f 1512/101/1512 449/102/449 41/103/41 678/104/678
f 1511/105/1511 487/106/487 73/107/73 625/108/625
f 1510/109/1510 488/110/488 76/111/76 681/112/681
f 1509/113/1509 480/114/480 72/115/72 682/116/682
f 1508/117/1508 491/118/491 30/119/30 582/120/582
f 1507/121/1507 492/122/492 77/123/77 685/124/685
f 1506/125/1506 479/126/479 71/127/71 686/128/686
f 1505/129/1505 495/130/495 70/131/70 622/132/622
f 1504/133/1504 496/134/496 78/135/78 689/136/689
f 1503/137/1503 452/138/452 44/139/44 690/140/690
f 1502/141/1502 499/142/499 69/143/69 621/144/621
f 1501/145/1501 500/146/500 79/147/79 693/148/693
f 1500/149/1500 476/150/476 68/151/68 694/152/694
f 1499/153/1499 503/154/503 33/155/33 585/156/585
f 1498/157/1498 504/158/504 80/159/80 697/160/697
f 1497/161/1497 475/162/475 67/163/67 698/164/698
f 1496/165/1496 507/166/507 66/167/66 618/168/618
f 1495/169/1495 508/170/508 81/171/81 701/172/701
f 1494/173/1494 455/174/455 47/175/47 702/176/702
f 1493/177/1493 511/178/511 65/179/65 617/180/617
f 1492/181/1492 512/182/512 82/183/82 705/184/705
f 1491/185/1491 472/186/472 64/187/64 706/188/706
f 1490/189/1490 515/190/515 36/191/36 588/192/588
f 1489/193/1489 516/194/516 83/195/83 709/196/709
f 1488/197/1488 471/198/471 63/199/63 710/200/710
f 1487/201/1487 519/202/519 62/203/62 614/204/614
f 1486/205/1486 520/206/520 84/207/84 713/208/713
f 1485/209/1485 458/210/458 50/211/50 714/212/714
f 1484/213/1484 523/214/523 61/215/61 613/216/613
f 1483/217/1483 524/218/524 85/219/85 717/220/717
f 1482/221/1482 468/222/468 60/223/60 718/224/718
f 1481/225/1481 527/226/527 40/227/40 448/228/448
f 1480/229/1480 528/230/528 86/231/86 721/232/721
f 1479/233/1479 467/234/467 59/235/59 722/236/722
f 1478/237/1478 531/238/531 58/239/58 610/240/610
f 1477/241/1477 532/242/532 87/243/87 725/244/725
f 1476/245/1476 586/246/586 34/247/34 726/248/726
f 1475/249/1475 535/250/535 57/251/57 609/252/609
f 1474/253/1474 536/254/536 88/255/88 729/256/729
f 1473/257/1473 464/258/464 56/259/56 730/260/730
f 1472/261/1472 539/262/539 49/263/49 457/264/457
f 1471/265/1471 540/266/540 89/267/89 733/268/733
f 1470/269/1470 463/270/463 55/271/55 734/272/734
f 1469/273/1469 543/274/543 54/275/54 606/276/606
f 1468/277/1468 544/278/544 90/279/90 737/280/737
f 1467/281/1467 581/282/581 29/283/29 738/284/738
f 1466/285/1466 547/286/547 53/287/53 605/288/605
f 1465/289/1465 548/290/548 91/291/91 741/292/741
f 1464/293/1464 460/294/460 52/295/52 742/296/742
f 1463/297/1463 551/298/551 50/211/50 458/210/458
f 1462/299/1462 552/300/552 92/301/92 745/302/745
f 1461/303/1461 459/304/459 51/305/51 746/306/746
f 1460/307/1460 555/308/555 38/309/38 446/310/446
f 1459/311/1459 556/312/556 93/313/93 749/314/749
f 1458/315/1458 593/316/593 41/317/41 750/318/750
f 1457/319/1457 559/320/559 37/321/37 445/322/445
f 1456/323/1456 560/324/560 94/325/94 753/326/753
f 1455/327/1455 598/328/598 46/329/46 754/330/754
f 1454/331/1454 563/332/563 28/333/28 436/334/436
f 1453/335/1453 564/336/564 95/337/95 757/338/757
f 1452/339/1452 446/310/446 38/309/38 758/340/758
f 1451/341/1451 567/342/567 48/343/48 600/344/600
f 1450/345/1450 568/346/568 96/347/96 761/348/761
f 1449/349/1449 443/350/443 35/351/35 762/352/762
f 1448/353/1448 571/354/571 45/355/45 597/356/597
f 1447/357/1447 572/358/572 97/359/97 765/360/765
f 1446/361/1446 440/362/440 32/363/32 766/364/766
f 1445/365/1445 575/366/575 42/367/42 594/368/594
f 1444/369/1444 576/370/576 98/371/98 769/372/769
f 1443/373/1443 437/374/437 29/375/29 770/376/770
f 1442/377/1442 771/378/771 290/379/290 578/380/578
f 1441/381/1441 772/382/772 291/383/291 773/384/773
f 1440/385/1440 629/386/629 149/387/149 774/388/774
f 1439/389/1439 775/390/775 289/391/289 577/392/577
f 1438/393/1438 776/394/776 292/395/292 777/396/777
f 1437/397/1437 768/398/768 288/399/288 778/400/778
f 1436/401/1436 779/402/779 114/403/114 402/404/402
f 1435/405/1435 780/406/780 293/407/293 781/408/781
f 1434/409/1434 767/410/767 287/411/287 782/412/782
f 1433/413/1433 783/414/783 286/415/286 574/416/574
f 1432/417/1432 784/418/784 294/419/294 785/420/785
f 1431/421/1431 632/422/632 152/423/152 786/424/786
f 1430/425/1430 787/426/787 285/427/285 573/428/573
f 1429/429/1429 788/430/788 295/431/295 789/432/789
f 1428/433/1428 764/434/764 284/435/284 790/436/790
f 1427/437/1427 791/438/791 117/439/117 405/440/405
f 1426/441/1426 792/442/792 296/443/296 793/444/793
f 1425/445/1425 763/446/763 283/447/283 794/448/794
f 1424/449/1424 795/450/795 282/451/282 570/452/570
f 1423/453/1423 796/454/796 297/455/297 797/456/797
f 1422/457/1422 635/458/635 155/459/155 798/460/798
f 1421/461/1421 799/462/799 281/463/281 569/464/569
f 1420/465/1420 800/466/800 298/467/298 801/468/801
f 1419/469/1419 760/470/760 280/471/280 802/472/802
f 1418/473/1418 803/474/803 120/475/120 408/476/408
f 1417/477/1417 804/478/804 299/479/299 805/480/805
f 1416/481/1416 759/482/759 279/483/279 806/484/806
f 1415/485/1415 807/486/807 278/487/278 566/488/566
f 1414/489/1414 808/490/808 300/491/300 809/492/809
f 1413/493/1413 638/494/638 158/495/158 810/496/810
f 1412/497/1412 811/498/811 277/499/277 565/500/565
f 1411/501/1411 812/502/812 301/503/301 813/504/813
f 1410/505/1410 756/506/756 276/507/276 814/508/814
f 1409/509/1409 815/510/815 148/511/148 628/512/628
f 1408/513/1408 816/514/816 302/515/302 817/516/817
f 1407/517/1407 755/518/755 275/519/275 818/520/818
f 1406/521/1406 819/522/819 274/523/274 562/524/562
f 1405/525/1405 820/526/820 303/527/303 821/528/821
f 1404/529/1404 406/530/406 118/531/118 822/532/822
f 1403/533/1403 823/534/823 273/535/273 561/536/561
f 1402/537/1402 824/538/824 304/539/304 825/540/825
f 1401/541/1401 752/542/752 272/543/272 826/544/826
f 1400/545/1400 827/546/827 157/547/157 637/548/637
f 1399/549/1399 828/550/828 305/551/305 829/552/829
f 1398/553/1398 751/554/751 271/555/271 830/556/830
f 1397/557/1397 831/558/831 270/559/270 558/560/558
f 1396/561/1396 832/562/832 306/563/306 833/564/833
f 1395/565/1395 401/566/401 113/567/113 834/568/834
f 1394/569/1394 835/570/835 269/571/269 557/572/557
f 1393/573/1393 836/574/836 307/575/307 837/576/837
f 1392/577/1392 748/578/748 268/579/268 838/580/838
f 1391/581/1391 839/582/839 158/495/158 638/494/638
f 1390/583/1390 840/584/840 308/585/308 841/586/841
f 1389/587/1389 747/588/747 267/589/267 842/590/842
f 1388/591/1388 843/592/843 266/593/266 554/594/554
f 1387/595/1387 844/596/844 309/597/309 845/598/845
f 1386/599/1386 651/600/651 171/601/171 846/602/846
f 1385/603/1385 847/604/847 265/605/265 553/606/553
f 1384/607/1384 848/608/848 310/609/310 849/610/849
f 1383/611/1383 744/612/744 264/613/264 850/614/850
f 1382/615/1382 851/616/851 170/617/170 650/618/650
f 1381/619/1381 852/620/852 311/621/311 853/622/853
f 1380/623/1380 743/624/743 263/625/263 854/626/854
f 1379/627/1379 855/628/855 262/629/262 550/630/550
f 1378/631/1378 856/632/856 312/633/312 857/634/857
f 1377/635/1377 652/636/652 172/637/172 858/638/858
f 1376/639/1376 859/640/859 261/641/261 549/642/549
f 1375/643/1375 860/644/860 313/645/313 861/646/861
f 1374/647/1374 740/648/740 260/649/260 862/650/862
f 1373/651/1373 863/652/863 125/653/125 413/654/413
f 1372/655/1372 864/656/864 314/657/314 865/658/865
f 1371/659/1371 739/660/739 259/661/259 866/662/866
f 1370/663/1370 867/664/867 258/665/258 546/666/546
f 1369/667/1369 868/668/868 315/669/315 869/670/869
f 1368/671/1368 389/672/389 101/673/101 870/674/870
f 1367/675/1367 871/676/871 257/677/257 545/678/545
f 1366/679/1366 872/680/872 316/681/316 873/682/873
f 1365/683/1365 736/684/736 256/685/256 874/686/874
f 1364/687/1364 875/688/875 126/689/126 414/690/414
f 1363/691/1363 876/692/876 317/693/317 877/694/877
f 1362/695/1362 735/696/735 255/697/255 878/698/878
f 1361/699/1361 879/700/879 254/701/254 542/702/542
f 1360/703/1360 880/704/880 318/705/318 881/706/881
f 1359/707/1359 655/708/655 175/709/175 882/710/882
f 1358/711/1358 883/712/883 253/713/253 541/714/541
f 1357/715/1357 884/716/884 319/717/319 885/718/885
f 1356/719/1356 732/720/732 252/721/252 886/722/886
f 1355/723/1355 887/724/887 169/725/169 649/726/649
f 1354/727/1354 888/728/888 320/729/320 889/730/889
f 1353/731/1353 731/732/731 251/733/251 890/734/890
f 1352/735/1352 891/736/891 250/737/250 538/738/538
f 1351/739/1351 892/740/892 321/741/321 893/742/893
f 1350/743/1350 656/744/656 176/745/176 894/746/894
f 1349/747/1349 895/748/895 249/749/249 537/750/537
f 1348/751/1348 896/752/896 322/753/322 897/754/897
f 1347/755/1347 728/756/728 248/757/248 898/758/898
f 1346/759/1346 899/760/899 129/761/129 417/762/417
f 1345/763/1345 900/764/900 323/765/323 901/766/901
f 1344/767/1344 727/768/727 247/769/247 902/770/902
f 1343/771/1343 903/772/903 246/773/246 534/774/534
f 1342/775/1342 904/776/904 324/777/324 905/778/905
f 1341/779/1341 394/780/394 106/781/106 906/782/906
f 1340/783/1340 907/784/907 245/785/245 533/786/533
f 1339/787/1339 908/788/908 325/789/325 909/790/909
f 1338/791/1338 724/792/724 244/793/244 910/794/910
f 1337/795/1337 911/796/911 130/797/130 418/798/418
f 1336/799/1336 912/800/912 326/801/326 913/802/913
f 1335/803/1335 723/804/723 243/805/243 914/806/914
f 1334/807/1334 915/808/915 242/809/242 530/810/530
f 1333/811/1333 916/812/916 327/813/327 917/814/917
f 1332/815/1332 659/816/659 179/817/179 918/818/918
f 1331/819/1331 919/820/919 241/821/241 529/822/529
f 1330/823/1330 920/824/920 328/825/328 921/826/921
f 1329/827/1329 720/828/720 240/829/240 922/830/922
f 1328/831/1328 923/832/923 160/833/160 640/834/640
f 1327/835/1327 924/836/924 329/837/329 925/838/925
f 1326/839/1326 719/840/719 239/841/239 926/842/926
f 1325/843/1325 927/844/927 238/845/238 526/846/526
f 1324/847/1324 928/848/928 330/849/330 929/850/929
f 1323/851/1323 660/852/660 180/853/180 930/854/930
f 1322/855/1322 931/856/931 237/857/237 525/858/525
f 1321/859/1321 932/860/932 331/861/331 933/862/933
f 1320/863/1320 716/864/716 236/865/236 934/866/934
f 1319/867/1319 935/868/935 133/869/133 421/870/421
f 1318/871/1318 936/872/936 332/873/332 937/874/937
f 1317/875/1317 715/876/715 235/877/235 938/878/938
f 1316/879/1316 939/880/939 234/881/234 522/882/522
f 1315/883/1315 940/884/940 333/885/333 941/886/941
f 1314/887/1314 650/618/650 170/617/170 942/888/942
f 1313/889/1313 943/890/943 233/891/233 521/892/521
f 1312/893/1312 944/894/944 334/895/334 945/896/945
f 1311/897/1311 712/898/712 232/899/232 946/900/946
f 1310/901/1310 947/902/947 134/903/134 422/904/422
f 1309/905/1309 948/906/948 335/907/335 949/908/949
f 1308/909/1308 711/910/711 231/911/231 950/912/950
f 1307/913/1307 951/914/951 230/915/230 518/916/518
f 1306/917/1306 952/918/952 336/919/336 953/920/953
f 1305/921/1305 663/922/663 183/923/183 954/924/954
f 1304/925/1304 955/926/955 229/927/229 517/928/517
f 1303/929/1303 956/930/956 337/931/337 957/932/957
f 1302/933/1302 708/934/708 228/935/228 958/936/958
f 1301/937/1301 959/938/959 108/939/108 396/940/396
f 1300/941/1300 960/942/960 338/943/338 961/944/961
f 1299/945/1299 707/946/707 227/947/227 962/948/962
f 1298/949/1298 963/950/963 226/951/226 514/952/514
f 1297/953/1297 964/954/964 339/955/339 965/956/965
f 1296/957/1296 664/958/664 184/959/184 966/960/966
f 1295/961/1295 967/962/967 225/963/225 513/964/513
f 1294/965/1294 968/966/968 340/967/340 969/968/969
f 1293/969/1293 704/970/704 224/971/224 970/972/970
f 1292/973/1292 971/974/971 137/975/137 425/976/425
f 1291/977/1291 972/978/972 341/979/341 973/980/973
f 1290/981/1290 703/982/703 223/983/223 974/984/974
f 1289/985/1289 975/986/975 222/987/222 510/988/510
f 1288/989/1288 976/990/976 342/991/342 977/992/977
f 1287/993/1287 647/994/647 167/995/167 978/996/978
f 1286/997/1286 979/998/979 221/999/221 509/1000/509
f 1285/1001/1285 980/1002/980 343/1003/343 981/1004/981
f 1284/1005/1284 700/1006/700 220/1007/220 982/1008/982
f 1283/1009/1283 983/1010/983 138/1011/138 426/1012/426
f 1282/1013/1282 984/1014/984 344/1015/344 985/1016/985
f 1281/1017/1281 699/1018/699 219/1019/219 986/1020/986
f 1280/1021/1280 987/1022/987 218/1023/218 506/1024/506
f 1279/1025/1279 988/1026/988 345/1027/345 989/1028/989
f 1278/1029/1278 667/1030/667 187/1031/187 990/1032/990
f 1277/1033/1277 991/1034/991 217/1035/217 505/1036/505
f 1276/1037/1276 992/1038/992 346/1039/346 993/1040/993
f 1275/1041/1275 696/1042/696 216/1043/216 994/1044/994
f 1274/1045/1274 995/1046/995 105/1047/105 393/1048/393
f 1273/1049/1273 996/1050/996 347/1051/347 997/1052/997
f 1272/1053/1272 695/1054/695 215/1055/215 998/1056/998
f 1271/1057/1271 999/1058/999 214/1059/214 502/1060/502
f 1270/1061/1270 1000/1062/1000 348/1063/348 1001/1064/1001
f 1269/1065/1269 668/1066/668 188/1067/188 1002/1068/1002
f 1268/1069/1268 1003/1070/1003 213/1071/213 501/1072/501
f 1267/1073/1267 1004/1074/1004 349/1075/349 1005/1076/1005
f 1266/1077/1266 692/1078/692 212/1079/212 1006/1080/1006
f 1265/1081/1265 1007/1082/1007 141/1083/141 429/1084/429
f 1264/1085/1264 1008/1086/1008 350/1087/350 1009/1088/1009
f 1263/1089/1263 691/1090/691 211/1091/211 1010/1092/1010
f 1262/1093/1262 1011/1094/1011 210/1095/210 498/1096/498
f 1261/1097/1261 1012/1098/1012 351/1099/351 1013/1100/1013
f 1260/1101/1260 644/1102/644 164/1103/164 1014/1104/1014
f 1259/1105/1259 1015/1106/1015 209/1107/209 497/1108/497
f 1258/1109/1258 1016/1110/1016 352/1111/352 1017/1112/1017
f 1257/1113/1257 688/1114/688 208/1115/208 1018/1116/1018
f 1256/1117/1256 1019/1118/1019 142/1119/142 430/1120/430
f 1255/1121/1255 1020/1122/1020 353/1123/353 1021/1124/1021
f 1254/1125/1254 687/1126/687 207/1127/207 1022/1128/1022
f 1253/1129/1253 1023/1130/1023 206/1131/206 494/1132/494
f 1252/1133/1252 1024/1134/1024 354/1135/354 1025/1136/1025
f 1251/1137/1251 671/1138/671 191/1139/191 1026/1140/1026
f 1250/1141/1250 1027/1142/1027 205/1143/205 493/1144/493
f 1249/1145/1249 1028/1146/1028 355/1147/355 1029/1148/1029
f 1248/1149/1248 684/1150/684 204/1151/204 1030/1152/1030
f 1247/1153/1247 1031/1154/1031 102/1155/102 390/1156/390
f 1246/1157/1246 1032/1158/1032 356/1159/356 1033/1160/1033
f 1245/1161/1245 683/1162/683 203/1163/203 1034/1164/1034
f 1244/1165/1244 1035/1166/1035 202/1167/202 490/1168/490
f 1243/1169/1243 1036/1170/1036 357/1171/357 1037/1172/1037
f 1242/1173/1242 672/1174/672 192/1175/192 1038/1176/1038
f 1241/1177/1241 1039/1178/1039 201/1179/201 489/1180/489
f 1240/1181/1240 1040/1182/1040 358/1183/358 1041/1184/1041
f 1239/1185/1239 680/1186/680 200/1187/200 1042/1188/1042
f 1238/1189/1238 1043/1190/1043 145/1191/145 433/1192/433
f 1237/1193/1237 1044/1194/1044 359/1195/359 1045/1196/1045
f 1236/1197/1236 679/1198/679 199/1199/199 1046/1200/1046
f 1235/1201/1235 1047/1202/1047 198/1203/198 486/1204/486
f 1234/1205/1234 1048/1206/1048 360/1207/360 1049/1208/1049
f 1233/1209/1233 641/1210/641 161/1211/161 1050/1212/1050
f 1232/1213/1232 1051/1214/1051 197/1215/197 485/1216/485
f 1231/1217/1231 1052/1218/1052 361/1219/361 1053/1220/1053
f 1230/1221/1230 676/1222/676 196/1223/196 1054/1224/1054
f 1229/1225/1229 1055/1226/1055 146/1227/146 434/1228/434
f 1228/1229/1228 1056/1230/1056 362/1231/362 1057/1232/1057
f 1227/1233/1227 675/1234/675 195/1235/195 1058/1236/1058
f 1226/1237/1226 1059/1238/1059 194/1239/194 482/1240/482
f 1225/1241/1225 1060/1242/1060 363/1243/363 1061/1244/1061
f 1224/1245/1224 593/1246/593 113/1247/113 1062/1248/1062
f 1223/1249/1223 1063/1250/1063 193/1251/193 481/1252/481
f 1222/1253/1222 1064/1254/1064 364/1255/364 1065/1256/1065
f 1221/1257/1221 624/1258/624 144/1259/144 1066/1260/1066
f 1220/1261/1220 1067/1262/1067 150/1263/150 438/1264/438
f 1219/1265/1219 1068/1266/1068 365/1267/365 1069/1268/1069
f 1218/1269/1218 623/1270/623 143/1271/143 1070/1272/1070
f 1217/1273/1217 1071/1274/1071 190/1275/190 478/1276/478
f 1216/1277/1216 1072/1278/1072 366/1279/366 1073/1280/1073
f 1215/1281/1215 596/1282/596 116/1283/116 1074/1284/1074
f 1214/1285/1214 1075/1286/1075 189/1287/189 477/1288/477
f 1213/1289/1213 1076/1290/1076 367/1291/367 1077/1292/1077
f 1212/1293/1212 620/1294/620 140/1295/140 1078/1296/1078
f 1211/1297/1211 1079/1298/1079 153/1299/153 441/1300/441
f 1210/1301/1210 1080/1302/1080 368/1303/368 1081/1304/1081
f 1209/1305/1209 619/1306/619 139/1307/139 1082/1308/1082
f 1208/1309/1208 1083/1310/1083 186/1311/186 474/1312/474
f 1207/1313/1207 1084/1314/1084 369/1315/369 1085/1316/1085
f 1206/1317/1206 599/1318/599 119/1319/119 1086/1320/1086
f 1205/1321/1205 1087/1322/1087 185/1323/185 473/1324/473
f 1204/1325/1204 1088/1326/1088 370/1327/370 1089/1328/1089
f 1203/1329/1203 616/1330/616 136/1331/136 1090/1332/1090
f 1202/1333/1202 1091/1334/1091 156/1335/156 444/1336/444
f 1201/1337/1201 1092/1338/1092 371/1339/371 1093/1340/1093
f 1200/1341/1200 615/1342/615 135/1343/135 1094/1344/1094
f 1199/1345/1199 1095/1346/1095 182/1347/182 470/1348/470
f 1198/1349/1198 1096/1350/1096 372/1351/372 1097/1352/1097
f 1197/1353/1197 602/1354/602 122/1355/122 1098/1356/1098
f 1196/1357/1196 1099/1358/1099 181/1359/181 469/1360/469
f 1195/1361/1195 1100/1362/1100 373/1363/373 1101/1364/1101
f 1194/1365/1194 612/1366/612 132/1367/132 1102/1368/1102
f 1193/1369/1193 1103/1370/1103 112/1371/112 592/1372/592
f 1192/1373/1192 1104/1374/1104 374/1375/374 1105/1376/1105
f 1191/1377/1191 611/1378/611 131/1379/131 1106/1380/1106
f 1190/1381/1190 1107/1382/1107 178/1383/178 466/1384/466
f 1189/1385/1189 1108/1386/1108 375/1387/375 1109/1388/1109
f 1188/1389/1188 442/1390/442 154/1391/154 1110/1392/1110
f 1187/1393/1187 1111/1394/1111 177/1395/177 465/1396/465
f 1186/1397/1186 1112/1398/1112 376/1399/376 1113/1400/1113
f 1185/1401/1185 608/1402/608 128/1403/128 1114/1404/1114
f 1184/1405/1184 1115/1406/1115 121/1407/121 601/1408/601
f 1183/1409/1183 1116/1410/1116 377/1411/377 1117/1412/1117
f 1182/1413/1182 607/1414/607 127/1415/127 1118/1416/1118
f 1181/1417/1181 1119/1418/1119 174/1419/174 462/1420/462
f 1180/1421/1180 1120/1422/1120 378/1423/378 1121/1424/1121
f 1179/1425/1179 437/1426/437 149/1427/149 1122/1428/1122
f 1178/1429/1178 1123/1430/1123 173/1431/173 461/1432/461
f 1177/1433/1177 1124/1434/1124 379/1435/379 1125/1436/1125
f 1176/1437/1176 604/1438/604 124/1439/124 1126/1440/1126
f 1175/1441/1175 1127/1442/1127 122/1355/122 602/1354/602
f 1174/1443/1174 1128/1444/1128 380/1445/380 1129/1446/1129
f 1173/1447/1173 603/1448/603 123/1449/123 1130/1450/1130
f 1172/1451/1172 1131/1452/1131 110/1453/110 590/1454/590
f 1171/1455/1171 1132/1456/1132 381/1457/381 1133/1458/1133
f 1170/1459/1170 449/1460/449 161/1461/161 1134/1462/1134
f 1169/1463/1169 1135/1464/1135 109/1465/109 589/1466/589
f 1168/1467/1168 1136/1468/1136 382/1469/382 1137/1470/1137
f 1167/1471/1167 454/1472/454 166/1473/166 1138/1474/1138
f 1166/1475/1166 1139/1476/1139 100/1477/100 580/1478/580
f 1165/1479/1165 1140/1480/1140 383/1481/383 1141/1482/1141
f 1164/1483/1164 590/1454/590 110/1453/110 1142/1484/1142
f 1163/1485/1163 1143/1486/1143 168/1487/168 456/1488/456
f 1162/1489/1162 1144/1490/1144 384/1491/384 1145/1492/1145
f 1161/1493/1161 587/1494/587 107/1495/107 1146/1496/1146
f 1160/1497/1160 1147/1498/1147 165/1499/165 453/1500/453
f 1159/1501/1159 1148/1502/1148 385/1503/385 1149/1504/1149
f 1158/1505/1158 584/1506/584 104/1507/104 1150/1508/1150
f 1157/1509/1157 1151/1510/1151 162/1511/162 450/1512/450
f 1156/1513/1156 1152/1514/1152 386/1515/386 1153/1516/1153
f 1155/1517/1155 581/1518/581 101/1519/101 1154/1520/1154
f 1152/1514/1152 1155/1517/1155 1154/1520/1154 386/1515/386
f 290/379/290 770/376/770 1155/1517/1155 1152/1514/1152
f 770/376/770 29/375/29 581/1518/581 1155/1517/1155
f 767/410/767 1156/1513/1156 1153/1516/1153 287/411/287
f 98/371/98 578/380/578 1156/1513/1156 767/410/767
f 578/380/578 290/379/290 1152/1514/1152 1156/1513/1156
f 575/366/575 1157/1509/1157 450/1512/450 42/367/42
f 287/411/287 1153/1516/1153 1157/1509/1157 575/366/575
f 1153/1516/1153 386/1515/386 1151/1510/1151 1157/1509/1157
f 1148/1502/1148 1158/1505/1158 1150/1508/1150 385/1503/385
f 286/415/286 766/364/766 1158/1505/1158 1148/1502/1148
f 766/364/766 32/363/32 584/1506/584 1158/1505/1158
f 763/446/763 1159/1501/1159 1149/1504/1149 283/447/283
f 97/359/97 574/416/574 1159/1501/1159 763/446/763
f 574/416/574 286/415/286 1148/1502/1148 1159/1501/1159
f 571/354/571 1160/1497/1160 453/1500/453 45/355/45
f 283/447/283 1149/1504/1149 1160/1497/1160 571/354/571
f 1149/1504/1149 385/1503/385 1147/1498/1147 1160/1497/1160
f 1144/1490/1144 1161/1493/1161 1146/1496/1146 384/1491/384
f 282/451/282 762/352/762 1161/1493/1161 1144/1490/1144
f 762/352/762 35/351/35 587/1494/587 1161/1493/1161
f 759/482/759 1162/1489/1162 1145/1492/1145 279/483/279
f 96/347/96 570/452/570 1162/1489/1162 759/482/759
f 570/452/570 282/451/282 1144/1490/1144 1162/1489/1162
f 567/342/567 1163/1485/1163 456/1488/456 48/343/48
f 279/483/279 1145/1492/1145 1163/1485/1163 567/342/567
f 1145/1492/1145 384/1491/384 1143/1486/1143 1163/1485/1163
f 1140/1480/1140 1164/1483/1164 1142/1484/1142 383/1481/383
f 278/487/278 758/340/758 1164/1483/1164 1140/1480/1140
f 758/340/758 38/309/38 590/1454/590 1164/1483/1164
f 755/518/755 1165/1479/1165 1141/1482/1141 275/519/275
f 95/337/95 566/488/566 1165/1479/1165 755/518/755
f 566/488/566 278/487/278 1140/1480/1140 1165/1479/1165
f 563/332/563 1166/1475/1166 580/1478/580 28/333/28
f 275/519/275 1141/1482/1141 1166/1475/1166 563/332/563
f 1141/1482/1141 383/1481/383 1139/1476/1139 1166/1475/1166
f 1136/1468/1136 1167/1471/1167 1138/1474/1138 382/1469/382
f 274/523/274 754/330/754 1167/1471/1167 1136/1468/1136
f 754/330/754 46/329/46 454/1472/454 1167/1471/1167
f 751/554/751 1168/1467/1168 1137/1470/1137 271/555/271
f 94/325/94 562/524/562 1168/1467/1168 751/554/751
f 562/524/562 274/523/274 1136/1468/1136 1168/1467/1168
f 559/320/559 1169/1463/1169 589/1466/589 37/321/37
f 271/555/271 1137/1470/1137 1169/1463/1169 559/320/559
f 1137/1470/1137 382/1469/382 1135/1464/1135 1169/1463/1169
f 1132/1456/1132 1170/1459/1170 1134/1462/1134 381/1457/381
f 270/559/270 750/318/750 1170/1459/1170 1132/1456/1132
f 750/318/750 41/317/41 449/1460/449 1170/1459/1170
f 747/588/747 1171/1455/1171 1133/1458/1133 267/589/267
f 93/313/93 558/560/558 1171/1455/1171 747/588/747
f 558/560/558 270/559/270 1132/1456/1132 1171/1455/1171
f 555/308/555 1172/1451/1172 590/1454/590 38/309/38
f 267/589/267 1133/1458/1133 1172/1451/1172 555/308/555
f 1133/1458/1133 381/1457/381 1131/1452/1131 1172/1451/1172
f 1128/1444/1128 1173/1447/1173 1130/1450/1130 380/1445/380
f 266/593/266 746/306/746 1173/1447/1173 1128/1444/1128
f 746/306/746 51/305/51 603/1448/603 1173/1447/1173
f 743/624/743 1174/1443/1174 1129/1446/1129 263/625/263
f 92/301/92 554/594/554 1174/1443/1174 743/624/743
f 554/594/554 266/593/266 1128/1444/1128 1174/1443/1174
f 551/298/551 1175/1441/1175 602/1354/602 50/211/50
f 263/625/263 1129/1446/1129 1175/1441/1175 551/298/551
f 1129/1446/1129 380/1445/380 1127/1442/1127 1175/1441/1175
f 1124/1434/1124 1176/1437/1176 1126/1440/1126 379/1435/379
f 262/629/262 742/296/742 1176/1437/1176 1124/1434/1124
f 742/296/742 52/295/52 604/1438/604 1176/1437/1176
f 739/660/739 1177/1433/1177 1125/1436/1125 259/661/259
f 91/291/91 550/630/550 1177/1433/1177 739/660/739
f 550/630/550 262/629/262 1124/1434/1124 1177/1433/1177
f 547/286/547 1178/1429/1178 461/1432/461 53/287/53
f 259/661/259 1125/1436/1125 1178/1429/1178 547/286/547
f 1125/1436/1125 379/1435/379 1123/1430/1123 1178/1429/1178
f 1120/1422/1120 1179/1425/1179 1122/1428/1122 378/1423/378
f 258/665/258 738/284/738 1179/1425/1179 1120/1422/1120
f 738/284/738 29/283/29 437/1426/437 1179/1425/1179
f 735/696/735 1180/1421/1180 1121/1424/1121 255/697/255
f 90/279/90 546/666/546 1180/1421/1180 735/696/735
f 546/666/546 258/665/258 1120/1422/1120 1180/1421/1180
f 543/274/543 1181/1417/1181 462/1420/462 54/275/54
f 255/697/255 1121/1424/1121 1181/1417/1181 543/274/543
f 1121/1424/1121 378/1423/378 1119/1418/1119 1181/1417/1181
f 1116/1410/1116 1182/1413/1182 1118/1416/1118 377/1411/377
f 254/701/254 734/272/734 1182/1413/1182 1116/1410/1116
f 734/272/734 55/271/55 607/1414/607 1182/1413/1182
f 731/732/731 1183/1409/1183 1117/1412/1117 251/733/251
f 89/267/89 542/702/542 1183/1409/1183 731/732/731
f 542/702/542 254/701/254 1116/1410/1116 1183/1409/1183
f 539/262/539 1184/1405/1184 601/1408/601 49/263/49
f 251/733/251 1117/1412/1117 1184/1405/1184 539/262/539
f 1117/1412/1117 377/1411/377 1115/1406/1115 1184/1405/1184
f 1112/1398/1112 1185/1401/1185 1114/1404/1114 376/1399/376
f 250/737/250 730/260/730 1185/1401/1185 1112/1398/1112
f 730/260/730 56/259/56 608/1402/608 1185/1401/1185
f 727/768/727 1186/1397/1186 1113/1400/1113 247/769/247
f 88/255/88 538/738/538 1186/1397/1186 727/768/727
f 538/738/538 250/737/250 1112/1398/1112 1186/1397/1186
f 535/250/535 1187/1393/1187 465/1396/465 57/251/57
f 247/769/247 1113/1400/1113 1187/1393/1187 535/250/535
f 1113/1400/1113 376/1399/376 1111/1394/1111 1187/1393/1187
f 1108/1386/1108 1188/1389/1188 1110/1392/1110 375/1387/375
f 246/773/246 726/248/726 1188/1389/1188 1108/1386/1108
f 726/248/726 34/247/34 442/1390/442 1188/1389/1188
f 723/804/723 1189/1385/1189 1109/1388/1109 243/805/243
f 87/243/87 534/774/534 1189/1385/1189 723/804/723
f 534/774/534 246/773/246 1108/1386/1108 1189/1385/1189
f 531/238/531 1190/1381/1190 466/1384/466 58/239/58
f 243/805/243 1109/1388/1109 1190/1381/1190 531/238/531
f 1109/1388/1109 375/1387/375 1107/1382/1107 1190/1381/1190
f 1104/1374/1104 1191/1377/1191 1106/1380/1106 374/1375/374
f 242/809/242 722/236/722 1191/1377/1191 1104/1374/1104
f 722/236/722 59/235/59 611/1378/611 1191/1377/1191
f 719/840/719 1192/1373/1192 1105/1376/1105 239/841/239
f 86/231/86 530/810/530 1192/1373/1192 719/840/719
f 530/810/530 242/809/242 1104/1374/1104 1192/1373/1192
f 527/226/527 1193/1369/1193 592/1372/592 40/227/40
f 239/841/239 1105/1376/1105 1193/1369/1193 527/226/527
f 1105/1376/1105 374/1375/374 1103/1370/1103 1193/1369/1193
f 1100/1362/1100 1194/1365/1194 1102/1368/1102 373/1363/373
f 238/845/238 718/224/718 1194/1365/1194 1100/1362/1100
f 718/224/718 60/223/60 612/1366/612 1194/1365/1194
f 715/876/715 1195/1361/1195 1101/1364/1101 235/877/235
f 85/219/85 526/846/526 1195/1361/1195 715/876/715
f 526/846/526 238/845/238 1100/1362/1100 1195/1361/1195
f 523/214/523 1196/1357/1196 469/1360/469 61/215/61
f 235/877/235 1101/1364/1101 1196/1357/1196 523/214/523
f 1101/1364/1101 373/1363/373 1099/1358/1099 1196/1357/1196
f 1096/1350/1096 1197/1353/1197 1098/1356/1098 372/1351/372
f 234/881/234 714/212/714 1197/1353/1197 1096/1350/1096
f 714/212/714 50/211/50 602/1354/602 1197/1353/1197
f 711/910/711 1198/1349/1198 1097/1352/1097 231/911/231
f 84/207/84 522/882/522 1198/1349/1198 711/910/711
f 522/882/522 234/881/234 1096/1350/1096 1198/1349/1198
f 519/202/519 1199/1345/1199 470/1348/470 62/203/62
f 231/911/231 1097/1352/1097 1199/1345/1199 519/202/519
f 1097/1352/1097 372/1351/372 1095/1346/1095 1199/1345/1199
f 1092/1338/1092 1200/1341/1200 1094/1344/1094 371/1339/371
f 230/915/230 710/200/710 1200/1341/1200 1092/1338/1092
f 710/200/710 63/199/63 615/1342/615 1200/1341/1200
f 707/946/707 1201/1337/1201 1093/1340/1093 227/947/227
f 83/195/83 518/916/518 1201/1337/1201 707/946/707
f 518/916/518 230/915/230 1092/1338/1092 1201/1337/1201
f 515/190/515 1202/1333/1202 444/1336/444 36/191/36
f 227/947/227 1093/1340/1093 1202/1333/1202 515/190/515
f 1093/1340/1093 371/1339/371 1091/1334/1091 1202/1333/1202
f 1088/1326/1088 1203/1329/1203 1090/1332/1090 370/1327/370
f 226/951/226 706/188/706 1203/1329/1203 1088/1326/1088
f 706/188/706 64/187/64 616/1330/616 1203/1329/1203
f 703/982/703 1204/1325/1204 1089/1328/1089 223/983/223
f 82/183/82 514/952/514 1204/1325/1204 703/982/703
f 514/952/514 226/951/226 1088/1326/1088 1204/1325/1204
f 511/178/511 1205/1321/1205 473/1324/473 65/179/65
f 223/983/223 1089/1328/1089 1205/1321/1205 511/178/511
f 1089/1328/1089 370/1327/370 1087/1322/1087 1205/1321/1205
f 1084/1314/1084 1206/1317/1206 1086/1320/1086 369/1315/369
f 222/987/222 702/176/702 1206/1317/1206 1084/1314/1084
f 702/176/702 47/175/47 599/1318/599 1206/1317/1206
f 699/1018/699 1207/1313/1207 1085/1316/1085 219/1019/219
f 81/171/81 510/988/510 1207/1313/1207 699/1018/699
f 510/988/510 222/987/222 1084/1314/1084 1207/1313/1207
f 507/166/507 1208/1309/1208 474/1312/474 66/167/66
f 219/1019/219 1085/1316/1085 1208/1309/1208 507/166/507
f 1085/1316/1085 369/1315/369 1083/1310/1083 1208/1309/1208
f 1080/1302/1080 1209/1305/1209 1082/1308/1082 368/1303/368
f 218/1023/218 698/164/698 1209/1305/1209 1080/1302/1080
f 698/164/698 67/163/67 619/1306/619 1209/1305/1209
f 695/1054/695 1210/1301/1210 1081/1304/1081 215/1055/215
f 80/159/80 506/1024/506 1210/1301/1210 695/1054/695
f 506/1024/506 218/1023/218 1080/1302/1080 1210/1301/1210
f 503/154/503 1211/1297/1211 441/1300/441 33/155/33
f 215/1055/215 1081/1304/1081 1211/1297/1211 503/154/503
f 1081/1304/1081 368/1303/368 1079/1298/1079 1211/1297/1211
f 1076/1290/1076 1212/1293/1212 1078/1296/1078 367/1291/367
f 214/1059/214 694/152/694 1212/1293/1212 1076/1290/1076
f 694/152/694 68/151/68 620/1294/620 1212/1293/1212
f 691/1090/691 1213/1289/1213 1077/1292/1077 211/1091/211
f 79/147/79 502/1060/502 1213/1289/1213 691/1090/691
f 502/1060/502 214/1059/214 1076/1290/1076 1213/1289/1213
f 499/142/499 1214/1285/1214 477/1288/477 69/143/69
f 211/1091/211 1077/1292/1077 1214/1285/1214 499/142/499
f 1077/1292/1077 367/1291/367 1075/1286/1075 1214/1285/1214
f 1072/1278/1072 1215/1281/1215 1074/1284/1074 366/1279/366
f 210/1095/210 690/140/690 1215/1281/1215 1072/1278/1072
f 690/140/690 44/139/44 596/1282/596 1215/1281/1215
f 687/1126/687 1216/1277/1216 1073/1280/1073 207/1127/207
f 78/135/78 498/1096/498 1216/1277/1216 687/1126/687
f 498/1096/498 210/1095/210 1072/1278/1072 1216/1277/1216
f 495/130/495 1217/1273/1217 478/1276/478 70/131/70
f 207/1127/207 1073/1280/1073 1217/1273/1217 495/130/495
f 1073/1280/1073 366/1279/366 1071/1274/1071 1217/1273/1217
f 1068/1266/1068 1218/1269/1218 1070/1272/1070 365/1267/365
f 206/1131/206 686/128/686 1218/1269/1218 1068/1266/1068
f 686/128/686 71/127/71 623/1270/623 1218/1269/1218
f 683/1162/683 1219/1265/1219 1069/1268/1069 203/1163/203
f 77/123/77 494/1132/494 1219/1265/1219 683/1162/683
f 494/1132/494 206/1131/206 1068/1266/1068 1219/1265/1219
f 491/118/491 1220/1261/1220 438/1264/438 30/119/30
f 203/1163/203 1069/1268/1069 1220/1261/1220 491/118/491
f 1069/1268/1069 365/1267/365 1067/1262/1067 1220/1261/1220
f 1064/1254/1064 1221/1257/1221 1066/1260/1066 364/1255/364
f 202/1167/202 682/116/682 1221/1257/1221 1064/1254/1064
f 682/116/682 72/115/72 624/1258/624 1221/1257/1221
f 679/1198/679 1222/1253/1222 1065/1256/1065 199/1199/199
f 76/111/76 490/1168/490 1222/1253/1222 679/1198/679
f 490/1168/490 202/1167/202 1064/1254/1064 1222/1253/1222
f 487/106/487 1223/1249/1223 481/1252/481 73/107/73
f 199/1199/199 1065/1256/1065 1223/1249/1223 487/106/487
f 1065/1256/1065 364/1255/364 1063/1250/1063 1223/1249/1223
f 1060/1242/1060 1224/1245/1224 1062/1248/1062 363/1243/363
f 198/1203/198 678/104/678 1224/1245/1224 1060/1242/1060
f 678/104/678 41/103/41 593/1246/593 1224/1245/1224
f 675/1234/675 1225/1241/1225 1061/1244/1061 195/1235/195
f 75/99/75 486/1204/486 1225/1241/1225 675/1234/675
f 486/1204/486 198/1203/198 1060/1242/1060 1225/1241/1225
f 483/94/483 1226/1237/1226 482/1240/482 74/95/74
f 195/1235/195 1061/1244/1061 1226/1237/1226 483/94/483
f 1061/1244/1061 363/1243/363 1059/1238/1059 1226/1237/1226
f 1056/1230/1056 1227/1233/1227 1058/1236/1058 362/1231/362
f 197/1215/197 677/100/677 1227/1233/1227 1056/1230/1056
f 677/100/677 75/99/75 675/1234/675 1227/1233/1227
f 624/1258/624 1228/1229/1228 1057/1232/1057 144/1259/144
f 72/115/72 485/1216/485 1228/1229/1228 624/1258/624
f 485/1216/485 197/1215/197 1056/1230/1056 1228/1229/1228
f 432/86/432 1229/1225/1229 434/1228/434 26/87/26
f 144/1259/144 1057/1232/1057 1229/1225/1229 432/86/432
f 1057/1232/1057 362/1231/362 1055/1226/1055 1229/1225/1229
f 1052/1218/1052 1230/1221/1230 1054/1224/1054 361/1219/361
f 148/511/148 436/334/436 1230/1221/1230 1052/1218/1052
f 436/334/436 28/333/28 676/1222/676 1230/1221/1230
f 672/1174/672 1231/1217/1231 1053/1220/1053 192/1175/192
f 10/49/10 628/512/628 1231/1217/1231 672/1174/672
f 628/512/628 148/511/148 1052/1218/1052 1231/1217/1231
f 480/114/480 1232/1213/1232 485/1216/485 72/115/72
f 192/1175/192 1053/1220/1053 1232/1213/1232 480/114/480
f 1053/1220/1053 361/1219/361 1051/1214/1051 1232/1213/1232
f 1048/1206/1048 1233/1209/1233 1050/1212/1050 360/1207/360
f 100/1477/100 388/16/388 1233/1209/1233 1048/1206/1048
f 388/16/388 2/15/2 641/1210/641 1233/1209/1233
f 676/1222/676 1234/1205/1234 1049/1208/1049 196/1223/196
f 28/333/28 580/1478/580 1234/1205/1234 676/1222/676
f 580/1478/580 100/1477/100 1048/1206/1048 1234/1205/1234
f 484/98/484 1235/1201/1235 486/1204/486 75/99/75
f 196/1223/196 1049/1208/1049 1235/1201/1235 484/98/484
f 1049/1208/1049 360/1207/360 1047/1202/1047 1235/1201/1235
f 1044/1194/1044 1236/1197/1236 1046/1200/1046 359/1195/359
f 201/1179/201 681/112/681 1236/1197/1236 1044/1194/1044
f 681/112/681 76/111/76 679/1198/679 1236/1197/1236
f 435/1521/435 1237/1193/1237 1045/1196/1045 147/1522/147
f 27/1523/27 489/1180/489 1237/1193/1237 435/1521/435
f 489/1180/489 201/1179/201 1044/1194/1044 1237/1193/1237
f 627/1524/627 1238/1189/1238 433/1192/433 9/1525/9
f 147/1522/147 1045/1196/1045 1238/1189/1238 627/1524/627
f 1045/1196/1045 359/1195/359 1043/1190/1043 1238/1189/1238
f 1040/1182/1040 1239/1185/1239 1042/1188/1042 358/1183/358
f 160/833/160 448/228/448 1239/1185/1239 1040/1182/1040
f 448/228/448 40/227/40 680/1186/680 1239/1185/1239
f 387/1526/387 1240/1181/1240 1041/1184/1041 99/1527/99
f 1/1528/1 640/834/640 1240/1181/1240 387/1526/387
f 640/834/640 160/833/160 1040/1182/1040 1240/1181/1240
f 579/1529/579 1241/1177/1241 489/1180/489 27/1523/27
f 99/1527/99 1041/1184/1041 1241/1177/1241 579/1529/579
f 1041/1184/1041 358/1183/358 1039/1178/1039 1241/1177/1241
f 1036/1170/1036 1242/1173/1242 1038/1176/1038 357/1171/357
f 112/1371/112 400/50/400 1242/1173/1242 1036/1170/1036
f 400/50/400 10/49/10 672/1174/672 1242/1173/1242
f 680/1186/680 1243/1169/1243 1037/1172/1037 200/1187/200
f 40/227/40 592/1372/592 1243/1169/1243 680/1186/680
f 592/1372/592 112/1371/112 1036/1170/1036 1243/1169/1243
f 488/110/488 1244/1165/1244 490/1168/490 76/111/76
f 200/1187/200 1037/1172/1037 1244/1165/1244 488/110/488
f 1037/1172/1037 357/1171/357 1035/1166/1035 1244/1165/1244
f 1032/1158/1032 1245/1161/1245 1034/1164/1034 356/1159/356
f 205/1143/205 685/124/685 1245/1161/1245 1032/1158/1032
f 685/124/685 77/123/77 683/1162/683 1245/1161/1245
f 447/1530/447 1246/1157/1246 1033/1160/1033 159/1531/159
f 39/1532/39 493/1144/493 1246/1157/1246 447/1530/447
f 493/1144/493 205/1143/205 1032/1158/1032 1246/1157/1246
f 639/1533/639 1247/1153/1247 390/1156/390 3/1534/3
f 159/1531/159 1033/1160/1033 1247/1153/1247 639/1533/639
f 1033/1160/1033 356/1159/356 1031/1154/1031 1247/1153/1247
f 1028/1146/1028 1248/1149/1248 1030/1152/1030 355/1147/355
f 145/1191/145 625/108/625 1248/1149/1248 1028/1146/1028
f 625/108/625 73/107/73 684/1150/684 1248/1149/1248
f 399/1535/399 1249/1145/1249 1029/1148/1029 111/1536/111
f 9/1525/9 433/1192/433 1249/1145/1249 399/1535/399
f 433/1192/433 145/1191/145 1028/1146/1028 1249/1145/1249
f 591/1537/591 1250/1141/1250 493/1144/493 39/1532/39
f 111/1536/111 1029/1148/1029 1250/1141/1250 591/1537/591
f 1029/1148/1029 355/1147/355 1027/1142/1027 1250/1141/1250
f 1024/1134/1024 1251/1137/1251 1026/1140/1026 354/1135/354
f 193/1251/193 673/88/673 1251/1137/1251 1024/1134/1024
f 673/88/673 26/87/26 671/1138/671 1251/1137/1251
f 684/1150/684 1252/1133/1252 1025/1136/1025 204/1151/204
f 73/107/73 481/1252/481 1252/1133/1252 684/1150/684
f 481/1252/481 193/1251/193 1024/1134/1024 1252/1133/1252
f 492/122/492 1253/1129/1253 494/1132/494 77/123/77
f 204/1151/204 1025/1136/1025 1253/1129/1253 492/122/492
f 1025/1136/1025 354/1135/354 1023/1130/1023 1253/1129/1253
f 1020/1122/1020 1254/1125/1254 1022/1128/1022 353/1123/353
f 209/1107/209 689/136/689 1254/1125/1254 1020/1122/1020
f 689/136/689 78/135/78 687/1126/687 1254/1125/1254
f 620/1294/620 1255/1121/1255 1021/1124/1021 140/1295/140
f 68/151/68 497/1108/497 1255/1121/1255 620/1294/620
f 497/1108/497 209/1107/209 1020/1122/1020 1255/1121/1255
f 428/74/428 1256/1117/1256 430/1120/430 25/75/25
f 140/1295/140 1021/1124/1021 1256/1117/1256 428/74/428
f 1021/1124/1021 353/1123/353 1019/1118/1019 1256/1117/1256
f 1016/1110/1016 1257/1113/1257 1018/1116/1018 352/1111/352
f 114/1538/114 594/1539/594 1257/1113/1257 1016/1110/1016
f 594/1539/594 42/1540/42 688/1114/688 1257/1113/1257
f 668/1066/668 1258/1109/1258 1017/1112/1017 188/1067/188
f 12/1541/12 402/1542/402 1258/1109/1258 668/1066/668
f 402/1542/402 114/1538/114 1016/1110/1016 1258/1109/1258
f 476/150/476 1259/1105/1259 497/1108/497 68/151/68
f 188/1067/188 1017/1112/1017 1259/1105/1259 476/150/476
f 1017/1112/1017 352/1111/352 1015/1106/1015 1259/1105/1259
f 1012/1098/1012 1260/1101/1260 1014/1104/1014 351/1099/351
f 162/1543/162 642/1544/642 1260/1101/1260 1012/1098/1012
f 642/1544/642 4/1545/4 644/1102/644 1260/1101/1260
f 688/1114/688 1261/1097/1261 1013/1100/1013 208/1115/208
f 42/1540/42 450/1546/450 1261/1097/1261 688/1114/688
f 450/1546/450 162/1543/162 1012/1098/1012 1261/1097/1261
f 496/134/496 1262/1093/1262 498/1096/498 78/135/78
f 208/1115/208 1013/1100/1013 1262/1093/1262 496/134/496
f 1013/1100/1013 351/1099/351 1011/1094/1011 1262/1093/1262
f 1008/1086/1008 1263/1089/1263 1010/1092/1010 350/1087/350
f 213/1071/213 693/148/693 1263/1089/1263 1008/1086/1008
f 693/148/693 79/147/79 691/1090/691 1263/1089/1263
f 439/1547/439 1264/1085/1264 1009/1088/1009 151/1548/151
f 31/1549/31 501/1072/501 1264/1085/1264 439/1547/439
f 501/1072/501 213/1071/213 1008/1086/1008 1264/1085/1264
f 631/1550/631 1265/1081/1265 429/1084/429 13/1551/13
f 151/1548/151 1009/1088/1009 1265/1081/1265 631/1550/631
f 1009/1088/1009 350/1087/350 1007/1082/1007 1265/1081/1265
f 1004/1074/1004 1266/1077/1266 1006/1080/1006 349/1075/349
f 102/1552/102 582/1553/582 1266/1077/1266 1004/1074/1004
f 582/1553/582 30/1554/30 692/1078/692 1266/1077/1266
f 391/1555/391 1267/1073/1267 1005/1076/1005 103/1556/103
f 3/1557/3 390/1558/390 1267/1073/1267 391/1555/391
f 390/1558/390 102/1552/102 1004/1074/1004 1267/1073/1267
f 583/1559/583 1268/1069/1268 501/1072/501 31/1549/31
f 103/1556/103 1005/1076/1005 1268/1069/1268 583/1559/583
f 1005/1076/1005 349/1075/349 1003/1070/1003 1268/1069/1268
f 1000/1062/1000 1269/1065/1269 1002/1068/1002 348/1063/348
f 150/1560/150 630/1561/630 1269/1065/1269 1000/1062/1000
f 630/1561/630 12/1541/12 668/1066/668 1269/1065/1269
f 692/1078/692 1270/1061/1270 1001/1064/1001 212/1079/212
f 30/1554/30 438/1562/438 1270/1061/1270 692/1078/692
f 438/1562/438 150/1560/150 1000/1062/1000 1270/1061/1270
f 500/146/500 1271/1057/1271 502/1060/502 79/147/79
f 212/1079/212 1001/1064/1001 1271/1057/1271 500/146/500
f 1001/1064/1001 348/1063/348 999/1058/999 1271/1057/1271
f 996/1050/996 1272/1053/1272 998/1056/998 347/1051/347
f 217/1035/217 697/160/697 1272/1053/1272 996/1050/996
f 697/160/697 80/159/80 695/1054/695 1272/1053/1272
f 451/1563/451 1273/1049/1273 997/1052/997 163/1564/163
f 43/1565/43 505/1036/505 1273/1049/1273 451/1563/451
f 505/1036/505 217/1035/217 996/1050/996 1273/1049/1273
f 643/1566/643 1274/1045/1274 393/1048/393 7/1567/7
f 163/1564/163 997/1052/997 1274/1045/1274 643/1566/643
f 997/1052/997 347/1051/347 995/1046/995 1274/1045/1274
f 992/1038/992 1275/1041/1275 994/1044/994 346/1039/346
f 141/1083/141 621/144/621 1275/1041/1275 992/1038/992
f 621/144/621 69/143/69 696/1042/696 1275/1041/1275
f 403/1568/403 1276/1037/1276 993/1040/993 115/1569/115
f 13/1551/13 429/1084/429 1276/1037/1276 403/1568/403
f 429/1084/429 141/1083/141 992/1038/992 1276/1037/1276
f 595/1570/595 1277/1033/1277 505/1036/505 43/1565/43
f 115/1569/115 993/1040/993 1277/1033/1277 595/1570/595
f 993/1040/993 346/1039/346 991/1034/991 1277/1033/1277
f 988/1026/988 1278/1029/1278 990/1032/990 345/1027/345
f 189/1287/189 669/76/669 1278/1029/1278 988/1026/988
f 669/76/669 25/75/25 667/1030/667 1278/1029/1278
f 696/1042/696 1279/1025/1279 989/1028/989 216/1043/216
f 69/143/69 477/1288/477 1279/1025/1279 696/1042/696
f 477/1288/477 189/1287/189 988/1026/988 1279/1025/1279
f 504/158/504 1280/1021/1280 506/1024/506 80/159/80
f 216/1043/216 989/1028/989 1280/1021/1280 504/158/504
f 989/1028/989 345/1027/345 987/1022/987 1280/1021/1280
f 984/1014/984 1281/1017/1281 986/1020/986 344/1015/344
f 221/999/221 701/172/701 1281/1017/1281 984/1014/984
f 701/172/701 81/171/81 699/1018/699 1281/1017/1281
f 616/1330/616 1282/1013/1282 985/1016/985 136/1331/136
f 64/187/64 509/1000/509 1282/1013/1282 616/1330/616
f 509/1000/509 221/999/221 984/1014/984 1282/1013/1282
f 424/62/424 1283/1009/1283 426/1012/426 24/63/24
f 136/1331/136 985/1016/985 1283/1009/1283 424/62/424
f 985/1016/985 344/1015/344 983/1010/983 1283/1009/1283
f 980/1002/980 1284/1005/1284 982/1008/982 343/1003/343
f 117/1571/117 597/1572/597 1284/1005/1284 980/1002/980
f 597/1572/597 45/1573/45 700/1006/700 1284/1005/1284
f 664/958/664 1285/1001/1285 981/1004/981 184/959/184
f 15/1574/15 405/1575/405 1285/1001/1285 664/958/664
f 405/1575/405 117/1571/117 980/1002/980 1285/1001/1285
f 472/186/472 1286/997/1286 509/1000/509 64/187/64
f 184/959/184 981/1004/981 1286/997/1286 472/186/472
f 981/1004/981 343/1003/343 979/998/979 1286/997/1286
f 976/990/976 1287/993/1287 978/996/978 342/991/342
f 165/1576/165 645/1577/645 1287/993/1287 976/990/976
f 645/1577/645 8/1578/8 647/994/647 1287/993/1287
f 700/1006/700 1288/989/1288 977/992/977 220/1007/220
f 45/1573/45 453/1579/453 1288/989/1288 700/1006/700
f 453/1579/453 165/1576/165 976/990/976 1288/989/1288
f 508/170/508 1289/985/1289 510/988/510 81/171/81
f 220/1007/220 977/992/977 1289/985/1289 508/170/508
f 977/992/977 342/991/342 975/986/975 1289/985/1289
f 972/978/972 1290/981/1290 974/984/974 341/979/341
f 225/963/225 705/184/705 1290/981/1290 972/978/972
f 705/184/705 82/183/82 703/982/703 1290/981/1290
f 442/1580/442 1291/977/1291 973/980/973 154/1581/154
f 34/1582/34 513/964/513 1291/977/1291 442/1580/442
f 513/964/513 225/963/225 972/978/972 1291/977/1291
f 634/1583/634 1292/973/1292 425/976/425 16/1584/16
f 154/1581/154 973/980/973 1292/973/1292 634/1583/634
f 973/980/973 341/979/341 971/974/971 1292/973/1292
f 968/966/968 1293/969/1293 970/972/970 340/967/340
f 105/1585/105 585/1586/585 1293/969/1293 968/966/968
f 585/1586/585 33/1587/33 704/970/704 1293/969/1293
f 394/1588/394 1294/965/1294 969/968/969 106/1589/106
f 7/1590/7 393/1591/393 1294/965/1294 394/1588/394
f 393/1591/393 105/1585/105 968/966/968 1294/965/1294
f 586/1592/586 1295/961/1295 513/964/513 34/1582/34
f 106/1589/106 969/968/969 1295/961/1295 586/1592/586
f 969/968/969 340/967/340 967/962/967 1295/961/1295
f 964/954/964 1296/957/1296 966/960/966 339/955/339
f 153/1593/153 633/1594/633 1296/957/1296 964/954/964
f 633/1594/633 15/1574/15 664/958/664 1296/957/1296
f 704/970/704 1297/953/1297 965/956/965 224/971/224
f 33/1587/33 441/1595/441 1297/953/1297 704/970/704
f 441/1595/441 153/1593/153 964/954/964 1297/953/1297
f 512/182/512 1298/949/1298 514/952/514 82/183/82
f 224/971/224 965/956/965 1298/949/1298 512/182/512
f 965/956/965 339/955/339 963/950/963 1298/949/1298
f 960/942/960 1299/945/1299 962/948/962 338/943/338
f 229/927/229 709/196/709 1299/945/1299 960/942/960
f 709/196/709 83/195/83 707/946/707 1299/945/1299
f 454/1596/454 1300/941/1300 961/944/961 166/1597/166
f 46/1598/46 517/928/517 1300/941/1300 454/1596/454
f 517/928/517 229/927/229 960/942/960 1300/941/1300
f 646/1599/646 1301/937/1301 396/940/396 5/19/5
f 166/1597/166 961/944/961 1301/937/1301 646/1599/646
f 961/944/961 338/943/338 959/938/959 1301/937/1301
f 956/930/956 1302/933/1302 958/936/958 337/931/337
f 137/975/137 617/180/617 1302/933/1302 956/930/956
f 617/180/617 65/179/65 708/934/708 1302/933/1302
f 406/1600/406 1303/929/1303 957/932/957 118/1601/118
f 16/1584/16 425/976/425 1303/929/1303 406/1600/406
f 425/976/425 137/975/137 956/930/956 1303/929/1303
f 598/1602/598 1304/925/1304 517/928/517 46/1598/46
f 118/1601/118 957/932/957 1304/925/1304 598/1602/598
f 957/932/957 337/931/337 955/926/955 1304/925/1304
f 952/918/952 1305/921/1305 954/924/954 336/919/336
f 185/1323/185 665/64/665 1305/921/1305 952/918/952
f 665/64/665 24/63/24 663/922/663 1305/921/1305
f 708/934/708 1306/917/1306 953/920/953 228/935/228
f 65/179/65 473/1324/473 1306/917/1306 708/934/708
f 473/1324/473 185/1323/185 952/918/952 1306/917/1306
f 516/194/516 1307/913/1307 518/916/518 83/195/83
f 228/935/228 953/920/953 1307/913/1307 516/194/516
f 953/920/953 336/919/336 951/914/951 1307/913/1307
f 948/906/948 1308/909/1308 950/912/950 335/907/335
f 233/891/233 713/208/713 1308/909/1308 948/906/948
f 713/208/713 84/207/84 711/910/711 1308/909/1308
f 612/1366/612 1309/905/1309 949/908/949 132/1367/132
f 60/223/60 521/892/521 1309/905/1309 612/1366/612
f 521/892/521 233/891/233 948/906/948 1309/905/1309
f 420/52/420 1310/901/1310 422/904/422 23/53/23
f 132/1367/132 949/908/949 1310/901/1310 420/52/420
f 949/908/949 335/907/335 947/902/947 1310/901/1310
f 944/894/944 1311/897/1311 946/900/946 334/895/334
f 120/475/120 600/344/600 1311/897/1311 944/894/944
f 600/344/600 48/343/48 712/898/712 1311/897/1311
f 660/852/660 1312/893/1312 945/896/945 180/853/180
f 18/59/18 408/476/408 1312/893/1312 660/852/660
f 408/476/408 120/475/120 944/894/944 1312/893/1312
f 468/222/468 1313/889/1313 521/892/521 60/223/60
f 180/853/180 945/896/945 1313/889/1313 468/222/468
f 945/896/945 334/895/334 943/890/943 1313/889/1313
f 940/884/940 1314/887/1314 942/888/942 333/885/333
f 168/1487/168 648/12/648 1314/887/1314 940/884/940
f 648/12/648 6/11/6 650/618/650 1314/887/1314
f 712/898/712 1315/883/1315 941/886/941 232/899/232
f 48/343/48 456/1488/456 1315/883/1315 712/898/712
f 456/1488/456 168/1487/168 940/884/940 1315/883/1315
f 520/206/520 1316/879/1316 522/882/522 84/207/84
f 232/899/232 941/886/941 1316/879/1316 520/206/520
f 941/886/941 333/885/333 939/880/939 1316/879/1316
f 936/872/936 1317/875/1317 938/878/938 332/873/332
f 237/857/237 717/220/717 1317/875/1317 936/872/936
f 717/220/717 85/219/85 715/876/715 1317/875/1317
f 445/322/445 1318/871/1318 937/874/937 157/547/157
f 37/321/37 525/858/525 1318/871/1318 445/322/445
f 525/858/525 237/857/237 936/872/936 1318/871/1318
f 637/548/637 1319/867/1319 421/870/421 19/37/19
f 157/547/157 937/874/937 1319/867/1319 637/548/637
f 937/874/937 332/873/332 935/868/935 1319/867/1319
f 932/860/932 1320/863/1320 934/866/934 331/861/331
f 108/939/108 588/192/588 1320/863/1320 932/860/932
f 588/192/588 36/191/36 716/864/716 1320/863/1320
f 397/20/397 1321/859/1321 933/862/933 109/1465/109
f 5/19/5 396/940/396 1321/859/1321 397/20/397
f 396/940/396 108/939/108 932/860/932 1321/859/1321
f 589/1466/589 1322/855/1322 525/858/525 37/321/37
f 109/1465/109 933/862/933 1322/855/1322 589/1466/589
f 933/862/933 331/861/331 931/856/931 1322/855/1322
f 928/848/928 1323/851/1323 930/854/930 330/849/330
f 156/1335/156 636/60/636 1323/851/1323 928/848/928
f 636/60/636 18/59/18 660/852/660 1323/851/1323
f 716/864/716 1324/847/1324 929/850/929 236/865/236
f 36/191/36 444/1336/444 1324/847/1324 716/864/716
f 444/1336/444 156/1335/156 928/848/928 1324/847/1324
f 524/218/524 1325/843/1325 526/846/526 85/219/85
f 236/865/236 929/850/929 1325/843/1325 524/218/524
f 929/850/929 330/849/330 927/844/927 1325/843/1325
f 924/836/924 1326/839/1326 926/842/926 329/837/329
f 241/821/241 721/232/721 1326/839/1326 924/836/924
f 721/232/721 86/231/86 719/840/719 1326/839/1326
f 457/264/457 1327/835/1327 925/838/925 169/725/169
f 49/263/49 529/822/529 1327/835/1327 457/264/457
f 529/822/529 241/821/241 924/836/924 1327/835/1327
f 649/726/649 1328/831/1328 640/834/640 1/1528/1
f 169/725/169 925/838/925 1328/831/1328 649/726/649
f 925/838/925 329/837/329 923/832/923 1328/831/1328
f 920/824/920 1329/827/1329 922/830/922 328/825/328
f 133/869/133 613/216/613 1329/827/1329 920/824/920
f 613/216/613 61/215/61 720/828/720 1329/827/1329
f 409/38/409 1330/823/1330 921/826/921 121/1407/121
f 19/37/19 421/870/421 1330/823/1330 409/38/409
f 421/870/421 133/869/133 920/824/920 1330/823/1330
f 601/1408/601 1331/819/1331 529/822/529 49/263/49
f 121/1407/121 921/826/921 1331/819/1331 601/1408/601
f 921/826/921 328/825/328 919/820/919 1331/819/1331
f 916/812/916 1332/815/1332 918/818/918 327/813/327
f 181/1359/181 661/54/661 1332/815/1332 916/812/916
f 661/54/661 23/53/23 659/816/659 1332/815/1332
f 720/828/720 1333/811/1333 917/814/917 240/829/240
f 61/215/61 469/1360/469 1333/811/1333 720/828/720
f 469/1360/469 181/1359/181 916/812/916 1333/811/1333
f 528/230/528 1334/807/1334 530/810/530 86/231/86
f 240/829/240 917/814/917 1334/807/1334 528/230/528
f 917/814/917 327/813/327 915/808/915 1334/807/1334
f 912/800/912 1335/803/1335 914/806/914 326/801/326
f 245/785/245 725/244/725 1335/803/1335 912/800/912
f 725/244/725 87/243/87 723/804/723 1335/803/1335
f 608/1402/608 1336/799/1336 913/802/913 128/1403/128
f 56/259/56 533/786/533 1336/799/1336 608/1402/608
f 533/786/533 245/785/245 912/800/912 1336/799/1336
f 416/40/416 1337/795/1337 418/798/418 22/41/22
f 128/1403/128 913/802/913 1337/795/1337 416/40/416
f 913/802/913 326/801/326 911/796/911 1337/795/1337
f 908/788/908 1338/791/1338 910/794/910 325/789/325
f 115/1603/115 595/1604/595 1338/791/1338 908/788/908
f 595/1604/595 43/1605/43 724/792/724 1338/791/1338
f 656/744/656 1339/787/1339 909/790/909 176/745/176
f 13/1606/13 403/1607/403 1339/787/1339 656/744/656
f 403/1607/403 115/1603/115 908/788/908 1339/787/1339
f 464/258/464 1340/783/1340 533/786/533 56/259/56
f 176/745/176 909/790/909 1340/783/1340 464/258/464
f 909/790/909 325/789/325 907/784/907 1340/783/1340
f 904/776/904 1341/779/1341 906/782/906 324/777/324
f 163/1608/163 643/1609/643 1341/779/1341 904/776/904
f 643/1609/643 7/1610/7 394/780/394 1341/779/1341
f 724/792/724 1342/775/1342 905/778/905 244/793/244
f 43/1605/43 451/1611/451 1342/775/1342 724/792/724
f 451/1611/451 163/1608/163 904/776/904 1342/775/1342
f 532/242/532 1343/771/1343 534/774/534 87/243/87
f 244/793/244 905/778/905 1343/771/1343 532/242/532
f 905/778/905 324/777/324 903/772/903 1343/771/1343
f 900/764/900 1344/767/1344 902/770/902 323/765/323
f 249/749/249 729/256/729 1344/767/1344 900/764/900
f 729/256/729 88/255/88 727/768/727 1344/767/1344
f 591/1612/591 1345/763/1345 901/766/901 111/1613/111
f 39/1614/39 537/750/537 1345/763/1345 591/1612/591
f 537/750/537 249/749/249 900/764/900 1345/763/1345
f 399/1615/399 1346/759/1346 417/762/417 9/1616/9
f 111/1613/111 901/766/901 1346/759/1346 399/1615/399
f 901/766/901 323/765/323 899/760/899 1346/759/1346
f 896/752/896 1347/755/1347 898/758/898 322/753/322
f 103/1617/103 583/1618/583 1347/755/1347 896/752/896
f 583/1618/583 31/1619/31 728/756/728 1347/755/1347
f 639/1620/639 1348/751/1348 897/754/897 159/1621/159
f 3/1622/3 391/1623/391 1348/751/1348 639/1620/639
f 391/1623/391 103/1617/103 896/752/896 1348/751/1348
f 447/1624/447 1349/747/1349 537/750/537 39/1614/39
f 159/1621/159 897/754/897 1349/747/1349 447/1624/447
f 897/754/897 322/753/322 895/748/895 1349/747/1349
f 892/740/892 1350/743/1350 894/746/894 321/741/321
f 151/1625/151 631/1626/631 1350/743/1350 892/740/892
f 631/1626/631 13/1606/13 656/744/656 1350/743/1350
f 728/756/728 1351/739/1351 893/742/893 248/757/248
f 31/1619/31 439/1627/439 1351/739/1351 728/756/728
f 439/1627/439 151/1625/151 892/740/892 1351/739/1351
f 536/254/536 1352/735/1352 538/738/538 88/255/88
f 248/757/248 893/742/893 1352/735/1352 536/254/536
f 893/742/893 321/741/321 891/736/891 1352/735/1352
f 888/728/888 1353/731/1353 890/734/890 320/729/320
f 253/713/253 733/268/733 1353/731/1353 888/728/888
f 733/268/733 89/267/89 731/732/731 1353/731/1353
f 579/1628/579 1354/727/1354 889/730/889 99/1629/99
f 27/1630/27 541/714/541 1354/727/1354 579/1628/579
f 541/714/541 253/713/253 888/728/888 1354/727/1354
f 387/1631/387 1355/723/1355 649/726/649 1/1528/1
f 99/1629/99 889/730/889 1355/723/1355 387/1631/387
f 889/730/889 320/729/320 887/724/887 1355/723/1355
f 884/716/884 1356/719/1356 886/722/886 319/717/319
f 129/761/129 609/252/609 1356/719/1356 884/716/884
f 609/252/609 57/251/57 732/720/732 1356/719/1356
f 627/1632/627 1357/715/1357 885/718/885 147/1633/147
f 9/1616/9 417/762/417 1357/715/1357 627/1632/627
f 417/762/417 129/761/129 884/716/884 1357/715/1357
f 435/1634/435 1358/711/1358 541/714/541 27/1630/27
f 147/1633/147 885/718/885 1358/711/1358 435/1634/435
f 885/718/885 319/717/319 883/712/883 1358/711/1358
f 880/704/880 1359/707/1359 882/710/882 318/705/318
f 177/1395/177 657/42/657 1359/707/1359 880/704/880
f 657/42/657 22/41/22 655/708/655 1359/707/1359
f 732/720/732 1360/703/1360 881/706/881 252/721/252
f 57/251/57 465/1396/465 1360/703/1360 732/720/732
f 465/1396/465 177/1395/177 880/704/880 1360/703/1360
f 540/266/540 1361/699/1361 542/702/542 89/267/89
f 252/721/252 881/706/881 1361/699/1361 540/266/540
f 881/706/881 318/705/318 879/700/879 1361/699/1361
f 876/692/876 1362/695/1362 878/698/878 317/693/317
f 257/677/257 737/280/737 1362/695/1362 876/692/876
f 737/280/737 90/279/90 735/696/735 1362/695/1362
f 604/1438/604 1363/691/1363 877/694/877 124/1439/124
f 52/295/52 545/678/545 1363/691/1363 604/1438/604
f 545/678/545 257/677/257 876/692/876 1363/691/1363
f 412/28/412 1364/687/1364 414/690/414 21/29/21
f 124/1439/124 877/694/877 1364/687/1364 412/28/412
f 877/694/877 317/693/317 875/688/875 1364/687/1364
f 872/680/872 1365/683/1365 874/686/874 316/681/316
f 116/1283/116 596/1282/596 1365/683/1365 872/680/872
f 596/1282/596 44/139/44 736/684/736 1365/683/1365
f 652/636/652 1366/679/1366 873/682/873 172/637/172
f 14/79/14 404/78/404 1366/679/1366 652/636/652
f 404/78/404 116/1283/116 872/680/872 1366/679/1366
f 460/294/460 1367/675/1367 545/678/545 52/295/52
f 172/637/172 873/682/873 1367/675/1367 460/294/460
f 873/682/873 316/681/316 871/676/871 1367/675/1367
f 868/668/868 1368/671/1368 870/674/870 315/669/315
f 164/1103/164 644/1102/644 1368/671/1368 868/668/868
f 644/1102/644 4/1545/4 389/672/389 1368/671/1368
f 736/684/736 1369/667/1369 869/670/869 256/685/256
f 44/139/44 452/138/452 1369/667/1369 736/684/736
f 452/138/452 164/1103/164 868/668/868 1369/667/1369
f 544/278/544 1370/663/1370 546/666/546 90/279/90
f 256/685/256 869/670/869 1370/663/1370 544/278/544
f 869/670/869 315/669/315 867/664/867 1370/663/1370
f 864/656/864 1371/659/1371 866/662/866 314/657/314
f 261/641/261 741/292/741 1371/659/1371 864/656/864
f 741/292/741 91/291/91 739/660/739 1371/659/1371
f 599/1635/599 1372/655/1372 865/658/865 119/1636/119
f 47/1637/47 549/642/549 1372/655/1372 599/1635/599
f 549/642/549 261/641/261 864/656/864 1372/655/1372
f 407/1638/407 1373/651/1373 413/654/413 17/1639/17
f 119/1636/119 865/658/865 1373/651/1373 407/1638/407
f 865/658/865 314/657/314 863/652/863 1373/651/1373
f 860/644/860 1374/647/1374 862/650/862 313/645/313
f 104/1507/104 584/1506/584 1374/647/1374 860/644/860
f 584/1506/584 32/363/32 740/648/740 1374/647/1374
f 647/1640/647 1375/643/1375 861/646/861 167/1641/167
f 8/7/8 392/6/392 1375/643/1375 647/1640/647
f 392/6/392 104/1507/104 860/644/860 1375/643/1375
f 455/1642/455 1376/639/1376 549/642/549 47/1637/47
f 167/1641/167 861/646/861 1376/639/1376 455/1642/455
f 861/646/861 313/645/313 859/640/859 1376/639/1376
f 856/632/856 1377/635/1377 858/638/858 312/633/312
f 152/423/152 632/422/632 1377/635/1377 856/632/856
f 632/422/632 14/79/14 652/636/652 1377/635/1377
f 740/648/740 1378/631/1378 857/634/857 260/649/260
f 32/363/32 440/362/440 1378/631/1378 740/648/740
f 440/362/440 152/423/152 856/632/856 1378/631/1378
f 548/290/548 1379/627/1379 550/630/550 91/291/91
f 260/649/260 857/634/857 1379/627/1379 548/290/548
f 857/634/857 312/633/312 855/628/855 1379/627/1379
f 852/620/852 1380/623/1380 854/626/854 311/621/311
f 265/605/265 745/302/745 1380/623/1380 852/620/852
f 745/302/745 92/301/92 743/624/743 1380/623/1380
f 587/1643/587 1381/619/1381 853/622/853 107/1644/107
f 35/1645/35 553/606/553 1381/619/1381 587/1643/587
f 553/606/553 265/605/265 852/620/852 1381/619/1381
f 395/1646/395 1382/615/1382 650/618/650 6/11/6
f 107/1644/107 853/622/853 1382/615/1382 395/1646/395
f 853/622/853 311/621/311 851/616/851 1382/615/1382
f 848/608/848 1383/611/1383 850/614/850 310/609/310
f 125/653/125 605/288/605 1383/611/1383 848/608/848
f 605/288/605 53/287/53 744/612/744 1383/611/1383
f 635/1647/635 1384/607/1384 849/610/849 155/1648/155
f 17/1639/17 413/654/413 1384/607/1384 635/1647/635
f 413/654/413 125/653/125 848/608/848 1384/607/1384
f 443/1649/443 1385/603/1385 553/606/553 35/1645/35
f 155/1648/155 849/610/849 1385/603/1385 443/1649/443
f 849/610/849 310/609/310 847/604/847 1385/603/1385
f 844/596/844 1386/599/1386 846/602/846 309/597/309
f 173/1431/173 653/30/653 1386/599/1386 844/596/844
f 653/30/653 21/29/21 651/600/651 1386/599/1386
f 744/612/744 1387/595/1387 845/598/845 264/613/264
f 53/287/53 461/1432/461 1387/595/1387 744/612/744
f 461/1432/461 173/1431/173 844/596/844 1387/595/1387
f 552/300/552 1388/591/1388 554/594/554 92/301/92
f 264/613/264 845/598/845 1388/591/1388 552/300/552
f 845/598/845 309/597/309 843/592/843 1388/591/1388
f 840/584/840 1389/587/1389 842/590/842 308/585/308
f 269/571/269 749/314/749 1389/587/1389 840/584/840
f 749/314/749 93/313/93 747/588/747 1389/587/1389
f 603/1448/603 1390/583/1390 841/586/841 123/1449/123
f 51/305/51 557/572/557 1390/583/1390 603/1448/603
f 557/572/557 269/571/269 840/584/840 1390/583/1390
f 411/24/411 1391/581/1391 638/494/638 20/25/20
f 123/1449/123 841/586/841 1391/581/1391 411/24/411
f 841/586/841 308/585/308 839/582/839 1391/581/1391
f 836/574/836 1392/577/1392 838/580/838 307/575/307
f 126/689/126 606/276/606 1392/577/1392 836/574/836
f 606/276/606 54/275/54 748/578/748 1392/577/1392
f 651/600/651 1393/573/1393 837/576/837 171/601/171
f 21/29/21 414/690/414 1393/573/1393 651/600/651
f 414/690/414 126/689/126 836/574/836 1393/573/1393
f 459/304/459 1394/569/1394 557/572/557 51/305/51
f 171/601/171 837/576/837 1394/569/1394 459/304/459
f 837/576/837 307/575/307 835/570/835 1394/569/1394
f 832/562/832 1395/565/1395 834/568/834 306/563/306
f 174/1419/174 654/34/654 1395/565/1395 832/562/832
f 654/34/654 11/33/11 401/566/401 1395/565/1395
f 748/578/748 1396/561/1396 833/564/833 268/579/268
f 54/275/54 462/1420/462 1396/561/1396 748/578/748
f 462/1420/462 174/1419/174 832/562/832 1396/561/1396
f 556/312/556 1397/557/1397 558/560/558 93/313/93
f 268/579/268 833/564/833 1397/557/1397 556/312/556
f 833/564/833 306/563/306 831/558/831 1397/557/1397
f 828/550/828 1398/553/1398 830/556/830 305/551/305
f 273/535/273 753/326/753 1398/553/1398 828/550/828
f 753/326/753 94/325/94 751/554/751 1398/553/1398
f 607/1414/607 1399/549/1399 829/552/829 127/1415/127
f 55/271/55 561/536/561 1399/549/1399 607/1414/607
f 561/536/561 273/535/273 828/550/828 1399/549/1399
f 415/36/415 1400/545/1400 637/548/637 19/37/19
f 127/1415/127 829/552/829 1400/545/1400 415/36/415
f 829/552/829 305/551/305 827/546/827 1400/545/1400
f 824/538/824 1401/541/1401 826/544/826 304/539/304
f 130/797/130 610/240/610 1401/541/1401 824/538/824
f 610/240/610 58/239/58 752/542/752 1401/541/1401
f 655/708/655 1402/537/1402 825/540/825 175/709/175
f 22/41/22 418/798/418 1402/537/1402 655/708/655
f 418/798/418 130/797/130 824/538/824 1402/537/1402
f 463/270/463 1403/533/1403 561/536/561 55/271/55
f 175/709/175 825/540/825 1403/533/1403 463/270/463
f 825/540/825 304/539/304 823/534/823 1403/533/1403
f 820/526/820 1404/529/1404 822/532/822 303/527/303
f 178/1383/178 658/46/658 1404/529/1404 820/526/820
f 658/46/658 16/45/16 406/530/406 1404/529/1404
f 752/542/752 1405/525/1405 821/528/821 272/543/272
f 58/239/58 466/1384/466 1405/525/1405 752/542/752
f 466/1384/466 178/1383/178 820/526/820 1405/525/1405
f 560/324/560 1406/521/1406 562/524/562 94/325/94
f 272/543/272 821/528/821 1406/521/1406 560/324/560
f 821/528/821 303/527/303 819/522/819 1406/521/1406
f 816/514/816 1407/517/1407 818/520/818 302/515/302
f 277/499/277 757/338/757 1407/517/1407 816/514/816
f 757/338/757 95/337/95 755/518/755 1407/517/1407
f 611/1378/611 1408/513/1408 817/516/817 131/1379/131
f 59/235/59 565/500/565 1408/513/1408 611/1378/611
f 565/500/565 277/499/277 816/514/816 1408/513/1408
f 419/48/419 1409/509/1409 628/512/628 10/49/10
f 131/1379/131 817/516/817 1409/509/1409 419/48/419
f 817/516/817 302/515/302 815/510/815 1409/509/1409
f 812/502/812 1410/505/1410 814/508/814 301/503/301
f 134/903/134 614/204/614 1410/505/1410 812/502/812
f 614/204/614 62/203/62 756/506/756 1410/505/1410
f 659/816/659 1411/501/1411 813/504/813 179/817/179
f 23/53/23 422/904/422 1411/501/1411 659/816/659
f 422/904/422 134/903/134 812/502/812 1411/501/1411
f 467/234/467 1412/497/1412 565/500/565 59/235/59
f 179/817/179 813/504/813 1412/497/1412 467/234/467
f 813/504/813 301/503/301 811/498/811 1412/497/1412
f 808/490/808 1413/493/1413 810/496/810 300/491/300
f 182/1347/182 662/56/662 1413/493/1413 808/490/808
f 662/56/662 20/25/20 638/494/638 1413/493/1413
f 756/506/756 1414/489/1414 809/492/809 276/507/276
f 62/203/62 470/1348/470 1414/489/1414 756/506/756
f 470/1348/470 182/1347/182 808/490/808 1414/489/1414
f 564/336/564 1415/485/1415 566/488/566 95/337/95
f 276/507/276 809/492/809 1415/485/1415 564/336/564
f 809/492/809 300/491/300 807/486/807 1415/485/1415
f 804/478/804 1416/481/1416 806/484/806 299/479/299
f 281/463/281 761/348/761 1416/481/1416 804/478/804
f 761/348/761 96/347/96 759/482/759 1416/481/1416
f 615/1342/615 1417/477/1417 805/480/805 135/1343/135
f 63/199/63 569/464/569 1417/477/1417 615/1342/615
f 569/464/569 281/463/281 804/478/804 1417/477/1417
f 423/58/423 1418/473/1418 408/476/408 18/59/18
f 135/1343/135 805/480/805 1418/473/1418 423/58/423
f 805/480/805 299/479/299 803/474/803 1418/473/1418
f 800/466/800 1419/469/1419 802/472/802 298/467/298
f 138/1011/138 618/168/618 1419/469/1419 800/466/800
f 618/168/618 66/167/66 760/470/760 1419/469/1419
f 663/922/663 1420/465/1420 801/468/801 183/923/183
f 24/63/24 426/1012/426 1420/465/1420 663/922/663
f 426/1012/426 138/1011/138 800/466/800 1420/465/1420
f 471/198/471 1421/461/1421 569/464/569 63/199/63
f 183/923/183 801/468/801 1421/461/1421 471/198/471
f 801/468/801 298/467/298 799/462/799 1421/461/1421
f 796/454/796 1422/457/1422 798/460/798 297/455/297
f 186/1311/186 666/68/666 1422/457/1422 796/454/796
f 666/68/666 17/67/17 635/458/635 1422/457/1422
f 760/470/760 1423/453/1423 797/456/797 280/471/280
f 66/167/66 474/1312/474 1423/453/1423 760/470/760
f 474/1312/474 186/1311/186 796/454/796 1423/453/1423
f 568/346/568 1424/449/1424 570/452/570 96/347/96
f 280/471/280 797/456/797 1424/449/1424 568/346/568
f 797/456/797 297/455/297 795/450/795 1424/449/1424
f 792/442/792 1425/445/1425 794/448/794 296/443/296
f 285/427/285 765/360/765 1425/445/1425 792/442/792
f 765/360/765 97/359/97 763/446/763 1425/445/1425
f 619/1306/619 1426/441/1426 793/444/793 139/1307/139
f 67/163/67 573/428/573 1426/441/1426 619/1306/619
f 573/428/573 285/427/285 792/442/792 1426/441/1426
f 427/70/427 1427/437/1427 405/440/405 15/71/15
f 139/1307/139 793/444/793 1427/437/1427 427/70/427
f 793/444/793 296/443/296 791/438/791 1427/437/1427
f 788/430/788 1428/433/1428 790/436/790 295/431/295
f 142/1119/142 622/132/622 1428/433/1428 788/430/788
f 622/132/622 70/131/70 764/434/764 1428/433/1428
f 667/1030/667 1429/429/1429 789/432/789 187/1031/187
f 25/75/25 430/1120/430 1429/429/1429 667/1030/667
f 430/1120/430 142/1119/142 788/430/788 1429/429/1429
f 475/162/475 1430/425/1430 573/428/573 67/163/67
f 187/1031/187 789/432/789 1430/425/1430 475/162/475
f 789/432/789 295/431/295 787/426/787 1430/425/1430
f 784/418/784 1431/421/1431 786/424/786 294/419/294
f 190/1275/190 670/80/670 1431/421/1431 784/418/784
f 670/80/670 14/79/14 632/422/632 1431/421/1431
f 764/434/764 1432/417/1432 785/420/785 284/435/284
f 70/131/70 478/1276/478 1432/417/1432 764/434/764
f 478/1276/478 190/1275/190 784/418/784 1432/417/1432
f 572/358/572 1433/413/1433 574/416/574 97/359/97
f 284/435/284 785/420/785 1433/413/1433 572/358/572
f 785/420/785 294/419/294 783/414/783 1433/413/1433
f 780/406/780 1434/409/1434 782/412/782 293/407/293
f 289/391/289 769/372/769 1434/409/1434 780/406/780
f 769/372/769 98/371/98 767/410/767 1434/409/1434
f 623/1270/623 1435/405/1435 781/408/781 143/1271/143
f 71/127/71 577/392/577 1435/405/1435 623/1270/623
f 577/392/577 289/391/289 780/406/780 1435/405/1435
f 431/82/431 1436/401/1436 402/404/402 12/83/12
f 143/1271/143 781/408/781 1436/401/1436 431/82/431
f 781/408/781 293/407/293 779/402/779 1436/401/1436
f 776/394/776 1437/397/1437 778/400/778 292/395/292
f 146/1227/146 626/96/626 1437/397/1437 776/394/776
f 626/96/626 74/95/74 768/398/768 1437/397/1437
f 671/1138/671 1438/393/1438 777/396/777 191/1139/191
f 26/87/26 434/1228/434 1438/393/1438 671/1138/671
f 434/1228/434 146/1227/146 776/394/776 1438/393/1438
f 479/126/479 1439/389/1439 577/392/577 71/127/71
f 191/1139/191 777/396/777 1439/389/1439 479/126/479
f 777/396/777 292/395/292 775/390/775 1439/389/1439
f 772/382/772 1440/385/1440 774/388/774 291/383/291
f 194/1239/194 674/92/674 1440/385/1440 772/382/772
f 674/92/674 11/91/11 629/386/629 1440/385/1440
f 768/398/768 1441/381/1441 773/384/773 288/399/288
f 74/95/74 482/1240/482 1441/381/1441 768/398/768
f 482/1240/482 194/1239/194 772/382/772 1441/381/1441
f 576/370/576 1442/377/1442 578/380/578 98/371/98
f 288/399/288 773/384/773 1442/377/1442 576/370/576
f 773/384/773 291/383/291 771/378/771 1442/377/1442
f 771/378/771 1443/373/1443 770/376/770 290/379/290
f 291/383/291 774/388/774 1443/373/1443 771/378/771
f 774/388/774 149/387/149 437/374/437 1443/373/1443
f 775/390/775 1444/369/1444 769/372/769 289/391/289
f 292/395/292 778/400/778 1444/369/1444 775/390/775
f 778/400/778 288/399/288 576/370/576 1444/369/1444
f 779/402/779 1445/365/1445 594/368/594 114/403/114
f 293/407/293 782/412/782 1445/365/1445 779/402/779
f 782/412/782 287/411/287 575/366/575 1445/365/1445
f 783/414/783 1446/361/1446 766/364/766 286/415/286
f 294/419/294 786/424/786 1446/361/1446 783/414/783
f 786/424/786 152/423/152 440/362/440 1446/361/1446
f 787/426/787 1447/357/1447 765/360/765 285/427/285
f 295/431/295 790/436/790 1447/357/1447 787/426/787
f 790/436/790 284/435/284 572/358/572 1447/357/1447
f 791/438/791 1448/353/1448 597/356/597 117/439/117
f 296/443/296 794/448/794 1448/353/1448 791/438/791
f 794/448/794 283/447/283 571/354/571 1448/353/1448
f 795/450/795 1449/349/1449 762/352/762 282/451/282
f 297/455/297 798/460/798 1449/349/1449 795/450/795
f 798/460/798 155/459/155 443/350/443 1449/349/1449
f 799/462/799 1450/345/1450 761/348/761 281/463/281
f 298/467/298 802/472/802 1450/345/1450 799/462/799
f 802/472/802 280/471/280 568/346/568 1450/345/1450
f 803/474/803 1451/341/1451 600/344/600 120/475/120
f 299/479/299 806/484/806 1451/341/1451 803/474/803
f 806/484/806 279/483/279 567/342/567 1451/341/1451
f 807/486/807 1452/339/1452 758/340/758 278/487/278
f 300/491/300 810/496/810 1452/339/1452 807/486/807
f 810/496/810 158/495/158 446/310/446 1452/339/1452
f 811/498/811 1453/335/1453 757/338/757 277/499/277
f 301/503/301 814/508/814 1453/335/1453 811/498/811
f 814/508/814 276/507/276 564/336/564 1453/335/1453
f 815/510/815 1454/331/1454 436/334/436 148/511/148
f 302/515/302 818/520/818 1454/331/1454 815/510/815
f 818/520/818 275/519/275 563/332/563 1454/331/1454
f 819/522/819 1455/327/1455 754/330/754 274/523/274
f 303/527/303 822/532/822 1455/327/1455 819/522/819
f 822/532/822 118/531/118 598/328/598 1455/327/1455
f 823/534/823 1456/323/1456 753/326/753 273/535/273
f 304/539/304 826/544/826 1456/323/1456 823/534/823
f 826/544/826 272/543/272 560/324/560 1456/323/1456
f 827/546/827 1457/319/1457 445/322/445 157/547/157
f 305/551/305 830/556/830 1457/319/1457 827/546/827
f 830/556/830 271/555/271 559/320/559 1457/319/1457
f 831/558/831 1458/315/1458 750/318/750 270/559/270
f 306/563/306 834/568/834 1458/315/1458 831/558/831
f 834/568/834 113/567/113 593/316/593 1458/315/1458
f 835/570/835 1459/311/1459 749/314/749 269/571/269
f 307/575/307 838/580/838 1459/311/1459 835/570/835
f 838/580/838 268/579/268 556/312/556 1459/311/1459
f 839/582/839 1460/307/1460 446/310/446 158/495/158
f 308/585/308 842/590/842 1460/307/1460 839/582/839
f 842/590/842 267/589/267 555/308/555 1460/307/1460
f 843/592/843 1461/303/1461 746/306/746 266/593/266
f 309/597/309 846/602/846 1461/303/1461 843/592/843
f 846/602/846 171/601/171 459/304/459 1461/303/1461
f 847/604/847 1462/299/1462 745/302/745 265/605/265
f 310/609/310 850/614/850 1462/299/1462 847/604/847
f 850/614/850 264/613/264 552/300/552 1462/299/1462
f 851/616/851 1463/297/1463 458/210/458 170/617/170
f 311/621/311 854/626/854 1463/297/1463 851/616/851
f 854/626/854 263/625/263 551/298/551 1463/297/1463
f 855/628/855 1464/293/1464 742/296/742 262/629/262
f 312/633/312 858/638/858 1464/293/1464 855/628/855
f 858/638/858 172/637/172 460/294/460 1464/293/1464
f 859/640/859 1465/289/1465 741/292/741 261/641/261
f 313/645/313 862/650/862 1465/289/1465 859/640/859
f 862/650/862 260/649/260 548/290/548 1465/289/1465
f 863/652/863 1466/285/1466 605/288/605 125/653/125
f 314/657/314 866/662/866 1466/285/1466 863/652/863
f 866/662/866 259/661/259 547/286/547 1466/285/1466
f 867/664/867 1467/281/1467 738/284/738 258/665/258
f 315/669/315 870/674/870 1467/281/1467 867/664/867
f 870/674/870 101/673/101 581/282/581 1467/281/1467
f 871/676/871 1468/277/1468 737/280/737 257/677/257
f 316/681/316 874/686/874 1468/277/1468 871/676/871
f 874/686/874 256/685/256 544/278/544 1468/277/1468
f 875/688/875 1469/273/1469 606/276/606 126/689/126
f 317/693/317 878/698/878 1469/273/1469 875/688/875
f 878/698/878 255/697/255 543/274/543 1469/273/1469
f 879/700/879 1470/269/1470 734/272/734 254/701/254
f 318/705/318 882/710/882 1470/269/1470 879/700/879
f 882/710/882 175/709/175 463/270/463 1470/269/1470
f 883/712/883 1471/265/1471 733/268/733 253/713/253
f 319/717/319 886/722/886 1471/265/1471 883/712/883
f 886/722/886 252/721/252 540/266/540 1471/265/1471
f 887/724/887 1472/261/1472 457/264/457 169/725/169
f 320/729/320 890/734/890 1472/261/1472 887/724/887
f 890/734/890 251/733/251 539/262/539 1472/261/1472
f 891/736/891 1473/257/1473 730/260/730 250/737/250
f 321/741/321 894/746/894 1473/257/1473 891/736/891
f 894/746/894 176/745/176 464/258/464 1473/257/1473
f 895/748/895 1474/253/1474 729/256/729 249/749/249
f 322/753/322 898/758/898 1474/253/1474 895/748/895
f 898/758/898 248/757/248 536/254/536 1474/253/1474
f 899/760/899 1475/249/1475 609/252/609 129/761/129
f 323/765/323 902/770/902 1475/249/1475 899/760/899
f 902/770/902 247/769/247 535/250/535 1475/249/1475
f 903/772/903 1476/245/1476 726/248/726 246/773/246
f 324/777/324 906/782/906 1476/245/1476 903/772/903
f 906/782/906 106/781/106 586/246/586 1476/245/1476
f 907/784/907 1477/241/1477 725/244/725 245/785/245
f 325/789/325 910/794/910 1477/241/1477 907/784/907
f 910/794/910 244/793/244 532/242/532 1477/241/1477
f 911/796/911 1478/237/1478 610/240/610 130/797/130
f 326/801/326 914/806/914 1478/237/1478 911/796/911
f 914/806/914 243/805/243 531/238/531 1478/237/1478
f 915/808/915 1479/233/1479 722/236/722 242/809/242
f 327/813/327 918/818/918 1479/233/1479 915/808/915
f 918/818/918 179/817/179 467/234/467 1479/233/1479
f 919/820/919 1480/229/1480 721/232/721 241/821/241
f 328/825/328 922/830/922 1480/229/1480 919/820/919
f 922/830/922 240/829/240 528/230/528 1480/229/1480
f 923/832/923 1481/225/1481 448/228/448 160/833/160
f 329/837/329 926/842/926 1481/225/1481 923/832/923
f 926/842/926 239/841/239 527/226/527 1481/225/1481
f 927/844/927 1482/221/1482 718/224/718 238/845/238
f 330/849/330 930/854/930 1482/221/1482 927/844/927
f 930/854/930 180/853/180 468/222/468 1482/221/1482
f 931/856/931 1483/217/1483 717/220/717 237/857/237
f 331/861/331 934/866/934 1483/217/1483 931/856/931
f 934/866/934 236/865/236 524/218/524 1483/217/1483
f 935/868/935 1484/213/1484 613/216/613 133/869/133
f 332/873/332 938/878/938 1484/213/1484 935/868/935
f 938/878/938 235/877/235 523/214/523 1484/213/1484
f 939/880/939 1485/209/1485 714/212/714 234/881/234
f 333/885/333 942/888/942 1485/209/1485 939/880/939
f 942/888/942 170/617/170 458/210/458 1485/209/1485
f 943/890/943 1486/205/1486 713/208/713 233/891/233
f 334/895/334 946/900/946 1486/205/1486 943/890/943
f 946/900/946 232/899/232 520/206/520 1486/205/1486
f 947/902/947 1487/201/1487 614/204/614 134/903/134
f 335/907/335 950/912/950 1487/201/1487 947/902/947
f 950/912/950 231/911/231 519/202/519 1487/201/1487
f 951/914/951 1488/197/1488 710/200/710 230/915/230
f 336/919/336 954/924/954 1488/197/1488 951/914/951
f 954/924/954 183/923/183 471/198/471 1488/197/1488
f 955/926/955 1489/193/1489 709/196/709 229/927/229
f 337/931/337 958/936/958 1489/193/1489 955/926/955
f 958/936/958 228/935/228 516/194/516 1489/193/1489
f 959/938/959 1490/189/1490 588/192/588 108/939/108
f 338/943/338 962/948/962 1490/189/1490 959/938/959
f 962/948/962 227/947/227 515/190/515 1490/189/1490
f 963/950/963 1491/185/1491 706/188/706 226/951/226
f 339/955/339 966/960/966 1491/185/1491 963/950/963
f 966/960/966 184/959/184 472/186/472 1491/185/1491
f 967/962/967 1492/181/1492 705/184/705 225/963/225
f 340/967/340 970/972/970 1492/181/1492 967/962/967
f 970/972/970 224/971/224 512/182/512 1492/181/1492
f 971/974/971 1493/177/1493 617/180/617 137/975/137
f 341/979/341 974/984/974 1493/177/1493 971/974/971
f 974/984/974 223/983/223 511/178/511 1493/177/1493
f 975/986/975 1494/173/1494 702/176/702 222/987/222
f 342/991/342 978/996/978 1494/173/1494 975/986/975
f 978/996/978 167/995/167 455/174/455 1494/173/1494
f 979/998/979 1495/169/1495 701/172/701 221/999/221
f 343/1003/343 982/1008/982 1495/169/1495 979/998/979
f 982/1008/982 220/1007/220 508/170/508 1495/169/1495
f 983/1010/983 1496/165/1496 618/168/618 138/1011/138
f 344/1015/344 986/1020/986 1496/165/1496 983/1010/983
f 986/1020/986 219/1019/219 507/166/507 1496/165/1496
f 987/1022/987 1497/161/1497 698/164/698 218/1023/218
f 345/1027/345 990/1032/990 1497/161/1497 987/1022/987
f 990/1032/990 187/1031/187 475/162/475 1497/161/1497
f 991/1034/991 1498/157/1498 697/160/697 217/1035/217
f 346/1039/346 994/1044/994 1498/157/1498 991/1034/991
f 994/1044/994 216/1043/216 504/158/504 1498/157/1498
f 995/1046/995 1499/153/1499 585/156/585 105/1047/105
f 347/1051/347 998/1056/998 1499/153/1499 995/1046/995
f 998/1056/998 215/1055/215 503/154/503 1499/153/1499
f 999/1058/999 1500/149/1500 694/152/694 214/1059/214
f 348/1063/348 1002/1068/1002 1500/149/1500 999/1058/999
f 1002/1068/1002 188/1067/188 476/150/476 1500/149/1500
f 1003/1070/1003 1501/145/1501 693/148/693 213/1071/213
f 349/1075/349 1006/1080/1006 1501/145/1501 1003/1070/1003
f 1006/1080/1006 212/1079/212 500/146/500 1501/145/1501
f 1007/1082/1007 1502/141/1502 621/144/621 141/1083/141
f 350/1087/350 1010/1092/1010 1502/141/1502 1007/1082/1007
f 1010/1092/1010 211/1091/211 499/142/499 1502/141/1502
f 1011/1094/1011 1503/137/1503 690/140/690 210/1095/210
f 351/1099/351 1014/1104/1014 1503/137/1503 1011/1094/1011
f 1014/1104/1014 164/1103/164 452/138/452 1503/137/1503
f 1015/1106/1015 1504/133/1504 689/136/689 209/1107/209
f 352/1111/352 1018/1116/1018 1504/133/1504 1015/1106/1015
f 1018/1116/1018 208/1115/208 496/134/496 1504/133/1504
f 1019/1118/1019 1505/129/1505 622/132/622 142/1119/142
f 353/1123/353 1022/1128/1022 1505/129/1505 1019/1118/1019
f 1022/1128/1022 207/1127/207 495/130/495 1505/129/1505
f 1023/1130/1023 1506/125/1506 686/128/686 206/1131/206
f 354/1135/354 1026/1140/1026 1506/125/1506 1023/1130/1023
f 1026/1140/1026 191/1139/191 479/126/479 1506/125/1506
f 1027/1142/1027 1507/121/1507 685/124/685 205/1143/205
f 355/1147/355 1030/1152/1030 1507/121/1507 1027/1142/1027
f 1030/1152/1030 204/1151/204 492/122/492 1507/121/1507
f 1031/1154/1031 1508/117/1508 582/120/582 102/1155/102
f 356/1159/356 1034/1164/1034 1508/117/1508 1031/1154/1031
f 1034/1164/1034 203/1163/203 491/118/491 1508/117/1508
f 1035/1166/1035 1509/113/1509 682/116/682 202/1167/202
f 357/1171/357 1038/1176/1038 1509/113/1509 1035/1166/1035
f 1038/1176/1038 192/1175/192 480/114/480 1509/113/1509
f 1039/1178/1039 1510/109/1510 681/112/681 201/1179/201
f 358/1183/358 1042/1188/1042 1510/109/1510 1039/1178/1039
f 1042/1188/1042 200/1187/200 488/110/488 1510/109/1510
f 1043/1190/1043 1511/105/1511 625/108/625 145/1191/145
f 359/1195/359 1046/1200/1046 1511/105/1511 1043/1190/1043
f 1046/1200/1046 199/1199/199 487/106/487 1511/105/1511
f 1047/1202/1047 1512/101/1512 678/104/678 198/1203/198
f 360/1207/360 1050/1212/1050 1512/101/1512 1047/1202/1047
f 1050/1212/1050 161/1211/161 449/102/449 1512/101/1512
f 1051/1214/1051 1513/97/1513 677/100/677 197/1215/197
f 361/1219/361 1054/1224/1054 1513/97/1513 1051/1214/1051
f 1054/1224/1054 196/1223/196 484/98/484 1513/97/1513
f 1055/1226/1055 1514/93/1514 626/96/626 146/1227/146
f 362/1231/362 1058/1236/1058 1514/93/1514 1055/1226/1055
f 1058/1236/1058 195/1235/195 483/94/483 1514/93/1514
f 1059/1238/1059 1515/89/1515 674/92/674 194/1239/194
f 363/1243/363 1062/1248/1062 1515/89/1515 1059/1238/1059
f 1062/1248/1062 113/1247/113 401/90/401 1515/89/1515
f 1063/1250/1063 1516/85/1516 673/88/673 193/1251/193
f 364/1255/364 1066/1260/1066 1516/85/1516 1063/1250/1063
f 1066/1260/1066 144/1259/144 432/86/432 1516/85/1516
f 1067/1262/1067 1517/81/1517 630/84/630 150/1263/150
f 365/1267/365 1070/1272/1070 1517/81/1517 1067/1262/1067
f 1070/1272/1070 143/1271/143 431/82/431 1517/81/1517
f 1071/1274/1071 1518/77/1518 670/80/670 190/1275/190
f 366/1279/366 1074/1284/1074 1518/77/1518 1071/1274/1071
f 1074/1284/1074 116/1283/116 404/78/404 1518/77/1518
f 1075/1286/1075 1519/73/1519 669/76/669 189/1287/189
f 367/1291/367 1078/1296/1078 1519/73/1519 1075/1286/1075
f 1078/1296/1078 140/1295/140 428/74/428 1519/73/1519
f 1079/1298/1079 1520/69/1520 633/72/633 153/1299/153
f 368/1303/368 1082/1308/1082 1520/69/1520 1079/1298/1079
f 1082/1308/1082 139/1307/139 427/70/427 1520/69/1520
f 1083/1310/1083 1521/65/1521 666/68/666 186/1311/186
f 369/1315/369 1086/1320/1086 1521/65/1521 1083/1310/1083
f 1086/1320/1086 119/1319/119 407/66/407 1521/65/1521
f 1087/1322/1087 1522/61/1522 665/64/665 185/1323/185
f 370/1327/370 1090/1332/1090 1522/61/1522 1087/1322/1087
f 1090/1332/1090 136/1331/136 424/62/424 1522/61/1522
f 1091/1334/1091 1523/57/1523 636/60/636 156/1335/156
f 371/1339/371 1094/1344/1094 1523/57/1523 1091/1334/1091
f 1094/1344/1094 135/1343/135 423/58/423 1523/57/1523
f 1095/1346/1095 1524/55/1524 662/56/662 182/1347/182
f 372/1351/372 1098/1356/1098 1524/55/1524 1095/1346/1095
f 1098/1356/1098 122/1355/122 410/26/410 1524/55/1524
f 1099/1358/1099 1525/51/1525 661/54/661 181/1359/181
f 373/1363/373 1102/1368/1102 1525/51/1525 1099/1358/1099
f 1102/1368/1102 132/1367/132 420/52/420 1525/51/1525
f 1103/1370/1103 1526/47/1526 400/50/400 112/1371/112
f 374/1375/374 1106/1380/1106 1526/47/1526 1103/1370/1103
f 1106/1380/1106 131/1379/131 419/48/419 1526/47/1526
f 1107/1382/1107 1527/43/1527 658/46/658 178/1383/178
f 375/1387/375 1110/1392/1110 1527/43/1527 1107/1382/1107
f 1110/1392/1110 154/1391/154 634/44/634 1527/43/1527
f 1111/1394/1111 1528/39/1528 657/42/657 177/1395/177
f 376/1399/376 1114/1404/1114 1528/39/1528 1111/1394/1111
f 1114/1404/1114 128/1403/128 416/40/416 1528/39/1528
f 1115/1406/1115 1529/35/1529 409/38/409 121/1407/121
f 377/1411/377 1118/1416/1118 1529/35/1529 1115/1406/1115
f 1118/1416/1118 127/1415/127 415/36/415 1529/35/1529
f 1119/1418/1119 1530/31/1530 654/34/654 174/1419/174
f 378/1423/378 1122/1428/1122 1530/31/1530 1119/1418/1119
f 1122/1428/1122 149/1427/149 629/32/629 1530/31/1530
f 1123/1430/1123 1531/27/1531 653/30/653 173/1431/173
f 379/1435/379 1126/1440/1126 1531/27/1531 1123/1430/1123
f 1126/1440/1126 124/1439/124 412/28/412 1531/27/1531
f 1127/1442/1127 1532/23/1532 410/26/410 122/1355/122
f 380/1445/380 1130/1450/1130 1532/23/1532 1127/1442/1127
f 1130/1450/1130 123/1449/123 411/24/411 1532/23/1532
f 1131/1452/1131 1533/21/1533 398/14/398 110/1453/110
f 381/1457/381 1134/1462/1134 1533/21/1533 1131/1452/1131
f 1134/1462/1134 161/1461/161 641/22/641 1533/21/1533
f 1135/1464/1135 1534/17/1534 397/20/397 109/1465/109
f 382/1469/382 1138/1474/1138 1534/17/1534 1135/1464/1135
f 1138/1474/1138 166/1473/166 646/18/646 1534/17/1534
f 1139/1476/1139 1535/13/1535 388/16/388 100/1477/100
f 383/1481/383 1142/1484/1142 1535/13/1535 1139/1476/1139
f 1142/1484/1142 110/1453/110 398/14/398 1535/13/1535
f 1143/1486/1143 1536/9/1536 648/12/648 168/1487/168
f 384/1491/384 1146/1496/1146 1536/9/1536 1143/1486/1143
f 1146/1496/1146 107/1495/107 395/10/395 1536/9/1536
f 1147/1498/1147 1537/5/1537 645/8/645 165/1499/165
f 385/1503/385 1150/1508/1150 1537/5/1537 1147/1498/1147
f 1150/1508/1150 104/1507/104 392/6/392 1537/5/1537
f 1151/1510/1151 1538/1/1538 642/4/642 162/1511/162
f 386/1515/386 1154/1520/1154 1538/1/1538 1151/1510/1151
f 1154/1520/1154 101/1519/101 389/2/389 1538/1/1538
