# Blender 4.2.3 LTS
# www.blender.org
mtllib viking_room.mtl
o mesh_all1_Texture1_0
v 0.001530 0.713748 -0.573651
v 0.151382 -0.000154 -0.573651
v 0.164474 0.619081 -0.573651
v -0.172251 0.629386 -0.573651
v -0.158077 -0.000154 -0.573651
v -0.083704 0.292965 -0.321455
v -0.076846 0.325114 -0.330610
v -0.102605 0.286187 -0.321455
v -0.139709 0.314261 -0.321455
v -0.133254 0.300642 -0.321455
v -0.116841 0.347841 -0.330610
v -0.083704 0.292965 -0.353414
v -0.102605 0.286187 -0.353414
v -0.076846 0.325114 -0.344259
v -0.139709 0.314261 -0.353414
v -0.116841 0.347841 -0.344259
v -0.133254 0.300642 -0.353414
v -0.055125 0.252007 -0.337435
v -0.059984 0.266330 -0.343555
v -0.059984 0.266330 -0.331314
v -0.162781 0.326087 -0.343555
v -0.176479 0.329128 -0.337435
v -0.162781 0.326087 -0.331314
v -0.014709 0.191148 -0.380872
v 0.043401 0.190067 -0.386786
v 0.016847 0.165599 -0.383829
v -0.008655 0.191148 -0.276384
v 0.016669 0.165599 -0.279157
v 0.036991 0.190067 -0.281929
v 0.273765 0.008346 0.532522
v 0.354737 0.031466 0.540774
v 0.246589 0.009207 0.467002
v 0.256354 0.008721 0.595516
v 0.677146 -0.003071 0.690958
v 0.646006 -0.002071 0.607800
v 0.592487 0.021070 0.638479
v 0.306429 0.007915 0.253268
v 0.266359 0.008946 0.298805
v 0.370791 0.034153 0.268356
v 0.289839 0.008489 0.184580
v 0.729652 -0.003731 0.221447
v 0.642290 0.014291 0.232895
v 0.688101 -0.002732 0.309542
v -0.721043 0.001923 0.741905
v -0.223316 0.001923 0.319177
v -0.721043 0.001923 0.319177
v -0.721043 0.001923 -0.114645
v -0.223316 0.001923 -0.114645
v -0.721043 0.001923 -0.575491
v 0.739535 0.001923 0.741905
v 0.739535 0.001923 0.319177
v 0.188385 0.001923 0.319177
v 0.739535 0.001923 -0.575491
v 0.188385 0.001923 -0.114645
v 0.739535 0.001923 -0.114645
v 0.212408 0.675560 -0.411461
v 0.209834 0.750638 -0.411461
v 0.170319 0.699099 -0.411461
v -0.213822 0.675616 -0.411461
v -0.173571 0.699646 -0.411461
v -0.212562 0.745240 -0.411461
v -0.024046 0.486233 -0.454846
v -0.025567 0.484215 -0.445048
v -0.023882 0.507913 -0.448282
v 0.011287 0.485221 -0.452934
v 0.012005 0.506886 -0.446340
v 0.012645 0.483121 -0.442980
v 0.007524 0.534670 -0.465520
v 0.007451 0.548021 -0.461744
v 0.009780 0.528738 -0.452587
v -0.018078 0.535403 -0.466905
v -0.020678 0.529610 -0.454235
v -0.017464 0.548734 -0.463093
v 0.004695 0.560385 -0.484932
v 0.005319 0.573640 -0.486844
v 0.005911 0.563596 -0.473494
v -0.014022 0.560921 -0.485945
v -0.015181 0.564200 -0.474635
v -0.014072 0.574195 -0.487893
v 0.004809 0.560873 -0.520481
v 0.006112 0.564167 -0.531981
v 0.005407 0.574299 -0.517902
v -0.013890 0.561408 -0.521493
v -0.013936 0.574853 -0.518949
v -0.014989 0.564771 -0.533123
v 0.007789 0.535300 -0.540070
v 0.010139 0.529545 -0.552785
v 0.007734 0.548737 -0.543663
v -0.017846 0.536034 -0.541457
v -0.017201 0.549451 -0.545012
v -0.020371 0.530419 -0.554436
v 0.011631 0.485913 -0.552724
v 0.013054 0.483901 -0.562516
v 0.012401 0.507808 -0.559070
v -0.023732 0.486925 -0.554638
v -0.023528 0.508837 -0.561014
v -0.025189 0.484996 -0.564585
v -0.071106 0.487602 -0.519142
v -0.070382 0.487579 -0.484330
v -0.054333 0.487078 -0.549653
v 0.058768 0.483541 -0.521847
v 0.042720 0.484043 -0.456523
v 0.059493 0.483518 -0.487034
v 0.352886 0.561430 -0.373970
v 0.349968 0.556986 -0.372429
v 0.350637 0.551648 -0.370280
v 0.448804 0.544444 -0.376749
v 0.438057 0.585830 -0.395875
v 0.358403 0.551520 -0.385656
v 0.416769 0.618384 -0.409958
v 0.368196 0.639710 -0.424311
v 0.342731 0.626770 -0.416400
v 0.308704 0.626391 -0.418078
v 0.274433 0.585444 -0.403129
v 0.266441 0.538006 -0.384375
v 0.283125 0.503630 -0.373184
v 0.303948 0.477395 -0.358251
v 0.343152 0.458250 -0.358985
v 0.400130 0.470936 -0.351293
v 0.435885 0.499096 -0.361022
v -0.274407 0.458736 -0.392141
v -0.280731 0.449455 -0.404246
v -0.360558 0.500104 -0.381403
v -0.286666 0.449135 -0.418947
v -0.290620 0.457863 -0.432304
v -0.291535 0.473300 -0.440738
v -0.289165 0.491309 -0.441989
v -0.289165 0.491309 -0.441989
v -0.284146 0.507065 -0.435722
v -0.277822 0.516346 -0.423617
v -0.271888 0.516665 -0.408916
v -0.267933 0.507937 -0.395559
v -0.267019 0.492501 -0.387125
v -0.269388 0.474492 -0.385874
v -0.579001 0.152919 0.245786
v -0.544751 0.144899 0.243482
v -0.596550 0.152919 0.222300
v -0.556156 0.144899 0.184260
v -0.334844 0.144899 0.161260
v -0.328119 0.144899 0.216432
v -0.306128 0.150074 0.183450
v -0.309309 0.150074 0.212467
v -0.593086 0.152919 0.188087
v -0.315354 0.150074 0.156860
v -0.584458 0.160294 0.119065
v -0.590904 0.160294 0.151411
v -0.560137 0.149178 0.116544
v -0.554069 0.149178 0.184027
v -0.578329 0.160294 0.186388
v -0.351118 0.149178 0.093980
v -0.306193 0.156351 0.117136
v -0.319203 0.156351 0.087578
v -0.336739 0.149178 0.161651
v -0.305797 0.156351 0.154635
v -0.589580 0.152700 0.118307
v -0.572183 0.144772 0.118340
v -0.601870 0.152700 0.086177
v -0.565524 0.144772 0.055611
v -0.360889 0.144772 0.037224
v -0.344161 0.144772 0.093361
v -0.330401 0.149888 0.058206
v -0.325584 0.149888 0.089083
v -0.588814 0.152700 0.063742
v -0.344658 0.149888 0.034755
v -0.399860 0.162553 0.125535
v -0.397949 0.159852 0.131949
v -0.404947 0.159384 0.129966
v -0.406701 0.163903 0.124083
v -0.411630 0.162553 0.129043
v -0.409718 0.159852 0.135457
v -0.402877 0.158502 0.136909
v -0.395907 0.183367 0.138796
v -0.397819 0.186068 0.132383
v -0.402590 0.186536 0.137874
v -0.404660 0.187418 0.130931
v -0.409589 0.186068 0.135891
v -0.407677 0.183367 0.142305
v -0.400836 0.182017 0.143757
v -0.418762 0.163774 0.139085
v -0.421979 0.158861 0.141638
v -0.423221 0.160722 0.135908
v -0.420677 0.166742 0.134111
v -0.425809 0.164797 0.131691
v -0.429025 0.159885 0.134244
v -0.427110 0.156916 0.139218
v -0.430679 0.173179 0.151422
v -0.427463 0.178092 0.148869
v -0.433267 0.177255 0.147205
v -0.429378 0.181060 0.143895
v -0.434509 0.179115 0.141474
v -0.437726 0.174202 0.144028
v -0.435811 0.171234 0.149001
v -0.496712 0.181759 0.114156
v -0.507623 0.181759 0.113028
v -0.502496 0.145224 0.116767
v -0.516136 0.181759 0.119946
v -0.517264 0.181759 0.130857
v -0.513526 0.145224 0.125729
v -0.510347 0.181759 0.139370
v -0.499435 0.181759 0.140497
v -0.504563 0.145224 0.136759
v 0.573899 0.581732 -0.238488
v 0.590027 0.581732 -0.205640
v 0.630347 0.559399 -0.251197
v 0.622382 0.581732 -0.188545
v 0.658606 0.581732 -0.193733
v 0.684863 0.581732 -0.219222
v 0.691123 0.581732 -0.255276
v 0.674996 0.581732 -0.288124
v 0.642641 0.581732 -0.305219
v 0.606416 0.581732 -0.300031
v 0.580160 0.581732 -0.274543
v -0.583185 0.581732 -0.198390
v -0.547453 0.581732 -0.190495
v -0.557892 0.559399 -0.250429
v -0.513905 0.581732 -0.205110
v -0.495354 0.581732 -0.236653
v -0.498887 0.581732 -0.273076
v -0.523154 0.581732 -0.300466
v -0.558886 0.581732 -0.308362
v -0.592434 0.581732 -0.293747
v -0.610985 0.581732 -0.262203
v -0.607452 0.581732 -0.225780
v -0.547006 0.921101 -0.389896
v -0.552738 0.921101 -0.445245
v -0.552738 0.921101 -0.334546
v 0.547006 0.921101 -0.389896
v 0.552738 0.921101 -0.334546
v 0.552738 0.921101 -0.445245
v -0.547006 0.921101 0.564855
v -0.552738 0.921101 0.509506
v -0.552738 0.921101 0.620205
v -0.536528 0.566384 -0.291320
v -0.514091 0.566384 -0.302021
v -0.513312 0.566384 -0.387725
v -0.540873 0.566384 -0.488464
v -0.514259 0.566384 -0.476036
v -0.513312 0.429362 -0.387725
v -0.540873 0.429362 -0.488464
v -0.514259 0.429362 -0.476036
v -0.536528 0.429362 -0.291320
v -0.514091 0.429362 -0.302021
v -0.568567 0.566384 0.661798
v -0.546131 0.566384 0.651097
v -0.545352 0.566384 0.565393
v -0.572912 0.566384 0.464654
v -0.546299 0.566384 0.477082
v -0.545352 0.429362 0.565393
v -0.572912 0.429362 0.464654
v -0.546299 0.429362 0.477082
v -0.568567 0.429362 0.661798
v -0.546131 0.429362 0.651097
v 0.536528 0.566384 -0.291027
v 0.513312 0.566384 -0.387432
v 0.514091 0.566384 -0.301727
v 0.540872 0.566384 -0.488170
v 0.514259 0.566384 -0.475743
v 0.513312 0.429362 -0.387432
v 0.514259 0.429362 -0.475743
v 0.540872 0.429362 -0.488171
v 0.536528 0.429362 -0.291027
v 0.514091 0.429362 -0.301727
v -0.438596 0.414817 -0.453264
v -0.438596 0.394532 -0.427770
v -0.438596 0.394532 -0.453264
v -0.464081 0.414817 -0.453264
v -0.464081 0.394532 -0.453264
v -0.464081 0.394532 -0.427770
v -0.257355 0.414817 -0.453264
v -0.257355 0.394532 -0.427770
v -0.257355 0.394532 -0.453264
v -0.282839 0.414817 -0.453264
v -0.282839 0.394532 -0.453264
v -0.282839 0.394532 -0.427770
v 0.277542 0.413165 -0.453264
v 0.277542 0.396429 -0.427770
v 0.277542 0.396429 -0.453264
v 0.250185 0.413165 -0.453264
v 0.250185 0.396429 -0.453264
v 0.250185 0.396429 -0.427770
v 0.462431 0.413165 -0.453264
v 0.462431 0.396429 -0.427770
v 0.462431 0.396429 -0.453264
v 0.435082 0.413165 -0.453264
v 0.435082 0.396429 -0.453264
v 0.435082 0.396429 -0.427770
v 0.143427 0.219052 -0.274652
v 0.151991 0.221150 -0.265515
v 0.164246 0.225535 -0.263536
v 0.179881 0.235216 -0.293859
v 0.171317 0.233118 -0.302996
v 0.159062 0.228733 -0.304974
v -0.130895 0.223100 -0.260761
v -0.131040 0.225208 -0.273335
v -0.138774 0.229610 -0.283112
v -0.170916 0.239332 -0.271260
v -0.170771 0.237225 -0.258686
v -0.163037 0.232822 -0.248910
v 0.043178 0.169198 0.017080
v -0.015389 0.171680 0.010006
v 0.003803 0.189413 0.103749
v -0.066924 0.173863 0.038739
v -0.091744 0.174915 0.092303
v -0.080368 0.174433 0.150239
v -0.032204 0.174535 0.179960
v 0.019296 0.172353 0.186180
v 0.064613 0.170433 0.160915
v 0.086438 0.169508 0.113813
v 0.076435 0.169932 0.062868
v -0.441431 0.076654 -0.217900
v -0.436671 0.059471 -0.207289
v -0.434496 0.078506 -0.198346
v -0.350576 0.137634 -0.243401
v -0.369666 0.142316 -0.248037
v -0.362730 0.144168 -0.228483
v 0.646583 0.674025 -0.260360
v 0.636373 0.698247 -0.253966
v 0.633151 0.670918 -0.252678
v 0.647161 0.674006 -0.259357
v 0.633730 0.670898 -0.251673
v 0.636913 0.698229 -0.253030
v -0.560210 0.645912 -0.237613
v -0.557118 0.665355 -0.247500
v -0.556435 0.643025 -0.249555
v -0.561109 0.645912 -0.237897
v -0.557335 0.643025 -0.249840
v -0.557957 0.665355 -0.247765
v 0.156884 0.264412 -0.281383
v 0.156974 0.280989 -0.281430
v 0.168617 0.270807 -0.287747
v 0.157457 0.264412 -0.280328
v 0.169188 0.270807 -0.286694
v 0.157545 0.280989 -0.280379
v -0.146384 0.254597 -0.266766
v -0.146448 0.266520 -0.266731
v -0.154772 0.259196 -0.262097
v -0.146803 0.254597 -0.267520
v -0.155191 0.259196 -0.262850
v -0.146866 0.266520 -0.267483
v 0.001530 0.713748 -0.447121
v -0.172251 0.629386 -0.447121
v -0.172251 0.629386 -0.573651
v 0.001530 0.713748 -0.573651
v 0.164474 0.619081 -0.447121
v 0.164474 0.619081 -0.573651
v 0.151382 -0.000154 -0.447121
v 0.151382 -0.000154 -0.573651
v -0.158077 -0.000154 -0.447121
v -0.158077 -0.000154 -0.573651
v -0.600028 0.004394 -0.447121
v -0.158077 -0.000154 -0.447121
v -0.172251 0.629386 -0.447121
v -0.586933 0.648033 -0.447121
v 0.164474 0.619081 -0.447121
v 0.151382 -0.000154 -0.447121
v 0.593027 -0.005760 -0.447121
v 0.584216 0.641591 -0.447121
v 0.151382 -0.000154 -0.447121
v -0.158077 -0.000154 -0.447121
v 0.461288 0.800080 -0.447121
v 0.353390 0.857197 -0.447121
v 0.001530 0.713748 -0.447121
v 0.002412 0.864522 -0.447121
v -0.357613 0.859314 -0.447121
v -0.443691 0.819132 -0.447121
v -0.664843 0.002715 0.536407
v -0.664843 0.000860 -0.337867
v -0.664843 0.813595 -0.338482
v -0.664843 0.815448 0.535793
v -0.616018 0.246266 -0.330770
v -0.616018 0.316683 -0.330770
v -0.616327 0.314538 -0.187438
v -0.618911 0.264762 -0.185947
v -0.681060 0.316683 -0.335768
v -0.688336 0.314538 -0.192972
v -0.681060 0.246266 -0.335768
v -0.685842 0.264762 -0.191091
v -0.692533 0.299157 0.073168
v -0.614170 0.299157 0.079190
v -0.615534 0.248478 0.075552
v -0.690982 0.248478 0.069755
v -0.611262 0.314656 0.359678
v -0.698193 0.314656 0.352998
v -0.695377 0.322434 0.502730
v -0.608245 0.322434 0.510377
v -0.610981 0.262758 0.349125
v -0.608245 0.243607 0.510377
v -0.695377 0.243607 0.502730
v -0.697912 0.262758 0.342445
v -0.596288 0.851846 0.473809
v -0.596288 0.831581 0.293424
v -0.686392 0.831581 0.293424
v -0.686392 0.851846 0.473809
v -0.596288 0.768415 0.473809
v -0.686392 0.768415 0.473809
v -0.686392 0.748150 0.293424
v -0.596288 0.748150 0.293424
v -0.596288 0.768415 0.473809
v -0.596288 0.748150 0.293424
v -0.596288 0.851846 0.058102
v -0.686392 0.851846 0.058102
v -0.686392 0.768415 0.058102
v -0.596288 0.768415 0.058102
v -0.596288 0.768415 0.058102
v -0.596288 0.836647 -0.157246
v -0.686392 0.836647 -0.157246
v -0.686392 0.753216 -0.157246
v -0.596288 0.753216 -0.157246
v -0.596288 0.753216 -0.157246
v -0.596288 0.851846 -0.300480
v -0.686392 0.851846 -0.300480
v -0.686392 0.768415 -0.300480
v -0.596288 0.768415 -0.300480
v -0.596288 0.768415 -0.300480
v -0.057963 0.386481 -0.347241
v -0.073398 0.365938 -0.343686
v -0.082855 0.371622 -0.349514
v -0.073770 0.394205 -0.356623
v -0.073770 0.394205 -0.356623
v -0.082855 0.371622 -0.349514
v -0.092311 0.377306 -0.343686
v -0.089578 0.401930 -0.347241
v -0.092311 0.377306 -0.332030
v -0.089578 0.401930 -0.328476
v -0.082855 0.371622 -0.326202
v -0.073770 0.394205 -0.319093
v -0.073398 0.365938 -0.332030
v -0.057963 0.386481 -0.328476
v -0.073770 0.394205 -0.356623
v -0.089578 0.401930 -0.347241
v -0.089578 0.401930 -0.328476
v -0.073770 0.394205 -0.319093
v -0.057963 0.386481 -0.328476
v -0.057963 0.386481 -0.347241
v -0.085052 0.239781 -0.337435
v -0.082573 0.257433 -0.331314
v -0.110023 0.251556 -0.331314
v -0.116048 0.234843 -0.337435
v -0.158964 0.259908 -0.337435
v -0.148351 0.276723 -0.331314
v -0.159419 0.302278 -0.331314
v -0.173274 0.293854 -0.337435
v -0.131040 0.263252 -0.331314
v -0.140354 0.244318 -0.337435
v -0.117789 0.290185 -0.321455
v -0.096586 0.336106 -0.330610
v -0.073597 0.275141 -0.324990
v -0.143295 0.321760 -0.324990
v -0.110023 0.251556 -0.343555
v -0.082573 0.257433 -0.343555
v -0.159419 0.302278 -0.343555
v -0.148351 0.276723 -0.343555
v -0.131040 0.263252 -0.343555
v -0.117789 0.290185 -0.353414
v -0.096586 0.336106 -0.344259
v -0.059984 0.266330 -0.343555
v -0.162781 0.326087 -0.343555
v -0.073597 0.275141 -0.349879
v -0.143295 0.321760 -0.349879
v -0.083704 0.292965 -0.353414
v -0.076846 0.325114 -0.344259
v -0.116841 0.347841 -0.344259
v -0.139709 0.314261 -0.353414
v -0.073597 0.275141 -0.349879
v -0.143295 0.321760 -0.349879
v 0.153127 0.252472 -0.357733
v 0.157451 0.280389 -0.357733
v 0.166836 0.274248 -0.351836
v 0.163776 0.254493 -0.351836
v 0.150965 0.238514 -0.337563
v 0.162246 0.244616 -0.337563
v 0.153127 0.252472 -0.317393
v 0.163776 0.254493 -0.323290
v 0.157451 0.280389 -0.317393
v 0.166836 0.274248 -0.323290
v 0.159613 0.294348 -0.337563
v 0.168366 0.284125 -0.337563
v 0.159613 0.294348 -0.337563
v 0.168366 0.284125 -0.337563
v 0.163776 0.254493 -0.323290
v 0.162246 0.244616 -0.337563
v 0.168366 0.284125 -0.337563
v 0.166836 0.274248 -0.323290
v 0.166836 0.274248 -0.351836
v 0.163776 0.254493 -0.351836
v -0.127435 0.397225 -0.337563
v -0.131133 0.386968 -0.321615
v -0.116500 0.372933 -0.328314
v -0.115496 0.379331 -0.337563
v -0.138527 0.366454 -0.321615
v -0.118510 0.360136 -0.328314
v -0.142224 0.356198 -0.337563
v -0.119514 0.353739 -0.337563
v -0.142224 0.356198 -0.337563
v -0.138527 0.366454 -0.353511
v -0.118510 0.360137 -0.346812
v -0.119514 0.353739 -0.337563
v -0.131133 0.386968 -0.353511
v -0.116500 0.372933 -0.346812
v -0.080905 0.379581 -0.337563
v -0.084424 0.370030 -0.313826
v -0.059151 0.343349 -0.322398
v -0.053610 0.351886 -0.337563
v -0.100242 0.332992 -0.313826
v -0.070233 0.326274 -0.322398
v -0.103762 0.323441 -0.337563
v -0.075774 0.317737 -0.337563
v -0.103762 0.323441 -0.337563
v -0.100242 0.332992 -0.361301
v -0.070233 0.326274 -0.352729
v -0.075774 0.317737 -0.337563
v -0.084424 0.370030 -0.361301
v -0.059151 0.343349 -0.352729
v -0.080905 0.379581 -0.337563
v -0.053610 0.351886 -0.337563
v 0.023452 0.310195 -0.337563
v 0.022175 0.301950 -0.325649
v 0.052690 0.295533 -0.327229
v 0.053798 0.302685 -0.337563
v 0.019621 0.285460 -0.325649
v 0.050474 0.281229 -0.327229
v 0.018344 0.277215 -0.337563
v 0.049367 0.274077 -0.337563
v 0.018344 0.277215 -0.337563
v 0.019621 0.285460 -0.349478
v 0.050474 0.281229 -0.347898
v 0.049367 0.274077 -0.337563
v 0.022175 0.301950 -0.349478
v 0.052690 0.295533 -0.347898
v 0.092754 0.271268 -0.325376
v 0.132978 0.257536 -0.317597
v 0.136945 0.285207 -0.317635
v 0.095138 0.288162 -0.325404
v 0.091561 0.262799 -0.337563
v 0.130993 0.243671 -0.337563
v 0.091561 0.262799 -0.337563
v 0.092754 0.271268 -0.349750
v 0.132978 0.257537 -0.357530
v 0.130993 0.243671 -0.337563
v 0.095138 0.288162 -0.349723
v 0.136945 0.285207 -0.357492
v 0.096328 0.296573 -0.337563
v 0.138924 0.298993 -0.337563
v -0.061313 0.340018 -0.328314
v -0.068071 0.329605 -0.328314
v -0.038814 0.305780 -0.326740
v -0.032710 0.319273 -0.326740
v -0.071451 0.324398 -0.337563
v -0.041865 0.299033 -0.337563
v -0.071451 0.324398 -0.337563
v -0.068071 0.329605 -0.346812
v -0.038814 0.305780 -0.348386
v -0.041865 0.299033 -0.337563
v -0.061313 0.340018 -0.346812
v -0.032710 0.319273 -0.348386
v -0.057934 0.345225 -0.337563
v -0.029659 0.326020 -0.337563
v -0.061313 0.340018 -0.328314
v -0.057934 0.345225 -0.337563
v -0.115858 0.377025 -0.322398
v -0.116500 0.372933 -0.328314
v -0.118510 0.360136 -0.328314
v -0.119152 0.356044 -0.322398
v -0.068071 0.329605 -0.328314
v -0.119514 0.353739 -0.337563
v -0.120799 0.345554 -0.337563
v -0.071451 0.324398 -0.337563
v -0.120799 0.345554 -0.337563
v -0.119514 0.353739 -0.337563
v -0.118510 0.360137 -0.346812
v -0.119152 0.356044 -0.352729
v -0.068071 0.329605 -0.346812
v -0.071451 0.324398 -0.337563
v -0.116500 0.372933 -0.346812
v -0.115858 0.377025 -0.352729
v -0.061313 0.340018 -0.346812
v -0.115496 0.379331 -0.337563
v -0.114210 0.387516 -0.337563
v -0.057934 0.345225 -0.337563
v -0.114210 0.387516 -0.337563
v -0.115496 0.379331 -0.337563
v -0.150433 0.373239 -0.320009
v -0.140534 0.395124 -0.320009
v -0.155383 0.362297 -0.337563
v -0.150433 0.373239 -0.355117
v -0.155383 0.362297 -0.337563
v -0.140534 0.395124 -0.355117
v -0.135585 0.406067 -0.337563
v 0.138546 0.280338 -0.323999
v 0.135638 0.261564 -0.323999
v 0.134184 0.252177 -0.337563
v 0.135638 0.261564 -0.351127
v 0.138546 0.280338 -0.351127
v 0.140000 0.289724 -0.337563
v 0.140000 0.289724 -0.337563
v 0.055725 0.297919 -0.323006
v 0.052690 0.295533 -0.327229
v 0.050474 0.281229 -0.327229
v 0.052928 0.277678 -0.322966
v 0.135638 0.261564 -0.323999
v 0.138546 0.280338 -0.323999
v 0.049367 0.274077 -0.337563
v 0.051528 0.267524 -0.337563
v 0.134184 0.252177 -0.337563
v 0.051528 0.267524 -0.337563
v 0.049367 0.274077 -0.337563
v 0.050474 0.281229 -0.347898
v 0.052928 0.277678 -0.352161
v 0.135638 0.261564 -0.351127
v 0.134184 0.252177 -0.337563
v 0.052690 0.295533 -0.347898
v 0.055725 0.297919 -0.352120
v 0.138546 0.280338 -0.351127
v 0.053798 0.302685 -0.337563
v 0.057120 0.307988 -0.337563
v 0.140000 0.289724 -0.337563
v -0.003103 0.306540 -0.328351
v -0.006534 0.294361 -0.328351
v -0.008249 0.288272 -0.337563
v -0.008249 0.288272 -0.337563
v -0.006534 0.294361 -0.346776
v -0.003103 0.306540 -0.346776
v -0.001388 0.312629 -0.337563
v -0.155383 0.362297 -0.337563
v -0.150433 0.373239 -0.320009
v -0.140534 0.395124 -0.320009
v -0.135585 0.406067 -0.337563
v -0.140534 0.395124 -0.355117
v -0.150433 0.373239 -0.355117
v -0.082836 0.165109 -0.281039
v -0.082836 0.199666 -0.281039
v -0.082836 0.199666 -0.386786
v -0.082836 0.165109 -0.386786
v 0.088875 0.199176 -0.386786
v 0.088875 0.164619 -0.386786
v 0.088875 0.164619 -0.281039
v 0.088875 0.199176 -0.281039
v -0.124209 0.158852 -0.274017
v -0.076783 0.158852 -0.273006
v -0.076783 0.206902 -0.273006
v -0.124209 0.215549 -0.274017
v -0.082481 0.206902 -0.325500
v -0.121004 0.215549 -0.325500
v -0.125277 0.215549 -0.394483
v -0.073222 0.206902 -0.395157
v -0.073222 0.158852 -0.395157
v -0.125277 0.158852 -0.394483
v -0.076783 0.158852 -0.273006
v -0.082481 0.158852 -0.325500
v -0.121004 0.158852 -0.325500
v -0.124209 0.158852 -0.274017
v -0.125277 0.158852 -0.394483
v -0.073222 0.158852 -0.395157
v 0.084176 0.158852 -0.272669
v 0.127328 0.158852 -0.274354
v 0.127016 0.213027 -0.274354
v 0.084176 0.206902 -0.272669
v 0.119893 0.213027 -0.333398
v 0.088806 0.206902 -0.331039
v 0.085244 0.206902 -0.393471
v 0.124879 0.213027 -0.397516
v 0.125192 0.158852 -0.397516
v 0.085244 0.158852 -0.393471
v 0.127328 0.158852 -0.274354
v 0.120206 0.158852 -0.333398
v 0.088806 0.158852 -0.331039
v 0.084176 0.158852 -0.272669
v 0.085244 0.158852 -0.393471
v 0.125192 0.158852 -0.397516
v -0.051569 0.191459 -0.321874
v -0.021273 0.189244 -0.321874
v -0.030656 0.230408 -0.326325
v -0.045416 0.231339 -0.326325
v -0.021273 0.189244 -0.352860
v -0.030656 0.230408 -0.348409
v -0.051569 0.191459 -0.352860
v -0.045416 0.231339 -0.348409
v -0.025067 0.277540 -0.326348
v -0.048713 0.277540 -0.326348
v -0.048713 0.277540 -0.348387
v -0.025067 0.277540 -0.348387
v -0.054386 0.270191 -0.322968
v -0.019309 0.274988 -0.322968
v -0.013537 0.288986 -0.322968
v -0.052750 0.301897 -0.322968
v -0.013537 0.288986 -0.348988
v -0.052750 0.301897 -0.348988
v -0.054386 0.270191 -0.348988
v -0.019309 0.274988 -0.348988
v -0.019309 0.274988 -0.348988
v -0.013537 0.288986 -0.348988
v -0.054386 0.270191 -0.348988
v -0.052750 0.301897 -0.348988
v 0.044584 0.244861 -0.322968
v 0.088392 0.247061 -0.322968
v 0.087109 0.262334 -0.322968
v 0.046407 0.268930 -0.322968
v 0.087109 0.262334 -0.348988
v 0.046407 0.268930 -0.348988
v 0.044584 0.244861 -0.348988
v 0.088392 0.247062 -0.348988
v 0.088392 0.247062 -0.348988
v 0.087109 0.262334 -0.348988
v 0.044584 0.244861 -0.348988
v 0.046407 0.268930 -0.348988
v 0.048453 0.190311 -0.321874
v 0.077050 0.194269 -0.321874
v 0.075773 0.223588 -0.326325
v 0.059011 0.224149 -0.326325
v 0.077050 0.194269 -0.352860
v 0.075773 0.223588 -0.348409
v 0.080353 0.249187 -0.326348
v 0.048498 0.251539 -0.326348
v 0.080353 0.249187 -0.348387
v 0.048498 0.251539 -0.348387
v 0.059011 0.224149 -0.348409
v 0.048453 0.190311 -0.352860
v 0.133840 0.350520 -0.408631
v 0.185495 0.343534 -0.408631
v 0.179489 0.389491 -0.417825
v 0.136514 0.390303 -0.417825
v 0.125617 0.440177 -0.409266
v 0.189861 0.447533 -0.409266
v 0.189861 0.437159 -0.460364
v 0.125617 0.429804 -0.460364
v 0.133840 0.357436 -0.460344
v 0.185495 0.350449 -0.460344
v 0.185495 0.343534 -0.408631
v 0.185495 0.350449 -0.460344
v 0.179489 0.391565 -0.460407
v 0.179489 0.389491 -0.417825
v 0.133840 0.357436 -0.460344
v 0.133840 0.350520 -0.408631
v 0.136514 0.390303 -0.417825
v 0.136514 0.392378 -0.460407
v 0.125617 0.440177 -0.409266
v 0.125617 0.429804 -0.460364
v 0.189861 0.437159 -0.460364
v 0.189861 0.447533 -0.409266
v -0.187839 0.155999 -0.418841
v -0.144497 0.155600 -0.418841
v -0.150307 0.407394 -0.418841
v -0.183765 0.405468 -0.418841
v -0.144497 0.155600 -0.448062
v -0.150307 0.407394 -0.448062
v -0.187839 0.155999 -0.448062
v -0.183765 0.405468 -0.448062
v -0.144312 0.623881 -0.418841
v -0.185604 0.619447 -0.418841
v -0.185604 0.619447 -0.448062
v -0.144312 0.623881 -0.448062
v 0.176813 0.158518 -0.420734
v 0.171165 0.398454 -0.420734
v 0.144015 0.400649 -0.420734
v 0.133152 0.158119 -0.420734
v 0.144015 0.400649 -0.449955
v 0.133152 0.158119 -0.449955
v 0.176813 0.158518 -0.449955
v 0.171165 0.398454 -0.449955
v 0.180689 0.619447 -0.420734
v 0.139397 0.623881 -0.420734
v 0.180689 0.619447 -0.449955
v 0.139397 0.623881 -0.449955
v -0.164699 0.373593 -0.456184
v 0.158984 0.385251 -0.456184
v 0.159770 0.416030 -0.456184
v -0.167725 0.421160 -0.456184
v 0.159770 0.416030 -0.575149
v -0.167725 0.421160 -0.575149
v -0.164699 0.373593 -0.575149
v 0.158984 0.385251 -0.575149
v -0.146232 0.350403 -0.408631
v -0.148906 0.390186 -0.417825
v -0.191880 0.389373 -0.417825
v -0.197887 0.343416 -0.408631
v -0.138009 0.440060 -0.409266
v -0.138009 0.429686 -0.460364
v -0.202253 0.437042 -0.460364
v -0.202253 0.447416 -0.409266
v -0.146232 0.357319 -0.460344
v -0.197887 0.350332 -0.460344
v -0.197887 0.343416 -0.408631
v -0.191880 0.389373 -0.417825
v -0.191880 0.391448 -0.460407
v -0.197887 0.350332 -0.460344
v -0.146232 0.357319 -0.460344
v -0.148906 0.392260 -0.460407
v -0.148906 0.390186 -0.417825
v -0.146232 0.350403 -0.408631
v -0.138009 0.429686 -0.460364
v -0.138009 0.440060 -0.409266
v -0.202253 0.447416 -0.409266
v -0.202253 0.437042 -0.460364
v 0.349642 0.006153 0.588718
v 0.272193 0.008222 0.631482
v 0.446990 0.008574 0.631916
v 0.453087 0.026813 0.581104
v 0.515283 0.001503 0.631554
v 0.525073 0.024092 0.574975
v 0.654587 -0.002505 0.725379
v 0.588856 -0.000621 0.685266
v 0.701101 -0.003347 0.461600
v 0.655788 0.025780 0.441820
v 0.569025 0.029422 0.428120
v 0.488868 0.037569 0.415274
v 0.369979 0.043260 0.396565
v 0.241151 0.009510 0.377371
v 0.378598 0.005976 0.219986
v 0.317484 0.007776 0.154045
v 0.501280 0.002643 0.200713
v 0.494071 0.021185 0.243517
v 0.564037 0.000855 0.216612
v 0.560861 0.019101 0.274236
v 0.708175 -0.003068 0.180606
v 0.649980 -0.001472 0.187996
v 0.655788 0.025780 0.441820
v 0.701101 -0.003347 0.461600
v 0.488868 0.037569 0.415274
v 0.569025 0.029422 0.428120
v 0.369979 0.043260 0.396565
v 0.241151 0.009510 0.377371
v 0.739535 -0.107646 -0.114645
v 0.739535 -0.107646 -0.575491
v 0.739535 -0.107646 0.319177
v 0.739535 -0.107647 0.741905
v -0.721043 -0.107646 -0.575491
v -0.721043 -0.107646 -0.114645
v -0.721043 -0.107646 0.319177
v -0.721043 -0.107647 0.741905
v -0.721043 -0.107646 -0.575491
v 0.739535 -0.107646 -0.575491
v -0.721043 -0.107647 0.741905
v 0.739535 -0.107647 0.741905
v 0.256695 0.664645 -0.447635
v 0.256695 0.664645 -0.417421
v 0.250623 0.658135 -0.417421
v 0.250623 0.658135 -0.447635
v 0.247516 0.726090 -0.417421
v 0.216328 0.692649 -0.417421
v 0.250623 0.658135 -0.417421
v 0.250623 0.658135 -0.447635
v 0.216328 0.692649 -0.447635
v 0.247516 0.726090 -0.447635
v -0.254362 0.656174 -0.447635
v -0.248290 0.649664 -0.447635
v -0.248290 0.649664 -0.417421
v -0.254362 0.656174 -0.417421
v -0.248290 0.649664 -0.417421
v -0.213995 0.684178 -0.417421
v -0.245183 0.717619 -0.417421
v -0.248290 0.649664 -0.447635
v -0.213995 0.684178 -0.447635
v -0.245183 0.717619 -0.447635
v 0.202230 0.614738 -0.411461
v 0.168495 0.670555 -0.411461
v 0.121505 0.652002 -0.411461
v 0.123459 0.612594 -0.411461
v 0.254991 0.726295 -0.411461
v 0.250444 0.747076 -0.411461
v 0.183746 0.775239 -0.411461
v 0.135465 0.729690 -0.411461
v -0.200853 0.608645 -0.411461
v -0.123031 0.616770 -0.411461
v -0.121763 0.661191 -0.411461
v -0.170962 0.670042 -0.411461
v -0.247081 0.737319 -0.411461
v -0.250693 0.715214 -0.411461
v -0.140056 0.718761 -0.411461
v -0.166506 0.772849 -0.411461
v 0.000381 0.754349 -0.411461
v -0.000534 0.687263 -0.411461
v 0.168495 0.670555 -0.448569
v 0.121505 0.652002 -0.448569
v 0.121505 0.652002 -0.411461
v 0.168495 0.670555 -0.411461
v 0.123459 0.612594 -0.448569
v 0.202230 0.614738 -0.448569
v 0.202230 0.614738 -0.411461
v 0.123459 0.612594 -0.411461
v 0.170319 0.699099 -0.448569
v 0.170319 0.699099 -0.411461
v 0.212408 0.675560 -0.448569
v 0.212408 0.675560 -0.411461
v 0.254991 0.726295 -0.448569
v 0.254991 0.726295 -0.411461
v 0.254991 0.726295 -0.448569
v 0.250444 0.747076 -0.448569
v 0.250444 0.747076 -0.411461
v 0.254991 0.726295 -0.411461
v 0.209834 0.750638 -0.448569
v 0.209834 0.750638 -0.411461
v 0.183746 0.775239 -0.448569
v 0.183746 0.775239 -0.411461
v 0.135465 0.729690 -0.448569
v 0.135465 0.729690 -0.411461
v 0.000381 0.754349 -0.448569
v 0.000381 0.754349 -0.411461
v -0.000534 0.687263 -0.448569
v -0.000534 0.687263 -0.411461
v -0.200853 0.608645 -0.448569
v -0.123031 0.616770 -0.448569
v -0.123031 0.616770 -0.411461
v -0.200853 0.608645 -0.411461
v -0.121763 0.661191 -0.448569
v -0.170962 0.670042 -0.448569
v -0.170962 0.670042 -0.411461
v -0.121763 0.661191 -0.411461
v -0.213822 0.675616 -0.448569
v -0.213822 0.675616 -0.411461
v -0.173571 0.699646 -0.448569
v -0.173571 0.699646 -0.411461
v -0.212562 0.745240 -0.448569
v -0.247081 0.737319 -0.448569
v -0.247081 0.737319 -0.411461
v -0.212562 0.745240 -0.411461
v -0.250693 0.715214 -0.448569
v -0.250693 0.715214 -0.411461
v -0.250693 0.715214 -0.448569
v -0.250693 0.715214 -0.411461
v -0.140056 0.718761 -0.448569
v -0.140056 0.718761 -0.411461
v -0.166506 0.772849 -0.448569
v -0.166506 0.772849 -0.411461
v -0.021946 0.394045 -0.426600
v -0.005993 0.384050 -0.425094
v -0.004954 0.437012 -0.434734
v -0.026875 0.437641 -0.434423
v 0.010334 0.393120 -0.427058
v 0.016967 0.436385 -0.435045
v -0.022144 0.391583 -0.440123
v -0.006191 0.381588 -0.438617
v 0.010136 0.390658 -0.440582
v 0.010136 0.390658 -0.440582
v 0.016769 0.433922 -0.448568
v -0.022144 0.391583 -0.440123
v -0.027073 0.435178 -0.447946
v 0.002764 0.569104 -0.499039
v 0.000129 0.569141 -0.495826
v 0.010780 0.556359 -0.481623
v 0.019267 0.556221 -0.490260
v -0.003466 0.569225 -0.494319
v -0.001157 0.556651 -0.477960
v -0.007198 0.569335 -0.494862
v -0.013811 0.557030 -0.480110
v -0.010211 0.569448 -0.497331
v -0.024282 0.557410 -0.487580
v -0.011816 0.569537 -0.501159
v -0.030171 0.557702 -0.498659
v -0.011644 0.569582 -0.505471
v -0.030130 0.557841 -0.510809
v -0.009735 0.569573 -0.509279
v -0.024167 0.557795 -0.521246
v -0.006527 0.569511 -0.511709
v -0.013650 0.557573 -0.527581
v -0.002754 0.569411 -0.512206
v -0.000986 0.557228 -0.528360
v -0.002754 0.569411 -0.512206
v 0.000719 0.569296 -0.510655
v 0.010922 0.556837 -0.523407
v -0.000986 0.557228 -0.528360
v 0.003097 0.569192 -0.507412
v 0.019347 0.556491 -0.513855
v 0.003835 0.569123 -0.503220
v 0.022358 0.556269 -0.501892
v 0.016906 0.541947 -0.472487
v 0.029016 0.541750 -0.484811
v -0.000127 0.542364 -0.467260
v -0.018183 0.542905 -0.470327
v -0.033124 0.543447 -0.480986
v -0.041527 0.543864 -0.496795
v -0.041468 0.544063 -0.514132
v -0.032961 0.543996 -0.529026
v -0.017953 0.543680 -0.538064
v 0.000117 0.543187 -0.539176
v 0.017109 0.542629 -0.532108
v 0.000117 0.543187 -0.539176
v 0.029130 0.542135 -0.518478
v 0.033428 0.541818 -0.501409
v 0.021695 0.523495 -0.465189
v 0.036724 0.523251 -0.480484
v 0.000555 0.524013 -0.458701
v -0.021853 0.524684 -0.462508
v -0.040396 0.525356 -0.475737
v -0.050825 0.525875 -0.495357
v -0.050752 0.526121 -0.516873
v -0.040193 0.526038 -0.535358
v -0.021567 0.525646 -0.546575
v 0.000858 0.525034 -0.547956
v 0.021947 0.524342 -0.539183
v 0.000858 0.525034 -0.547956
v 0.036866 0.523729 -0.522267
v 0.042199 0.523335 -0.501083
v 0.024880 0.502591 -0.460149
v 0.041955 0.502313 -0.477526
v 0.000862 0.503178 -0.452778
v -0.024597 0.503941 -0.457103
v -0.045664 0.504705 -0.472132
v -0.057513 0.505294 -0.494423
v -0.057430 0.505573 -0.518869
v -0.045434 0.505480 -0.539870
v -0.024272 0.505034 -0.552614
v 0.001206 0.504338 -0.554182
v 0.025165 0.503552 -0.544216
v 0.001206 0.504338 -0.554182
v 0.042116 0.502856 -0.524997
v 0.048175 0.502409 -0.500930
v 0.026361 0.484489 -0.457622
v 0.044490 0.484194 -0.476072
v 0.000861 0.485113 -0.449797
v -0.026168 0.485923 -0.454388
v -0.048535 0.486733 -0.470345
v -0.061115 0.487358 -0.494011
v -0.061027 0.487655 -0.519966
v -0.048291 0.487556 -0.542262
v -0.025824 0.487083 -0.555793
v 0.001227 0.486344 -0.557458
v 0.026664 0.485510 -0.546876
v 0.001227 0.486344 -0.557458
v 0.044661 0.484770 -0.526472
v 0.051094 0.484296 -0.500919
v 0.005192 0.577600 -0.502162
v -0.013678 0.578140 -0.503183
v 0.004271 0.567584 -0.502403
v -0.013178 0.568084 -0.503348
v 0.074191 0.427093 -0.526710
v 0.051490 0.427803 -0.564217
v 0.040741 0.484104 -0.551633
v 0.058768 0.483541 -0.521847
v 0.013085 0.429004 -0.585345
v 0.010241 0.485058 -0.568412
v -0.030736 0.430374 -0.584433
v -0.024558 0.486146 -0.567687
v -0.068230 0.431547 -0.561724
v -0.054333 0.487078 -0.549653
v -0.068230 0.431547 -0.561724
v -0.089350 0.432207 -0.523304
v -0.071106 0.487602 -0.519142
v -0.054333 0.487078 -0.549653
v -0.088438 0.432179 -0.479467
v -0.070382 0.487579 -0.484330
v -0.065737 0.431469 -0.441960
v -0.052354 0.487016 -0.454544
v -0.027332 0.430268 -0.420832
v -0.021855 0.486062 -0.437765
v 0.016489 0.428898 -0.421744
v 0.012945 0.484974 -0.438490
v 0.053983 0.427725 -0.444453
v 0.042720 0.484043 -0.456523
v 0.075103 0.427065 -0.482873
v 0.059493 0.483518 -0.487034
v -0.021855 0.486062 -0.437765
v 0.012945 0.484974 -0.438490
v 0.040741 0.484104 -0.551633
v 0.010241 0.485058 -0.568412
v -0.024558 0.486146 -0.567687
v -0.052354 0.487016 -0.454544
v 0.372365 0.563614 -0.390863
v 0.370165 0.564704 -0.379384
v 0.375703 0.553807 -0.374701
v 0.379430 0.549714 -0.384889
v 0.358094 0.569924 -0.394361
v 0.358977 0.569651 -0.382127
v 0.343295 0.565690 -0.393748
v 0.347376 0.566332 -0.381645
v 0.334893 0.552894 -0.389309
v 0.340789 0.556301 -0.378165
v 0.336819 0.537524 -0.383121
v 0.342299 0.544251 -0.373315
v 0.348171 0.526770 -0.378081
v 0.351199 0.535821 -0.369364
v 0.363639 0.525666 -0.376547
v 0.363324 0.534955 -0.368161
v 0.375984 0.534727 -0.379235
v 0.373002 0.542059 -0.370268
v 0.362982 0.560709 -0.372968
v 0.365436 0.555881 -0.370894
v 0.358026 0.562900 -0.374183
v 0.354580 0.547913 -0.368529
v 0.359952 0.547529 -0.367996
v 0.364239 0.550676 -0.368930
v 0.463970 0.536790 -0.386589
v 0.453039 0.583917 -0.408036
v 0.454857 0.597471 -0.383103
v 0.465788 0.550345 -0.361655
v 0.425737 0.625667 -0.426097
v 0.427555 0.639222 -0.401163
v 0.370240 0.660192 -0.437540
v 0.365796 0.663236 -0.411237
v 0.337570 0.644265 -0.440289
v 0.335410 0.652529 -0.412666
v 0.294774 0.652229 -0.429935
v 0.302276 0.649562 -0.411003
v 0.251873 0.586556 -0.418209
v 0.257418 0.602502 -0.388293
v 0.247884 0.526420 -0.394157
v 0.249701 0.539975 -0.369223
v 0.269351 0.482693 -0.371245
v 0.275970 0.503023 -0.350460
v 0.292132 0.459989 -0.365383
v 0.293949 0.473544 -0.340449
v 0.338458 0.431748 -0.362129
v 0.340276 0.445303 -0.337195
v 0.411016 0.446709 -0.354648
v 0.412834 0.460264 -0.329714
v 0.447926 0.483090 -0.367637
v 0.449744 0.496645 -0.342704
v 0.439059 0.593298 -0.382137
v 0.449805 0.551913 -0.363011
v 0.417771 0.625853 -0.396219
v 0.365747 0.641387 -0.409818
v 0.343732 0.634239 -0.402661
v 0.309706 0.633860 -0.404339
v 0.276745 0.592785 -0.394160
v 0.267443 0.545475 -0.370636
v 0.286772 0.514832 -0.361731
v 0.304950 0.484864 -0.344513
v 0.344154 0.465719 -0.345247
v 0.401132 0.478405 -0.337555
v 0.436886 0.506565 -0.347283
v 0.581021 0.366718 -0.315313
v 0.581021 0.497917 -0.321318
v 0.535899 0.497930 -0.321326
v 0.531147 0.366718 -0.315313
v 0.573301 0.608309 -0.334654
v 0.533609 0.608309 -0.334654
v 0.544425 0.729348 -0.290416
v 0.506918 0.699577 -0.290416
v 0.482028 0.825101 -0.244261
v 0.446929 0.784232 -0.242863
v 0.482028 0.825101 -0.244261
v 0.373210 0.900818 -0.176609
v 0.359250 0.848096 -0.176609
v 0.446929 0.784232 -0.242863
v 0.581021 0.366718 -0.458150
v 0.581021 0.366718 -0.315313
v 0.531147 0.366718 -0.315313
v 0.531147 0.366718 -0.458150
v 0.535899 0.497930 -0.321326
v 0.535899 0.497930 -0.458123
v 0.581021 0.497917 -0.458123
v 0.581021 0.366718 -0.458150
v 0.533609 0.608309 -0.334654
v 0.533609 0.608309 -0.458111
v 0.573301 0.608309 -0.458111
v 0.506918 0.699577 -0.290416
v 0.506918 0.699577 -0.458111
v 0.544425 0.729348 -0.458111
v 0.446929 0.784232 -0.242863
v 0.446929 0.784232 -0.458126
v 0.482028 0.825101 -0.458122
v 0.446929 0.784232 -0.458126
v 0.359250 0.848096 -0.458205
v 0.373210 0.900818 -0.458205
v 0.482028 0.825101 -0.458122
v 0.373210 0.900818 -0.458205
v -0.000000 0.924882 -0.458205
v -0.000000 0.920199 -0.176609
v 0.373210 0.900818 -0.176609
v -0.000000 0.870731 -0.176609
v 0.359250 0.848096 -0.176609
v 0.359250 0.848096 -0.176609
v -0.000000 0.870731 -0.176609
v -0.000000 0.856508 -0.458205
v 0.359250 0.848096 -0.458205
v -0.581021 0.366718 -0.315313
v -0.531147 0.366718 -0.315313
v -0.535899 0.497930 -0.321326
v -0.581021 0.497917 -0.321318
v -0.533609 0.608309 -0.334654
v -0.573301 0.608309 -0.334654
v -0.506918 0.699577 -0.290416
v -0.544425 0.729348 -0.290416
v -0.435946 0.791554 -0.238969
v -0.471045 0.832424 -0.244178
v -0.471045 0.832424 -0.244178
v -0.435946 0.791554 -0.238969
v -0.359250 0.848096 -0.176609
v -0.373210 0.900818 -0.176609
v -0.581021 0.366718 -0.458150
v -0.531147 0.366718 -0.458150
v -0.531147 0.366718 -0.315313
v -0.581021 0.366718 -0.315313
v -0.535899 0.497930 -0.458123
v -0.535899 0.497930 -0.321326
v -0.581021 0.497917 -0.458123
v -0.581021 0.366718 -0.458150
v -0.533609 0.608309 -0.458111
v -0.533609 0.608309 -0.334654
v -0.573301 0.608309 -0.458111
v -0.506918 0.699577 -0.458111
v -0.506918 0.699577 -0.290416
v -0.544425 0.729348 -0.458111
v -0.435946 0.791554 -0.458126
v -0.435946 0.791554 -0.238969
v -0.471045 0.832424 -0.458122
v -0.435946 0.791554 -0.458126
v -0.359250 0.848096 -0.458205
v -0.373210 0.900818 -0.458205
v -0.471045 0.832424 -0.458122
v -0.373210 0.900818 -0.458205
v -0.373210 0.900818 -0.176609
v -0.359250 0.848096 -0.176609
v -0.000000 0.870731 -0.176609
v -0.359250 0.848096 -0.176609
v -0.359250 0.848096 -0.458205
v -0.358474 -0.003355 0.499370
v -0.429543 -0.003355 0.468167
v -0.433233 0.102648 0.434727
v -0.331359 0.102648 0.479455
v -0.429543 -0.003355 0.468167
v -0.492100 -0.003355 0.514114
v -0.522905 0.102648 0.500589
v -0.433233 0.102648 0.434727
v -0.492100 -0.003355 0.514114
v -0.483588 -0.003355 0.591263
v -0.510702 0.102648 0.611179
v -0.522905 0.102648 0.500589
v -0.483588 -0.003355 0.591263
v -0.412518 -0.003355 0.622466
v -0.408828 0.102648 0.655906
v -0.510702 0.102648 0.611179
v -0.412518 -0.003355 0.622466
v -0.349961 -0.003355 0.576519
v -0.319156 0.102648 0.590044
v -0.408828 0.102648 0.655906
v -0.349961 -0.003355 0.576519
v -0.358474 -0.003355 0.499370
v -0.331359 0.102648 0.479455
v -0.319156 0.102648 0.590044
v -0.492100 0.196085 0.514114
v -0.483588 0.196085 0.591263
v -0.412518 0.196085 0.622466
v -0.349961 0.196085 0.576519
v -0.358474 0.196085 0.499370
v -0.429543 0.196085 0.468167
v -0.412518 0.196085 0.622466
v -0.483588 0.196085 0.591263
v -0.483588 0.196085 0.591263
v -0.492100 0.196085 0.514114
v -0.492100 0.196085 0.514114
v -0.429543 0.196085 0.468167
v -0.429543 0.196085 0.468167
v -0.358474 0.196085 0.499370
v -0.358474 0.196085 0.499370
v -0.349961 0.196085 0.576519
v -0.349961 0.196085 0.576519
v -0.412518 0.196085 0.622466
v 0.304702 -0.003355 -0.430337
v 0.269194 -0.003355 -0.361318
v 0.250475 0.102648 -0.360410
v 0.294556 0.102648 -0.446095
v 0.269194 -0.003355 -0.361318
v 0.311213 -0.003355 -0.296058
v 0.302640 0.102648 -0.279393
v 0.311213 -0.003355 -0.296058
v 0.388739 -0.003355 -0.299817
v 0.398885 0.102648 -0.284060
v 0.302640 0.102648 -0.279393
v 0.388739 -0.003355 -0.299817
v 0.424247 -0.003355 -0.368837
v 0.442966 0.102648 -0.369744
v 0.398885 0.102648 -0.284060
v 0.424247 -0.003355 -0.368837
v 0.382228 -0.003355 -0.434097
v 0.390801 0.102648 -0.450762
v 0.442966 0.102648 -0.369744
v 0.382228 -0.003355 -0.434097
v 0.304702 -0.003355 -0.430337
v 0.390801 0.102648 -0.450762
v 0.311213 0.196085 -0.296058
v 0.388739 0.196085 -0.299817
v 0.424247 0.196085 -0.368836
v 0.382228 0.196085 -0.434097
v 0.304702 0.196085 -0.430337
v 0.269194 0.196085 -0.361318
v 0.424247 0.196085 -0.368836
v 0.388739 0.196085 -0.299817
v 0.388739 0.196085 -0.299817
v 0.311213 0.196085 -0.296058
v 0.311213 0.196085 -0.296058
v 0.269194 0.196085 -0.361318
v 0.269194 0.196085 -0.361318
v 0.304702 0.196085 -0.430337
v 0.304702 0.196085 -0.430337
v 0.382228 0.196085 -0.434097
v 0.382228 0.196085 -0.434097
v 0.424247 0.196085 -0.368836
v -0.280157 0.474883 -0.350648
v -0.289444 0.476013 -0.334665
v -0.282446 0.478837 -0.329726
v -0.273411 0.477077 -0.349579
v -0.276471 0.483171 -0.370365
v -0.284710 0.479712 -0.368242
v -0.344889 0.488932 -0.320842
v -0.352981 0.492732 -0.327015
v -0.360971 0.501280 -0.322270
v -0.345731 0.493142 -0.313394
v -0.333836 0.484677 -0.317049
v -0.335173 0.488864 -0.310247
v -0.304513 0.480229 -0.325201
v -0.320094 0.483319 -0.318311
v -0.318939 0.488458 -0.307735
v -0.299264 0.484534 -0.315653
v -0.292064 0.480608 -0.336953
v -0.281374 0.485313 -0.328405
v -0.277722 0.470906 -0.326285
v -0.268478 0.471374 -0.349658
v -0.270408 0.476684 -0.373965
v -0.371829 0.496722 -0.319472
v -0.348749 0.487407 -0.307422
v -0.338568 0.483644 -0.304843
v -0.317875 0.479089 -0.300092
v -0.297435 0.474725 -0.308154
v -0.274522 0.472659 -0.322363
v -0.278937 0.462623 -0.327140
v -0.269455 0.465282 -0.350569
v -0.270390 0.471478 -0.375147
v -0.374709 0.487046 -0.320641
v -0.350530 0.479888 -0.308011
v -0.340295 0.476550 -0.305419
v -0.319833 0.468534 -0.300993
v -0.299285 0.464178 -0.309153
v -0.276657 0.459579 -0.323707
v -0.280824 0.463280 -0.373319
v -0.276974 0.461263 -0.351947
v -0.287078 0.457267 -0.332869
v -0.366707 0.475067 -0.326164
v -0.350083 0.473251 -0.316348
v -0.339289 0.470052 -0.313042
v -0.323448 0.460510 -0.312300
v -0.303958 0.456112 -0.321016
v -0.288895 0.450943 -0.333510
v -0.291807 0.465214 -0.336269
v -0.281886 0.466983 -0.351822
v -0.286886 0.469766 -0.369719
v -0.355849 0.479625 -0.328962
v -0.347066 0.478987 -0.322320
v -0.335895 0.475271 -0.318446
v -0.323012 0.469524 -0.320385
v -0.307523 0.466312 -0.327300
v -0.295782 0.463620 -0.339477
v -0.280157 0.474883 -0.350648
v -0.289444 0.476013 -0.334665
v -0.284710 0.479712 -0.368242
v -0.344889 0.488932 -0.320842
v -0.352981 0.492732 -0.327015
v -0.333836 0.484677 -0.317049
v -0.304513 0.480229 -0.325201
v -0.320094 0.483319 -0.318311
v -0.292064 0.480608 -0.336953
v -0.332003 0.487932 -0.320643
v -0.333431 0.494623 -0.309387
v -0.335294 0.472893 -0.322877
v -0.332003 0.487932 -0.320643
v -0.340125 0.464035 -0.313931
v -0.340945 0.474375 -0.301320
v -0.338232 0.485780 -0.300395
v -0.289444 0.476013 -0.334665
v -0.291807 0.465214 -0.336269
v -0.282446 0.478837 -0.329726
v -0.289444 0.476013 -0.334665
v -0.277722 0.470906 -0.326285
v -0.278937 0.462623 -0.327140
v -0.287078 0.457267 -0.332869
v -0.333836 0.484677 -0.317049
v -0.335173 0.488864 -0.310247
v -0.335895 0.475271 -0.318446
v -0.333836 0.484677 -0.317049
v -0.339289 0.470052 -0.313042
v -0.340295 0.476550 -0.305419
v -0.338568 0.483644 -0.304843
v -0.383792 0.461178 -0.326947
v -0.395793 0.443629 -0.349945
v -0.371523 0.441323 -0.360427
v -0.360053 0.458095 -0.338447
v -0.395793 0.443629 -0.349945
v -0.407066 0.443056 -0.377886
v -0.382297 0.440775 -0.387130
v -0.371523 0.441323 -0.360427
v -0.414590 0.459613 -0.403282
v -0.389488 0.456599 -0.411402
v -0.416350 0.488864 -0.419329
v -0.391170 0.484555 -0.426738
v -0.411873 0.522972 -0.421726
v -0.386891 0.517152 -0.429029
v -0.402360 0.552796 -0.409832
v -0.377799 0.545656 -0.417661
v -0.390359 0.570345 -0.386833
v -0.366329 0.562428 -0.395681
v -0.379085 0.570918 -0.358892
v -0.355555 0.562976 -0.368978
v -0.371561 0.554361 -0.333496
v -0.348364 0.547152 -0.344706
v -0.369801 0.525110 -0.317450
v -0.346682 0.519196 -0.329370
v -0.374278 0.491003 -0.315052
v -0.350961 0.486599 -0.327079
v -0.291636 0.537434 -0.397269
v -0.285825 0.524608 -0.377640
v -0.262472 0.517548 -0.388754
v -0.267978 0.529701 -0.407352
v -0.300357 0.536965 -0.418873
v -0.276241 0.529257 -0.427821
v -0.309650 0.523326 -0.436663
v -0.285046 0.516333 -0.444677
v -0.317026 0.500172 -0.445872
v -0.292035 0.494395 -0.453403
v -0.320509 0.473706 -0.444034
v -0.295335 0.469319 -0.451661
v -0.319164 0.451021 -0.431639
v -0.294061 0.447825 -0.439918
v -0.313353 0.438195 -0.412011
v -0.288555 0.435672 -0.421320
v -0.304632 0.438664 -0.390407
v -0.280292 0.436117 -0.400850
v -0.295339 0.452303 -0.372617
v -0.304632 0.438664 -0.390407
v -0.280292 0.436117 -0.400850
v -0.271487 0.449040 -0.383994
v -0.287963 0.475458 -0.363407
v -0.264498 0.470978 -0.375268
v -0.284480 0.501923 -0.365246
v -0.261198 0.496054 -0.377010
v -0.358239 0.553852 -0.370091
v -0.352168 0.540452 -0.349585
v -0.288575 0.519272 -0.381481
v -0.293533 0.530216 -0.398229
v -0.367349 0.553362 -0.392660
v -0.300974 0.529816 -0.416662
v -0.377058 0.539113 -0.411245
v -0.308903 0.518178 -0.431841
v -0.384764 0.514924 -0.420866
v -0.315197 0.498422 -0.439699
v -0.388402 0.487276 -0.418946
v -0.318168 0.475841 -0.438130
v -0.386997 0.463577 -0.405998
v -0.317021 0.456485 -0.427555
v -0.380926 0.450177 -0.385492
v -0.312063 0.445542 -0.410807
v -0.371816 0.450667 -0.362922
v -0.304622 0.445942 -0.392374
v -0.362107 0.464916 -0.344337
v -0.371816 0.450667 -0.362922
v -0.304622 0.445942 -0.392374
v -0.296693 0.457579 -0.377195
v -0.354401 0.489105 -0.334716
v -0.290399 0.477336 -0.369337
v -0.350763 0.516753 -0.336637
v -0.287428 0.499917 -0.370906
v -0.371816 0.450667 -0.362922
v -0.362107 0.464916 -0.344337
v -0.380926 0.450177 -0.385492
v -0.371816 0.450667 -0.362922
v -0.386997 0.463577 -0.405998
v -0.388402 0.487276 -0.418946
v -0.384764 0.514924 -0.420866
v -0.377058 0.539113 -0.411245
v -0.367349 0.553362 -0.392660
v -0.358239 0.553852 -0.370091
v -0.352168 0.540452 -0.349585
v -0.350763 0.516753 -0.336637
v -0.354401 0.489105 -0.334716
v -0.293533 0.530216 -0.398229
v -0.288575 0.519272 -0.381481
v -0.300974 0.529816 -0.416662
v -0.308903 0.518178 -0.431841
v -0.315197 0.498422 -0.439699
v -0.318168 0.475841 -0.438130
v -0.317021 0.456485 -0.427555
v -0.312063 0.445542 -0.410807
v -0.304622 0.445942 -0.392374
v -0.296693 0.457579 -0.377195
v -0.304622 0.445942 -0.392374
v -0.290399 0.477336 -0.369337
v -0.287428 0.499917 -0.370906
v -0.280731 0.449455 -0.404246
v -0.274407 0.458736 -0.392141
v -0.286666 0.449135 -0.418947
v -0.280731 0.449455 -0.404246
v -0.290620 0.457863 -0.432304
v -0.291535 0.473300 -0.440738
v -0.289165 0.491309 -0.441989
v -0.284146 0.507065 -0.435722
v -0.277822 0.516346 -0.423617
v -0.271888 0.516665 -0.408916
v -0.267933 0.507937 -0.395559
v -0.267019 0.492501 -0.387125
v -0.269388 0.474492 -0.385874
v -0.407066 0.443056 -0.377886
v -0.395793 0.443629 -0.349945
v -0.379085 0.570918 -0.358892
v -0.390359 0.570345 -0.386833
v -0.383792 0.461178 -0.326947
v -0.371561 0.554361 -0.333496
v -0.402360 0.552796 -0.409832
v -0.414590 0.459613 -0.403282
v -0.411873 0.522972 -0.421726
v -0.416350 0.488864 -0.419329
v -0.374278 0.491003 -0.315052
v -0.369801 0.525110 -0.317450
v -0.002096 0.158016 0.130418
v -0.017533 0.155232 0.125108
v -0.047969 0.273397 0.123871
v -0.022455 0.277999 0.132647
v -0.029571 0.151956 0.135999
v -0.067865 0.267983 0.141871
v -0.026172 0.151464 0.152199
v -0.062247 0.267170 0.168646
v -0.010735 0.154248 0.157509
v -0.036733 0.271772 0.177422
v 0.001303 0.157524 0.146618
v -0.016837 0.277186 0.159422
v -0.002096 0.158016 0.130418
v -0.022455 0.277999 0.132647
v -0.022455 0.277999 0.132647
v -0.047969 0.273397 0.123871
v -0.067865 0.267983 0.141871
v -0.062247 0.267170 0.168646
v -0.036733 0.271772 0.177422
v -0.016837 0.277186 0.159422
v 0.442825 0.150534 -0.151840
v 0.570251 0.150534 -0.125064
v 0.570251 0.176347 -0.125064
v 0.442825 0.176347 -0.151840
v 0.586103 0.193445 -0.212470
v 0.458678 0.193445 -0.239245
v 0.586103 0.150534 -0.212470
v 0.458678 0.150534 -0.239245
v 0.570251 0.150534 -0.125064
v 0.586103 0.150534 -0.212470
v 0.458678 0.150534 -0.239245
v 0.442825 0.150534 -0.151840
v 0.412439 0.054440 -0.249346
v 0.346246 0.054439 0.115625
v 0.346246 0.131554 0.115625
v 0.412439 0.131554 -0.249346
v 0.626893 0.131554 -0.204283
v 0.560700 0.131554 0.160688
v 0.560700 0.054439 0.160688
v 0.626893 0.054440 -0.204283
v 0.560700 0.054439 0.160688
v 0.560700 0.131554 0.160688
v 0.594196 0.074088 -0.030698
v 0.567224 0.074088 0.118020
v 0.643383 0.076372 0.134023
v 0.670356 0.076372 -0.014695
v 0.643383 0.053193 0.134023
v 0.670356 0.053193 -0.014695
v 0.670356 0.053193 -0.014695
v 0.643383 0.053193 0.134023
v 0.567224 0.055383 0.118020
v 0.594196 0.055383 -0.030698
v 0.567224 0.055383 0.118020
v 0.643383 0.053193 0.134023
v 0.670356 0.053193 -0.014695
v 0.594196 0.055383 -0.030698
v 0.631416 -0.003114 -0.001930
v 0.611763 -0.003114 0.106431
v 0.610008 0.058063 0.116103
v 0.633170 0.058063 -0.011602
v 0.658929 0.058063 -0.006190
v 0.635767 0.058063 0.121516
v 0.637521 -0.003114 0.111844
v 0.657175 -0.003114 0.003482
v 0.611763 -0.003114 0.106431
v 0.610008 0.058063 0.116103
v 0.631416 -0.003114 -0.001930
v 0.633170 0.058063 -0.011602
v 0.384617 -0.003288 -0.269322
v 0.312070 -0.003288 0.130676
v 0.325597 0.055359 0.133519
v 0.398144 0.055359 -0.266479
v 0.579744 0.055359 0.186922
v 0.652290 0.055359 -0.213076
v 0.593271 -0.003288 0.189765
v 0.665817 -0.003288 -0.210233
v 0.312070 -0.003288 0.130676
v 0.593271 -0.003288 0.189765
v 0.665817 -0.003288 -0.210233
v 0.384617 -0.003288 -0.269322
v 0.407943 0.119982 -0.260499
v 0.337160 0.114963 0.129778
v 0.337160 0.151157 0.129778
v 0.407943 0.151157 -0.260499
v 0.566483 0.151157 0.177965
v 0.637266 0.151157 -0.212311
v 0.566483 0.114963 0.177965
v 0.637266 0.119982 -0.212311
v 0.637266 0.119982 -0.212311
v 0.566483 0.114963 0.177965
v 0.337160 0.114963 0.129778
v 0.407943 0.119982 -0.260499
v 0.337160 0.114963 0.129778
v 0.566483 0.114963 0.177965
v 0.637266 0.119982 -0.212311
v 0.407943 0.119982 -0.260499
v -0.596550 0.118426 0.222300
v -0.579001 0.118426 0.245786
v -0.309309 0.120719 0.212467
v -0.306128 0.120719 0.183450
v -0.579001 0.118426 0.245786
v -0.544751 0.124890 0.243482
v -0.556156 0.124890 0.184260
v -0.593086 0.118426 0.188087
v -0.315354 0.120719 0.156860
v -0.334844 0.124890 0.161260
v -0.328119 0.124890 0.216432
v -0.309309 0.120719 0.212467
v -0.593086 0.118426 0.188087
v -0.315354 0.120719 0.156860
v -0.439582 0.134033 0.235011
v -0.451037 0.134033 0.173953
v -0.451037 0.114024 0.173953
v -0.439582 0.114024 0.235011
v -0.584458 0.108325 0.119065
v -0.590904 0.108325 0.151411
v -0.306193 0.112123 0.117136
v -0.319203 0.112123 0.087578
v -0.578329 0.108325 0.186388
v -0.554069 0.119031 0.184027
v -0.560137 0.119031 0.116544
v -0.584458 0.108325 0.119065
v -0.305797 0.112123 0.154635
v -0.578329 0.108325 0.186388
v -0.457917 0.138312 0.173755
v -0.464577 0.138312 0.105557
v -0.464577 0.108165 0.105557
v -0.457917 0.108165 0.173755
v -0.319203 0.112123 0.087578
v -0.351118 0.119031 0.093980
v -0.336739 0.119031 0.161651
v -0.305797 0.112123 0.154635
v -0.601870 0.107347 0.086177
v -0.589580 0.107347 0.118307
v -0.325584 0.111290 0.089083
v -0.330401 0.111290 0.058206
v -0.589580 0.107347 0.118307
v -0.572183 0.118464 0.118340
v -0.565524 0.118464 0.055611
v -0.588814 0.107347 0.063742
v -0.344658 0.111290 0.034755
v -0.360889 0.118464 0.037224
v -0.344161 0.118464 0.093361
v -0.325584 0.111290 0.089083
v -0.588814 0.107347 0.063742
v -0.344658 0.111290 0.034755
v -0.457113 0.107598 0.047579
v -0.457113 0.133906 0.047579
v -0.463304 0.107598 0.105951
v -0.463304 0.133906 0.105951
v -0.395821 0.168510 0.123351
v -0.392509 0.163833 0.134459
v -0.407669 0.170849 0.120835
v -0.416206 0.168510 0.129427
v -0.412895 0.163833 0.140535
v -0.401047 0.161494 0.143051
v -0.393911 0.175660 0.123998
v -0.390087 0.170259 0.136825
v -0.407592 0.178361 0.121093
v -0.417450 0.175660 0.131015
v -0.413626 0.170259 0.143841
v -0.399945 0.167559 0.146747
v -0.394642 0.182087 0.127304
v -0.391331 0.177409 0.138413
v -0.406490 0.184426 0.124789
v -0.415028 0.182087 0.133381
v -0.411716 0.177409 0.144489
v -0.399868 0.175071 0.147005
v -0.416844 0.168223 0.142925
v -0.422416 0.159714 0.147347
v -0.420161 0.173364 0.134310
v -0.429049 0.169996 0.130117
v -0.434621 0.161487 0.134539
v -0.431304 0.156346 0.143154
v -0.417981 0.172877 0.146398
v -0.424414 0.163052 0.151504
v -0.421811 0.178814 0.136450
v -0.432074 0.174924 0.131609
v -0.438507 0.165099 0.136715
v -0.434677 0.159163 0.146663
v -0.421867 0.176490 0.148573
v -0.427439 0.167980 0.152996
v -0.425184 0.181631 0.139958
v -0.434073 0.178262 0.135766
v -0.439644 0.169753 0.140188
v -0.436327 0.164612 0.148803
v -0.388504 0.145063 0.157642
v -0.380518 0.146416 0.134850
v -0.376442 0.163625 0.135327
v -0.385499 0.162091 0.161176
v -0.387425 0.146416 0.111678
v -0.384276 0.163625 0.109047
v -0.406587 0.145063 0.096977
v -0.406007 0.162091 0.092375
v -0.430684 0.142874 0.096363
v -0.433336 0.159608 0.091678
v -0.450512 0.140685 0.110070
v -0.455824 0.157125 0.107224
v -0.458497 0.139332 0.132863
v -0.464880 0.155591 0.133073
v -0.451590 0.139332 0.156034
v -0.457047 0.155591 0.159353
v -0.432429 0.140685 0.170735
v -0.435316 0.157125 0.176025
v -0.408332 0.142874 0.171349
v -0.407987 0.159608 0.176722
v -0.489546 0.136364 0.134324
v -0.488295 0.136364 0.122222
v -0.484495 0.159136 0.121089
v -0.486058 0.159136 0.136210
v -0.495968 0.136364 0.112779
v -0.494082 0.159136 0.109291
v -0.508071 0.136364 0.111528
v -0.509203 0.159136 0.107728
v -0.517513 0.136364 0.119201
v -0.521001 0.159136 0.117315
v -0.518764 0.136364 0.131304
v -0.522564 0.159136 0.132436
v -0.511091 0.136364 0.140746
v -0.512977 0.159136 0.144234
v -0.511091 0.136364 0.140746
v -0.498988 0.136364 0.141997
v -0.497856 0.159136 0.145797
v -0.512977 0.159136 0.144234
v -0.485314 0.181759 0.136612
v -0.483685 0.181759 0.120847
v -0.489795 0.181759 0.122669
v -0.490923 0.181759 0.133580
v -0.493680 0.181759 0.108547
v -0.496712 0.181759 0.114156
v -0.509445 0.181759 0.106918
v -0.507623 0.181759 0.113028
v -0.521745 0.181759 0.116913
v -0.516136 0.181759 0.119946
v -0.523374 0.181759 0.132678
v -0.517264 0.181759 0.130857
v -0.513379 0.181759 0.144978
v -0.510347 0.181759 0.139370
v -0.513379 0.181759 0.144978
v -0.497614 0.181759 0.146608
v -0.499435 0.181759 0.140497
v -0.510347 0.181759 0.139370
v -0.490923 0.181759 0.133580
v -0.489795 0.181759 0.122669
v -0.493533 0.145224 0.127796
v -0.510347 0.181759 0.139370
v -0.504563 0.145224 0.136759
v -0.395128 0.120296 0.024037
v -0.389559 0.111105 0.083348
v -0.389559 0.148428 0.083348
v -0.395128 0.154833 0.024037
v -0.361303 0.148428 0.075052
v -0.359032 0.154833 0.022894
v -0.361303 0.108060 0.075052
v -0.359032 0.120296 0.022894
v -0.366589 0.117332 0.238693
v -0.326800 0.117332 0.226012
v -0.326800 0.157797 0.226012
v -0.366589 0.157797 0.238693
v -0.359032 0.120296 0.022894
v -0.395128 0.120296 0.024037
v -0.346062 0.154924 0.169733
v -0.326800 0.117332 0.226012
v -0.346062 0.111105 0.169733
v -0.377689 0.154924 0.177267
v -0.377689 0.111105 0.177267
v -0.366589 0.117332 0.238693
v -0.354845 0.152636 0.122523
v -0.354845 0.109432 0.122523
v -0.383064 0.111105 0.130917
v -0.383064 0.152636 0.130917
v -0.367513 -0.004393 0.182380
v -0.381670 0.128785 0.096051
v -0.390739 0.128785 0.043002
v -0.374784 -0.004393 0.139849
v -0.359515 0.128785 0.095970
v -0.344155 -0.004393 0.182295
v -0.351426 -0.004393 0.139764
v -0.368585 0.128785 0.042922
v -0.374784 -0.004393 0.139849
v -0.390739 0.128785 0.043002
v -0.384473 -0.004393 0.058300
v -0.378134 -0.004393 0.101109
v -0.363244 0.128785 0.198565
v -0.371151 0.128785 0.145170
v -0.354426 0.128785 0.144384
v -0.346518 0.128785 0.197779
v -0.360500 -0.004393 0.100281
v -0.366839 -0.004393 0.057472
v -0.384473 -0.004393 0.058300
v -0.371151 0.128785 0.145170
v -0.532142 -0.004393 0.199045
v -0.546372 0.128785 0.112737
v -0.555484 0.128785 0.059702
v -0.539447 -0.004393 0.156524
v -0.524359 0.128785 0.112698
v -0.508932 -0.004393 0.199004
v -0.516238 -0.004393 0.156483
v -0.533471 0.128785 0.059663
v -0.539447 -0.004393 0.156524
v -0.555484 0.128785 0.059702
v -0.549465 -0.004393 0.075073
v -0.542935 -0.004393 0.117825
v -0.527625 0.128785 0.215155
v -0.535770 0.128785 0.161831
v -0.519548 0.128785 0.161196
v -0.511403 0.128785 0.214520
v -0.525831 -0.004393 0.117155
v -0.532362 -0.004393 0.074403
v -0.549465 -0.004393 0.075073
v -0.535770 0.128785 0.161831
v -0.295684 0.061267 0.358559
v -0.280847 0.061267 0.316431
v -0.289091 0.085495 0.316229
v -0.302235 0.085495 0.353550
v -0.293606 0.061267 0.273627
v -0.300394 0.085495 0.278310
v -0.329087 0.061267 0.246498
v -0.331826 0.085495 0.254276
v -0.373738 0.061267 0.245405
v -0.371383 0.085495 0.253308
v -0.410504 0.061267 0.270766
v -0.403953 0.085495 0.275775
v -0.425341 0.061267 0.312894
v -0.417097 0.085495 0.313096
v -0.412583 0.061267 0.355698
v -0.405795 0.085495 0.351016
v -0.377101 0.061267 0.382827
v -0.374362 0.085495 0.375049
v -0.332450 0.061267 0.383920
v -0.334806 0.085495 0.376017
v -0.287135 -0.002659 0.297152
v -0.311192 -0.002659 0.284143
v -0.323178 0.066195 0.295893
v -0.309686 0.066195 0.303189
v -0.324200 -0.002659 0.308200
v -0.330474 0.066195 0.309385
v -0.324200 -0.002659 0.308200
v -0.300143 -0.002659 0.321209
v -0.316982 0.066195 0.316681
v -0.330474 0.066195 0.309385
v -0.375185 -0.002659 0.243663
v -0.387654 -0.002659 0.268004
v -0.375474 0.066195 0.280547
v -0.368481 0.066195 0.266895
v -0.363313 -0.002659 0.280473
v -0.361822 0.066195 0.287540
v -0.363313 -0.002659 0.280473
v -0.350844 -0.002659 0.256132
v -0.354829 0.066195 0.273888
v -0.361822 0.066195 0.287540
v -0.334543 -0.002659 0.387992
v -0.319941 -0.002659 0.364867
v -0.331729 0.066195 0.351462
v -0.339918 0.066195 0.364432
v -0.343067 -0.002659 0.350266
v -0.344699 0.066195 0.343273
v -0.343067 -0.002659 0.350266
v -0.357668 -0.002659 0.373391
v -0.352888 0.066195 0.356243
v -0.344699 0.066195 0.343273
v -0.420725 -0.002659 0.335532
v -0.396695 -0.002659 0.348591
v -0.384757 0.066195 0.336623
v -0.398234 0.066195 0.329298
v -0.383636 -0.002659 0.324562
v -0.377432 0.066195 0.323145
v -0.383636 -0.002659 0.324562
v -0.407666 -0.002659 0.311503
v -0.390910 0.066195 0.315821
v -0.377432 0.066195 0.323145
v -0.511268 -0.001527 0.337313
v -0.501458 -0.001527 0.321777
v -0.509377 0.044730 0.312771
v -0.514879 0.044730 0.321484
v -0.516995 -0.001527 0.311967
v -0.518091 0.044730 0.307269
v -0.516995 -0.001527 0.311967
v -0.526804 -0.001527 0.327503
v -0.523593 0.044730 0.315982
v -0.518091 0.044730 0.307269
v -0.485162 0.041420 0.317539
v -0.475194 0.041420 0.289236
v -0.480732 0.057697 0.289100
v -0.489563 0.057697 0.314173
v -0.483765 0.041420 0.260479
v -0.488326 0.057697 0.263625
v -0.507603 0.041420 0.242253
v -0.509443 0.057697 0.247479
v -0.537601 0.041420 0.241519
v -0.536018 0.057697 0.246828
v -0.562301 0.041420 0.258557
v -0.557900 0.057697 0.261922
v -0.572269 0.041420 0.286860
v -0.566730 0.057697 0.286996
v -0.563697 0.041420 0.315617
v -0.559137 0.057697 0.312471
v -0.539860 0.041420 0.333843
v -0.538020 0.057697 0.328617
v -0.509862 0.041420 0.334577
v -0.511445 0.057697 0.329268
v -0.538573 -0.001527 0.240348
v -0.546950 -0.001527 0.256702
v -0.538767 0.044730 0.265128
v -0.534068 0.044730 0.255956
v -0.530596 -0.001527 0.265078
v -0.529595 0.044730 0.269826
v -0.530596 -0.001527 0.265078
v -0.522220 -0.001527 0.248725
v -0.524897 0.044730 0.260655
v -0.529595 0.044730 0.269826
v -0.479418 -0.001527 0.276284
v -0.495580 -0.001527 0.267544
v -0.503633 0.044730 0.275438
v -0.494568 0.044730 0.280339
v -0.504320 -0.001527 0.283706
v -0.508535 0.044730 0.284502
v -0.504320 -0.001527 0.283706
v -0.488158 -0.001527 0.292446
v -0.499470 0.044730 0.289404
v -0.508535 0.044730 0.284502
v -0.569168 -0.001527 0.302069
v -0.553024 -0.001527 0.310842
v -0.545003 0.044730 0.302801
v -0.554057 0.044730 0.297881
v -0.544250 -0.001527 0.294698
v -0.540082 0.044730 0.293747
v -0.544250 -0.001527 0.294698
v -0.560394 -0.001527 0.285925
v -0.549137 0.044730 0.288826
v -0.540082 0.044730 0.293747
v -0.554150 0.112782 0.038421
v -0.559599 0.110861 0.098035
v -0.559599 0.150163 0.098035
v -0.554150 0.164664 0.038421
v -0.529226 0.150163 0.096671
v -0.511608 0.164664 0.039459
v -0.529226 0.107654 0.096671
v -0.511608 0.112782 0.039458
v -0.542666 0.111132 0.252342
v -0.503330 0.111132 0.253065
v -0.503330 0.166314 0.253065
v -0.542666 0.166314 0.252342
v -0.511608 0.112782 0.039458
v -0.554150 0.112782 0.038421
v -0.521330 0.157003 0.192004
v -0.503330 0.111132 0.253065
v -0.521330 0.110861 0.192004
v -0.554953 0.157003 0.194834
v -0.554953 0.110861 0.194834
v -0.542666 0.111132 0.252342
v -0.530412 0.154594 0.142571
v -0.530412 0.109098 0.142571
v -0.561827 0.110861 0.145344
v -0.561827 0.154594 0.145344
v 0.577452 0.465286 -0.238997
v 0.592603 0.465286 -0.208140
v 0.587095 0.537060 -0.202793
v 0.569854 0.537060 -0.237909
v 0.622996 0.465286 -0.192081
v 0.621683 0.537060 -0.184518
v 0.657025 0.465286 -0.196954
v 0.660408 0.537060 -0.190064
v 0.681690 0.465286 -0.220898
v 0.688477 0.537060 -0.217312
v 0.687571 0.465286 -0.254767
v 0.695169 0.537060 -0.255855
v 0.672420 0.465286 -0.285624
v 0.677928 0.537060 -0.290971
v 0.642026 0.465286 -0.301683
v 0.643340 0.537060 -0.309246
v 0.607998 0.465286 -0.296810
v 0.604615 0.537060 -0.303700
v 0.583333 0.465286 -0.272866
v 0.576546 0.537060 -0.276452
v 0.583333 0.465286 -0.272866
v 0.576546 0.537060 -0.276452
v 0.621683 0.537060 -0.184518
v 0.660408 0.537060 -0.190064
v 0.677928 0.537060 -0.290971
v 0.643340 0.537060 -0.309246
v 0.604615 0.537060 -0.303700
v 0.587095 0.537060 -0.202793
v 0.695169 0.537060 -0.255855
v 0.688477 0.537060 -0.217312
v 0.576546 0.537060 -0.276452
v 0.569854 0.537060 -0.237909
v 0.622996 0.465286 -0.192081
v 0.592603 0.465286 -0.208140
v 0.607998 0.465286 -0.296810
v 0.642026 0.465286 -0.301683
v 0.657025 0.465286 -0.196954
v 0.672420 0.465286 -0.285624
v 0.681690 0.465286 -0.220898
v 0.687571 0.465286 -0.254767
v 0.577452 0.465286 -0.238997
v 0.583333 0.465286 -0.272866
v 0.581755 0.535867 -0.239613
v 0.595721 0.535866 -0.211168
v 0.590027 0.581732 -0.205640
v 0.573899 0.581732 -0.238488
v 0.623740 0.535866 -0.196364
v 0.622382 0.581732 -0.188545
v 0.655109 0.535866 -0.200856
v 0.658606 0.581732 -0.193733
v 0.677846 0.535867 -0.222929
v 0.684863 0.581732 -0.219222
v 0.683267 0.535867 -0.254151
v 0.691123 0.581732 -0.255276
v 0.669301 0.535867 -0.282596
v 0.674996 0.581732 -0.288124
v 0.641283 0.535867 -0.297400
v 0.642641 0.581732 -0.305219
v 0.609914 0.535867 -0.292908
v 0.606416 0.581732 -0.300031
v 0.587176 0.535867 -0.270835
v 0.580160 0.581732 -0.274543
v 0.581755 0.535867 -0.239613
v 0.573899 0.581732 -0.238488
v 0.594326 0.446762 -0.240848
v 0.604820 0.449198 -0.219771
v 0.600613 0.467826 -0.215916
v 0.588504 0.467826 -0.240580
v 0.625720 0.449198 -0.208728
v 0.624906 0.467826 -0.203081
v 0.649045 0.446762 -0.211936
v 0.652104 0.467826 -0.206976
v 0.665883 0.442820 -0.228170
v 0.671819 0.467826 -0.226113
v 0.669805 0.438878 -0.251229
v 0.676519 0.467826 -0.253184
v 0.659311 0.436441 -0.272305
v 0.664410 0.467826 -0.277848
v 0.638411 0.436441 -0.283348
v 0.640117 0.467826 -0.290683
v 0.615086 0.438878 -0.280140
v 0.612918 0.467826 -0.286788
v 0.598248 0.442820 -0.263906
v 0.593204 0.467826 -0.267651
v 0.597361 0.400502 -0.228634
v 0.605745 0.406961 -0.214664
v 0.620980 0.406961 -0.206615
v 0.637245 0.400502 -0.207561
v 0.648328 0.390050 -0.217141
v 0.649997 0.379598 -0.231696
v 0.641612 0.373139 -0.245666
v 0.626378 0.373139 -0.253715
v 0.610113 0.379598 -0.252769
v 0.599029 0.390050 -0.243189
v 0.594831 0.349725 -0.205890
v 0.600327 0.354526 -0.197550
v 0.609895 0.354526 -0.192495
v 0.619881 0.349725 -0.192654
v 0.626471 0.341957 -0.197968
v 0.627147 0.334188 -0.206406
v 0.621651 0.329387 -0.214746
v 0.612084 0.329387 -0.219801
v 0.602097 0.334188 -0.219641
v 0.595508 0.341957 -0.214328
v 0.591772 0.307707 -0.175231
v 0.596556 0.307707 -0.172703
v 0.617535 0.366699 -0.188148
v 0.592708 0.366699 -0.201265
v 0.600085 0.303093 -0.173591
v 0.638663 0.348718 -0.198080
v 0.598830 0.298478 -0.177007
v 0.634962 0.330738 -0.221131
v 0.594046 0.298478 -0.179534
v 0.610135 0.330738 -0.234249
v 0.590517 0.303093 -0.178647
v 0.589008 0.348718 -0.224316
v 0.591772 0.307707 -0.175231
v 0.592708 0.366699 -0.201265
v 0.594046 0.298478 -0.179534
v 0.598830 0.298478 -0.177007
v 0.600085 0.303093 -0.173591
v 0.590517 0.303093 -0.178647
v 0.596556 0.307707 -0.172703
v 0.591772 0.307707 -0.175231
v 0.638663 0.348718 -0.198080
v 0.634962 0.330738 -0.221131
v 0.610135 0.330738 -0.234249
v 0.589008 0.348718 -0.224316
v 0.592708 0.366699 -0.201265
v 0.617535 0.366699 -0.188148
v -0.581366 0.465286 -0.201484
v -0.547800 0.465286 -0.194068
v -0.547059 0.537060 -0.186427
v -0.585257 0.537060 -0.194867
v -0.516285 0.465286 -0.207797
v -0.511195 0.537060 -0.202051
v -0.498859 0.465286 -0.237428
v -0.491364 0.537060 -0.235772
v -0.502177 0.465286 -0.271643
v -0.495140 0.537060 -0.274709
v -0.524973 0.465286 -0.297373
v -0.521082 0.537060 -0.303989
v -0.558539 0.465286 -0.304789
v -0.559281 0.537060 -0.312430
v -0.590054 0.465286 -0.291060
v -0.595144 0.537060 -0.296806
v -0.607480 0.465286 -0.261429
v -0.614976 0.537060 -0.263085
v -0.604162 0.465286 -0.227214
v -0.611199 0.537060 -0.224148
v -0.604162 0.465286 -0.227214
v -0.611199 0.537060 -0.224148
v -0.511195 0.537060 -0.202051
v -0.491364 0.537060 -0.235772
v -0.559281 0.537060 -0.312430
v -0.595144 0.537060 -0.296806
v -0.614976 0.537060 -0.263085
v -0.547059 0.537060 -0.186427
v -0.521082 0.537060 -0.303989
v -0.495140 0.537060 -0.274709
v -0.611199 0.537060 -0.224148
v -0.585257 0.537060 -0.194867
v -0.516285 0.465286 -0.207797
v -0.547800 0.465286 -0.194068
v -0.607480 0.465286 -0.261429
v -0.590054 0.465286 -0.291060
v -0.498859 0.465286 -0.237428
v -0.558539 0.465286 -0.304789
v -0.502177 0.465286 -0.271643
v -0.524973 0.465286 -0.297373
v -0.581366 0.465286 -0.201484
v -0.604162 0.465286 -0.227214
v -0.579162 0.535866 -0.205231
v -0.548219 0.535866 -0.198394
v -0.547453 0.581732 -0.190495
v -0.583185 0.581732 -0.198390
v -0.519168 0.535866 -0.211050
v -0.513905 0.581732 -0.205110
v -0.503103 0.535867 -0.238366
v -0.495354 0.581732 -0.236653
v -0.506163 0.535867 -0.269907
v -0.498887 0.581732 -0.273076
v -0.527177 0.535867 -0.293626
v -0.523154 0.581732 -0.300466
v -0.558120 0.535867 -0.300463
v -0.558886 0.581732 -0.308362
v -0.587172 0.535867 -0.287807
v -0.592434 0.581732 -0.293747
v -0.603236 0.535867 -0.260491
v -0.610985 0.581732 -0.262203
v -0.600177 0.535867 -0.228950
v -0.607452 0.581732 -0.225780
v -0.579162 0.535866 -0.205231
v -0.583185 0.581732 -0.198390
v -0.572282 0.446762 -0.215824
v -0.549265 0.449198 -0.210872
v -0.548878 0.467826 -0.205179
v -0.575706 0.467826 -0.211107
v -0.527594 0.449198 -0.220313
v -0.523688 0.467826 -0.216153
v -0.515546 0.446762 -0.240541
v -0.509760 0.467826 -0.239837
v -0.517723 0.442820 -0.263829
v -0.512412 0.467826 -0.267184
v -0.533295 0.438878 -0.281283
v -0.530633 0.467826 -0.287749
v -0.556312 0.436441 -0.286234
v -0.557462 0.467826 -0.293677
v -0.577983 0.436441 -0.276793
v -0.582651 0.467826 -0.282704
v -0.590031 0.438878 -0.256566
v -0.596579 0.467826 -0.259020
v -0.587853 0.442820 -0.233278
v -0.593927 0.467826 -0.231673
v -0.560845 0.400502 -0.210575
v -0.544696 0.406961 -0.208409
v -0.528901 0.406961 -0.215290
v -0.519490 0.400502 -0.228591
v -0.520060 0.390050 -0.243229
v -0.530392 0.379598 -0.253615
v -0.546540 0.373139 -0.255781
v -0.562336 0.373139 -0.248899
v -0.571747 0.379598 -0.235599
v -0.571177 0.390050 -0.220960
v -0.544650 0.349725 -0.194405
v -0.534705 0.354526 -0.193495
v -0.524784 0.354526 -0.197817
v -0.518677 0.349725 -0.205720
v -0.518717 0.341957 -0.214185
v -0.524889 0.334188 -0.219979
v -0.534835 0.329387 -0.220889
v -0.544755 0.329387 -0.216567
v -0.550862 0.334188 -0.208664
v -0.550822 0.341957 -0.200199
v -0.522602 0.307707 -0.172883
v -0.517642 0.307707 -0.175044
v -0.516619 0.366699 -0.201075
v -0.542362 0.366699 -0.189860
v -0.516133 0.303093 -0.178355
v -0.511197 0.348718 -0.223782
v -0.519586 0.298478 -0.179506
v -0.531518 0.330738 -0.235275
v -0.524546 0.298478 -0.177345
v -0.557261 0.330738 -0.224060
v -0.526055 0.303093 -0.174033
v -0.562683 0.348718 -0.201352
v -0.522602 0.307707 -0.172883
v -0.542362 0.366699 -0.189860
v -0.524546 0.298478 -0.177345
v -0.519586 0.298478 -0.179506
v -0.516133 0.303093 -0.178355
v -0.526055 0.303093 -0.174033
v -0.517642 0.307707 -0.175044
v -0.522602 0.307707 -0.172883
v -0.511197 0.348718 -0.223782
v -0.531518 0.330738 -0.235275
v -0.557261 0.330738 -0.224060
v -0.562683 0.348718 -0.201352
v -0.542362 0.366699 -0.189860
v -0.516619 0.366699 -0.201075
v -0.527494 -0.023026 -0.447426
v -0.560465 -0.023026 -0.497054
v -0.564554 0.140847 -0.490319
v -0.533656 0.140847 -0.443810
v -0.713133 -0.023026 -0.283243
v -0.625157 -0.023026 -0.265381
v -0.625179 0.140847 -0.273208
v -0.712765 0.140847 -0.289947
v -0.560465 -0.023026 -0.282737
v -0.564554 0.140847 -0.289472
v -0.527494 -0.023026 -0.332366
v -0.533656 0.140847 -0.335982
v -0.521362 -0.023026 -0.389896
v -0.527909 0.140847 -0.389896
v -0.573050 0.140847 -0.348764
v -0.568791 0.140847 -0.389896
v -0.577627 0.338447 -0.389896
v -0.581289 0.338447 -0.354534
v -0.592486 0.140847 -0.318654
v -0.597997 0.338447 -0.328648
v -0.632399 0.140847 -0.307632
v -0.632311 0.338447 -0.319173
v -0.700484 0.140847 -0.318654
v -0.699983 0.338447 -0.328648
v -0.573050 0.140847 -0.431027
v -0.592486 0.140847 -0.461138
v -0.597997 0.338447 -0.451143
v -0.581289 0.338447 -0.425257
v -0.592486 0.140847 -0.461138
v -0.573050 0.140847 -0.431027
v -0.632399 0.140847 -0.307632
v -0.700484 0.140847 -0.318654
v -0.592486 0.140847 -0.318654
v -0.573050 0.140847 -0.348764
v -0.568791 0.140847 -0.389896
v -0.547006 0.921101 -0.389896
v -0.552738 0.921101 -0.334546
v -0.578892 0.921101 -0.294027
v -0.632602 0.921101 -0.279196
v -0.701718 0.921101 -0.294027
v -0.632311 0.338447 -0.460618
v -0.699983 0.338447 -0.451143
v -0.701718 0.921101 -0.485764
v -0.632602 0.921101 -0.500595
v -0.578892 0.921101 -0.485764
v -0.552738 0.921101 -0.445245
v -0.701718 0.921101 -0.294027
v -0.632602 0.921101 -0.279196
v -0.632602 0.921101 -0.500595
v -0.701718 0.921101 -0.485764
v -0.578892 0.921101 -0.485764
v -0.578892 0.921101 -0.294027
v 0.527494 -0.023026 -0.447426
v 0.533656 0.140847 -0.443810
v 0.564554 0.140847 -0.490319
v 0.560465 -0.023026 -0.497054
v 0.713133 -0.023026 -0.283243
v 0.712765 0.140847 -0.289947
v 0.625179 0.140847 -0.273208
v 0.625157 -0.023026 -0.265381
v 0.564554 0.140847 -0.289472
v 0.560465 -0.023026 -0.282737
v 0.533656 0.140847 -0.335982
v 0.527494 -0.023026 -0.332366
v 0.527909 0.140847 -0.389896
v 0.521362 -0.023026 -0.389896
v 0.573050 0.140847 -0.348764
v 0.581289 0.338447 -0.354534
v 0.577627 0.338447 -0.389896
v 0.568791 0.140847 -0.389896
v 0.592486 0.140847 -0.318654
v 0.597997 0.338447 -0.328648
v 0.632399 0.140847 -0.307632
v 0.632311 0.338447 -0.319173
v 0.700484 0.140847 -0.318654
v 0.699983 0.338447 -0.328648
v 0.632399 0.140847 -0.472159
v 0.632311 0.338447 -0.460618
v 0.699983 0.338447 -0.451143
v 0.700484 0.140744 -0.461138
v 0.592486 0.140847 -0.461138
v 0.597997 0.338447 -0.451143
v 0.573050 0.140847 -0.431027
v 0.581289 0.338447 -0.425257
v 0.592486 0.140847 -0.461138
v 0.573050 0.140847 -0.431027
v 0.632399 0.140847 -0.472159
v 0.625179 0.140744 -0.506584
v 0.700484 0.140744 -0.461138
v 0.712765 0.140744 -0.489845
v 0.632399 0.140847 -0.307632
v 0.700484 0.140847 -0.318654
v 0.592486 0.140847 -0.318654
v 0.573050 0.140847 -0.348764
v 0.568791 0.140847 -0.389896
v 0.552738 0.921101 -0.334546
v 0.547006 0.921101 -0.389896
v 0.578892 0.921101 -0.294027
v 0.632602 0.921101 -0.279196
v 0.701718 0.921101 -0.294027
v 0.632602 0.921101 -0.500595
v 0.701718 0.921101 -0.485764
v 0.578892 0.921101 -0.485764
v 0.552738 0.921101 -0.445245
v 0.701718 0.921101 -0.485764
v 0.699983 0.338447 -0.451143
v 0.699983 0.338447 -0.451143
v 0.700484 0.140744 -0.461138
v 0.712765 0.140744 -0.489845
v 0.712765 0.140847 -0.289947
v 0.713133 -0.023026 -0.283243
v 0.713133 -0.025216 -0.496548
v 0.700484 0.140744 -0.461138
v 0.700484 0.140847 -0.318654
v 0.701718 0.921101 -0.294027
v 0.701718 0.921101 -0.485764
v 0.632602 0.921101 -0.500595
v 0.632602 0.921101 -0.279196
v 0.578892 0.921101 -0.485764
v 0.578892 0.921101 -0.294027
v -0.527494 -0.023026 0.507325
v -0.560465 -0.023026 0.457697
v -0.564554 0.140847 0.464432
v -0.533656 0.140847 0.510941
v -0.625157 -0.023026 0.440341
v -0.625179 0.140744 0.448167
v -0.713133 -0.023026 0.458203
v -0.712765 0.140744 0.464906
v -0.713133 -0.023026 0.671508
v -0.625157 -0.023026 0.689370
v -0.625179 0.140847 0.681543
v -0.712765 0.140847 0.664804
v -0.560465 -0.023026 0.672014
v -0.564554 0.140847 0.665279
v -0.527494 -0.023026 0.622386
v -0.533656 0.140847 0.618769
v -0.521362 -0.023026 0.564855
v -0.527909 0.140847 0.564855
v -0.573050 0.140847 0.605987
v -0.568791 0.140847 0.564855
v -0.577627 0.338447 0.564855
v -0.581289 0.338447 0.600217
v -0.592486 0.140847 0.636097
v -0.597997 0.338447 0.626103
v -0.632399 0.140847 0.647119
v -0.632311 0.338447 0.635578
v -0.700484 0.140847 0.636097
v -0.699983 0.338447 0.626103
v -0.632399 0.140847 0.482592
v -0.700484 0.140744 0.493613
v -0.699983 0.338447 0.503608
v -0.632311 0.338447 0.494133
v -0.592486 0.140847 0.493613
v -0.597997 0.338447 0.503608
v -0.573050 0.140847 0.523724
v -0.581289 0.338447 0.529494
v -0.592486 0.140847 0.493613
v -0.573050 0.140847 0.523724
v -0.632399 0.140847 0.482592
v -0.700484 0.140744 0.493613
v -0.632399 0.140847 0.647119
v -0.700484 0.140847 0.636097
v -0.592486 0.140847 0.636097
v -0.573050 0.140847 0.605987
v -0.568791 0.140847 0.564855
v -0.547006 0.921101 0.564855
v -0.552738 0.921101 0.620205
v -0.578892 0.921101 0.660724
v -0.632602 0.921101 0.675555
v -0.701718 0.921101 0.660724
v -0.701718 0.921101 0.468987
v -0.632602 0.921101 0.454156
v -0.578892 0.921101 0.468987
v -0.552738 0.921101 0.509506
v -0.701718 0.921101 0.660724
v -0.632602 0.921101 0.675555
v -0.632602 0.921101 0.454156
v -0.701718 0.921101 0.468987
v -0.578892 0.921101 0.468987
v -0.578892 0.921101 0.660724
v -0.712307 0.452463 -0.287865
v -0.529473 0.452463 -0.281151
v -0.529473 0.543283 -0.281151
v -0.712307 0.543283 -0.287865
v -0.711724 0.566384 -0.297407
v -0.711724 0.566384 -0.387829
v -0.711724 0.429362 -0.387829
v -0.711724 0.429362 -0.297407
v -0.504722 0.452463 -0.292956
v -0.503862 0.452463 -0.387502
v -0.503862 0.543283 -0.387502
v -0.504722 0.543283 -0.292956
v -0.711724 0.566384 -0.484115
v -0.711724 0.429362 -0.484115
v -0.504907 0.452463 -0.484923
v -0.504907 0.543283 -0.484923
v -0.536528 0.566384 -0.291320
v -0.711724 0.566384 -0.297407
v -0.514091 0.566384 -0.302021
v -0.513312 0.566384 -0.387725
v -0.514259 0.566384 -0.476036
v -0.711724 0.429362 -0.297407
v -0.536528 0.429362 -0.291320
v -0.513312 0.429362 -0.387725
v -0.514259 0.429362 -0.476036
v -0.514091 0.429362 -0.302021
v -0.712307 0.452463 0.665253
v -0.561513 0.452463 0.671967
v -0.561513 0.543283 0.671967
v -0.712307 0.543283 0.665253
v -0.711724 0.566384 0.655712
v -0.711724 0.566384 0.565289
v -0.712307 0.543283 0.459283
v -0.566306 0.543283 0.454486
v -0.566306 0.452463 0.454486
v -0.712307 0.452463 0.459283
v -0.711724 0.429362 0.565289
v -0.711724 0.429362 0.655712
v -0.536762 0.452463 0.660163
v -0.535902 0.452463 0.565616
v -0.535902 0.543283 0.565616
v -0.536762 0.543283 0.660163
v -0.711724 0.566384 0.469003
v -0.711724 0.429362 0.469003
v -0.536947 0.452463 0.468195
v -0.536947 0.543283 0.468195
v -0.568567 0.566384 0.661798
v -0.711724 0.566384 0.655712
v -0.711724 0.566384 0.469003
v -0.572912 0.566384 0.464654
v -0.546131 0.566384 0.651097
v -0.545352 0.566384 0.565393
v -0.546299 0.566384 0.477082
v -0.711724 0.429362 0.655712
v -0.568567 0.429362 0.661798
v -0.572912 0.429362 0.464654
v -0.711724 0.429362 0.469003
v -0.546299 0.429362 0.477082
v -0.545352 0.429362 0.565393
v -0.546131 0.429362 0.651097
v -0.711724 0.566384 0.565289
v -0.711724 0.566384 0.469003
v -0.711724 0.429362 0.469003
v -0.711724 0.429362 0.565289
v -0.711724 0.566384 0.655712
v -0.711724 0.429362 0.655712
v -0.712307 0.543283 0.459283
v -0.712307 0.452463 0.459283
v -0.712307 0.452463 0.665253
v -0.712307 0.543283 0.665253
v 0.712307 0.452463 -0.287572
v 0.712307 0.543283 -0.287572
v 0.529473 0.543283 -0.280858
v 0.529473 0.452463 -0.280858
v 0.711724 0.566384 -0.297113
v 0.711724 0.566384 -0.387536
v 0.711724 0.429362 -0.387536
v 0.711724 0.429362 -0.297113
v 0.504722 0.452463 -0.292662
v 0.504722 0.543283 -0.292662
v 0.503862 0.543283 -0.387208
v 0.503862 0.452463 -0.387208
v 0.711724 0.566384 -0.483822
v 0.711724 0.429362 -0.483822
v 0.504907 0.543283 -0.484630
v 0.504907 0.452463 -0.484630
v 0.711724 0.566384 -0.297113
v 0.536528 0.566384 -0.291027
v 0.514091 0.566384 -0.301727
v 0.513312 0.566384 -0.387432
v 0.514259 0.566384 -0.475743
v 0.536528 0.429362 -0.291027
v 0.711724 0.429362 -0.297113
v 0.514259 0.429362 -0.475743
v 0.513312 0.429362 -0.387432
v 0.514091 0.429362 -0.301727
v 0.711724 0.566384 -0.387536
v 0.711724 0.429362 -0.387536
v 0.711724 0.429362 -0.483822
v 0.711724 0.566384 -0.483822
v 0.711724 0.566384 -0.297113
v 0.711724 0.429362 -0.297113
v 0.712307 0.543283 -0.493542
v 0.712307 0.452463 -0.493542
v 0.712307 0.543283 -0.287572
v 0.712307 0.452463 -0.287572
v -0.438596 0.390241 -0.356935
v -0.438596 0.396251 -0.392690
v -0.438596 0.414817 -0.395843
v -0.438596 0.415676 -0.357632
v -0.438596 0.315227 -0.434913
v -0.438596 0.315227 -0.453264
v -0.464081 0.390241 -0.356935
v -0.464081 0.415676 -0.357632
v -0.464081 0.414817 -0.395843
v -0.464081 0.396251 -0.392690
v -0.464081 0.315227 -0.453264
v -0.464081 0.315227 -0.434913
v -0.464081 0.390241 -0.356935
v -0.464081 0.396251 -0.392690
v -0.438596 0.396251 -0.392690
v -0.438596 0.390241 -0.356935
v -0.464081 0.415676 -0.357632
v -0.438596 0.415676 -0.357632
v -0.464081 0.394532 -0.427770
v -0.438596 0.394532 -0.427770
v -0.464081 0.315227 -0.434913
v -0.438596 0.315227 -0.434913
v -0.464081 0.315227 -0.453264
v -0.438596 0.315227 -0.453264
v -0.440706 0.397413 -0.392400
v -0.440706 0.393686 -0.370854
v -0.441905 0.362676 -0.373061
v -0.441905 0.365543 -0.393228
v -0.443950 0.335854 -0.396582
v -0.443408 0.347089 -0.408561
v -0.445899 0.322336 -0.438395
v -0.443341 0.336146 -0.438179
v -0.461971 0.397413 -0.392400
v -0.460773 0.365543 -0.393228
v -0.460773 0.362676 -0.373061
v -0.461971 0.393686 -0.370854
v -0.459496 0.347089 -0.408561
v -0.458953 0.335854 -0.396582
v -0.458676 0.336146 -0.438179
v -0.456778 0.322336 -0.438395
v -0.461971 0.393686 -0.370854
v -0.460773 0.362676 -0.373061
v -0.441905 0.362676 -0.373061
v -0.440706 0.393686 -0.370854
v -0.460773 0.365543 -0.393228
v -0.461971 0.397413 -0.392400
v -0.440706 0.397413 -0.392400
v -0.441905 0.365543 -0.393228
v -0.458953 0.335854 -0.396582
v -0.443950 0.335854 -0.396582
v -0.459496 0.347089 -0.408561
v -0.443408 0.347089 -0.408561
v -0.456778 0.322336 -0.438395
v -0.445899 0.322336 -0.438395
v -0.458676 0.336146 -0.438179
v -0.443341 0.336146 -0.438179
v -0.502376 0.407789 -0.328552
v -0.365226 0.418121 -0.328552
v -0.365226 0.440254 -0.328552
v -0.502376 0.446882 -0.328552
v -0.365226 0.440254 -0.453264
v -0.502376 0.446882 -0.453264
v -0.365226 0.418121 -0.453264
v -0.502376 0.407789 -0.453264
v -0.502376 0.407789 -0.453264
v -0.365226 0.418121 -0.453264
v -0.365226 0.418121 -0.328552
v -0.502376 0.407789 -0.328552
v -0.225458 0.407813 -0.328552
v -0.225458 0.407813 -0.453264
v -0.225458 0.446857 -0.453264
v -0.225458 0.446857 -0.328552
v -0.502376 0.407789 -0.453264
v -0.502376 0.407789 -0.328552
v -0.225458 0.407813 -0.453264
v -0.225458 0.407813 -0.453264
v -0.225458 0.407813 -0.328552
v -0.225458 0.407813 -0.328552
v -0.257355 0.390241 -0.356935
v -0.257355 0.396251 -0.392690
v -0.257355 0.414817 -0.395843
v -0.257355 0.415676 -0.357632
v -0.257355 0.315227 -0.434913
v -0.257355 0.315227 -0.453264
v -0.282839 0.390241 -0.356935
v -0.282839 0.415676 -0.357632
v -0.282839 0.414817 -0.395843
v -0.282839 0.396251 -0.392690
v -0.282839 0.315227 -0.453264
v -0.282839 0.315227 -0.434913
v -0.282839 0.390241 -0.356935
v -0.282839 0.396251 -0.392690
v -0.257355 0.396251 -0.392690
v -0.257355 0.390241 -0.356935
v -0.282839 0.415676 -0.357632
v -0.257355 0.415676 -0.357632
v -0.282839 0.394532 -0.427770
v -0.257355 0.394532 -0.427770
v -0.282839 0.315227 -0.434913
v -0.257355 0.315227 -0.434913
v -0.282839 0.315227 -0.453264
v -0.257355 0.315227 -0.453264
v -0.259464 0.397413 -0.392400
v -0.259464 0.393686 -0.370854
v -0.260663 0.362676 -0.373061
v -0.260663 0.365543 -0.393228
v -0.262709 0.335854 -0.396582
v -0.262166 0.347089 -0.408561
v -0.264658 0.322336 -0.438395
v -0.262099 0.336146 -0.438179
v -0.280730 0.397413 -0.392400
v -0.279531 0.365543 -0.393228
v -0.279531 0.362676 -0.373061
v -0.280730 0.393686 -0.370854
v -0.278254 0.347089 -0.408561
v -0.277712 0.335854 -0.396582
v -0.277435 0.336146 -0.438179
v -0.275536 0.322336 -0.438395
v -0.280730 0.393686 -0.370854
v -0.279531 0.362676 -0.373061
v -0.260663 0.362676 -0.373061
v -0.259464 0.393686 -0.370854
v -0.279531 0.365543 -0.393228
v -0.280730 0.397413 -0.392400
v -0.259464 0.397413 -0.392400
v -0.260663 0.365543 -0.393228
v -0.277712 0.335854 -0.396582
v -0.262709 0.335854 -0.396582
v -0.278254 0.347089 -0.408561
v -0.262166 0.347089 -0.408561
v -0.275536 0.322336 -0.438395
v -0.264658 0.322336 -0.438395
v -0.277435 0.336146 -0.438179
v -0.262099 0.336146 -0.438179
v 0.277542 0.392889 -0.356935
v 0.277542 0.397847 -0.392690
v 0.277542 0.413165 -0.395843
v 0.277542 0.413874 -0.357632
v 0.277542 0.331001 -0.434913
v 0.277542 0.331001 -0.453264
v 0.250185 0.392889 -0.356935
v 0.250185 0.413874 -0.357632
v 0.250185 0.413165 -0.395843
v 0.250185 0.397847 -0.392690
v 0.250185 0.331001 -0.453264
v 0.250185 0.331001 -0.434913
v 0.250185 0.392889 -0.356935
v 0.250185 0.397847 -0.392690
v 0.277542 0.397847 -0.392690
v 0.277542 0.392889 -0.356935
v 0.250185 0.413874 -0.357632
v 0.277542 0.413874 -0.357632
v 0.250185 0.396429 -0.427770
v 0.277542 0.396429 -0.427770
v 0.250185 0.331001 -0.434913
v 0.277542 0.331001 -0.434913
v 0.250185 0.331001 -0.453264
v 0.277542 0.331001 -0.453264
v 0.275278 0.398806 -0.392400
v 0.275278 0.395731 -0.370854
v 0.273991 0.370147 -0.373061
v 0.273991 0.372512 -0.393228
v 0.271795 0.348019 -0.396582
v 0.272377 0.357288 -0.408561
v 0.269702 0.336866 -0.438395
v 0.272449 0.348260 -0.438179
v 0.252449 0.398806 -0.392400
v 0.253736 0.372512 -0.393228
v 0.253736 0.370147 -0.373061
v 0.252449 0.395731 -0.370854
v 0.255107 0.357288 -0.408561
v 0.255689 0.348019 -0.396582
v 0.255986 0.348260 -0.438179
v 0.258025 0.336866 -0.438395
v 0.252449 0.395731 -0.370854
v 0.253736 0.370147 -0.373061
v 0.273991 0.370147 -0.373061
v 0.275278 0.395731 -0.370854
v 0.253736 0.372512 -0.393228
v 0.252449 0.398806 -0.392400
v 0.275278 0.398806 -0.392400
v 0.273991 0.372512 -0.393228
v 0.255689 0.348019 -0.396582
v 0.271795 0.348019 -0.396582
v 0.255107 0.357288 -0.408561
v 0.272377 0.357288 -0.408561
v 0.258025 0.336866 -0.438395
v 0.269702 0.336866 -0.438395
v 0.255986 0.348260 -0.438179
v 0.272449 0.348260 -0.438179
v 0.231556 0.407366 -0.328552
v 0.361479 0.415891 -0.328552
v 0.361479 0.434151 -0.328552
v 0.231556 0.439620 -0.328552
v 0.361479 0.434151 -0.453264
v 0.231556 0.439620 -0.453264
v 0.361479 0.415891 -0.453264
v 0.231556 0.407366 -0.453264
v 0.231556 0.407366 -0.453264
v 0.361479 0.415891 -0.453264
v 0.361479 0.415891 -0.328552
v 0.231556 0.407366 -0.328552
v 0.493882 0.407387 -0.328552
v 0.493882 0.407387 -0.453264
v 0.493882 0.439599 -0.453264
v 0.493882 0.439599 -0.328552
v 0.231556 0.407366 -0.453264
v 0.231556 0.407366 -0.328552
v 0.493882 0.407387 -0.453264
v 0.493882 0.407387 -0.453264
v 0.493882 0.407387 -0.328552
v 0.493882 0.407387 -0.328552
v 0.462431 0.392889 -0.356935
v 0.462431 0.397847 -0.392690
v 0.462431 0.413165 -0.395843
v 0.462431 0.413874 -0.357632
v 0.462431 0.331001 -0.434913
v 0.462431 0.331001 -0.453264
v 0.435082 0.392889 -0.356935
v 0.435082 0.413874 -0.357632
v 0.435082 0.413165 -0.395843
v 0.435082 0.397847 -0.392690
v 0.435082 0.331001 -0.453264
v 0.435082 0.331001 -0.434913
v 0.435082 0.392889 -0.356935
v 0.435082 0.397847 -0.392690
v 0.462431 0.397847 -0.392690
v 0.462431 0.392889 -0.356935
v 0.435082 0.413874 -0.357632
v 0.462431 0.413874 -0.357632
v 0.435082 0.396429 -0.427770
v 0.462431 0.396429 -0.427770
v 0.435082 0.331001 -0.434913
v 0.462431 0.331001 -0.434913
v 0.435082 0.331001 -0.453264
v 0.462431 0.331001 -0.453264
v 0.460167 0.398806 -0.392400
v 0.460167 0.395731 -0.370854
v 0.458881 0.370147 -0.373061
v 0.458881 0.372512 -0.393228
v 0.456685 0.348019 -0.396582
v 0.457267 0.357288 -0.408561
v 0.454593 0.336866 -0.438395
v 0.457339 0.348260 -0.438179
v 0.437346 0.398806 -0.392400
v 0.438632 0.372512 -0.393228
v 0.438632 0.370147 -0.373061
v 0.437346 0.395731 -0.370854
v 0.440002 0.357288 -0.408561
v 0.440584 0.348019 -0.396582
v 0.440881 0.348260 -0.438179
v 0.442919 0.336866 -0.438395
v 0.437346 0.395731 -0.370854
v 0.438632 0.370147 -0.373061
v 0.458881 0.370147 -0.373061
v 0.460167 0.395731 -0.370854
v 0.438632 0.372512 -0.393228
v 0.437346 0.398806 -0.392400
v 0.460167 0.398806 -0.392400
v 0.458881 0.372512 -0.393228
v 0.440584 0.348019 -0.396582
v 0.456685 0.348019 -0.396582
v 0.440002 0.357288 -0.408561
v 0.457267 0.357288 -0.408561
v 0.442919 0.336866 -0.438395
v 0.454593 0.336866 -0.438395
v 0.440881 0.348260 -0.438179
v 0.457339 0.348260 -0.438179
v 0.181062 0.154481 -0.295252
v 0.171602 0.154481 -0.304289
v 0.168869 0.208830 -0.298081
v 0.175414 0.208830 -0.291829
v 0.158160 0.154481 -0.305693
v 0.159568 0.208830 -0.299052
v 0.145868 0.154481 -0.298927
v 0.151064 0.208830 -0.294372
v 0.139423 0.154481 -0.286577
v 0.146605 0.208830 -0.285827
v 0.141286 0.154481 -0.273358
v 0.147894 0.208830 -0.276682
v 0.141286 0.154481 -0.273358
v 0.150746 0.154481 -0.264321
v 0.154439 0.208830 -0.270429
v 0.147894 0.208830 -0.276682
v 0.164188 0.154481 -0.262918
v 0.163739 0.208830 -0.269458
v 0.176480 0.154481 -0.269683
v 0.172243 0.208830 -0.274139
v 0.182925 0.154481 -0.282034
v 0.176703 0.208830 -0.282684
v 0.175511 0.230530 -0.269471
v 0.164246 0.225535 -0.263536
v 0.151991 0.221150 -0.265515
v 0.143427 0.219052 -0.274652
v 0.143427 0.219052 -0.274652
v 0.141825 0.220040 -0.287457
v 0.147797 0.223738 -0.299039
v 0.159062 0.228733 -0.304974
v 0.171317 0.233118 -0.302996
v 0.179881 0.235216 -0.293859
v 0.181483 0.234228 -0.281054
v 0.147797 0.223738 -0.299039
v 0.141825 0.220040 -0.287457
v 0.175511 0.230530 -0.269471
v 0.181483 0.234228 -0.281054
v -0.172735 0.158262 -0.271029
v -0.171859 0.158262 -0.257922
v -0.165625 0.212836 -0.260665
v -0.166231 0.212836 -0.269733
v -0.162856 0.158262 -0.247766
v -0.159396 0.212836 -0.253638
v -0.149166 0.158262 -0.244440
v -0.149924 0.212836 -0.251338
v -0.136017 0.158262 -0.249215
v -0.140827 0.212836 -0.254641
v -0.128433 0.158262 -0.260267
v -0.135580 0.212836 -0.262288
v -0.128433 0.158262 -0.260267
v -0.129309 0.158262 -0.273374
v -0.136186 0.212836 -0.271356
v -0.135580 0.212836 -0.262288
v -0.138312 0.158262 -0.283530
v -0.142415 0.212836 -0.278383
v -0.152002 0.158262 -0.286856
v -0.151887 0.212836 -0.280684
v -0.165151 0.158262 -0.282081
v -0.160984 0.212836 -0.277380
v -0.151141 0.234626 -0.286356
v -0.138774 0.229610 -0.283112
v -0.131040 0.225208 -0.273335
v -0.130895 0.223100 -0.260761
v -0.130895 0.223100 -0.260761
v -0.138393 0.224093 -0.250192
v -0.150670 0.227806 -0.245665
v -0.163037 0.232822 -0.248910
v -0.170771 0.237225 -0.258686
v -0.170916 0.239332 -0.271260
v -0.163418 0.238339 -0.281829
v -0.150670 0.227806 -0.245665
v -0.138393 0.224093 -0.250192
v -0.151141 0.234626 -0.286356
v -0.163418 0.238339 -0.281829
v 0.173785 -0.000076 -0.209010
v 0.214239 -0.000076 -0.209010
v 0.234996 0.181010 -0.209010
v 0.187399 0.176927 -0.209010
v 0.187399 0.176927 -0.209010
v 0.234996 0.181010 -0.448328
v 0.187399 0.176928 -0.448328
v 0.214239 -0.000076 -0.448328
v 0.173785 -0.000076 -0.448328
v 0.173785 -0.000076 -0.209010
v 0.187399 0.176927 -0.209010
v 0.187399 0.176928 -0.448328
v -0.181187 -0.000076 -0.209010
v -0.194802 0.176927 -0.209010
v -0.242399 0.181010 -0.209010
v -0.221641 -0.000076 -0.209010
v -0.194802 0.176927 -0.209010
v -0.194802 0.176928 -0.448328
v -0.242399 0.181010 -0.448328
v -0.221641 -0.000076 -0.448328
v -0.181187 -0.000076 -0.448328
v -0.194802 0.176928 -0.448328
v -0.194802 0.176927 -0.209010
v -0.181187 -0.000076 -0.209010
v -0.195177 0.159738 -0.236799
v 0.187208 0.160356 -0.236799
v 0.187208 0.160356 -0.449134
v -0.195177 0.159738 -0.449134
v -0.182929 0.000058 -0.236799
v 0.175948 0.000058 -0.236799
v 0.027980 0.016578 0.016243
v -0.030901 0.022569 0.009101
v -0.030428 0.084240 -0.020266
v 0.046722 0.076391 -0.010908
v -0.082713 0.027840 0.038111
v -0.098317 0.091147 0.017745
v -0.107667 0.030378 0.092192
v -0.131013 0.094473 0.088606
v -0.096229 0.029215 0.150687
v -0.116026 0.092949 0.165252
v -0.052770 0.024793 0.191254
v -0.059083 0.087155 0.218405
v 0.006111 0.018803 0.198396
v 0.018068 0.079306 0.227763
v 0.057923 0.013532 0.169386
v 0.085957 0.072399 0.189752
v 0.082876 0.010993 0.115305
v 0.118652 0.069073 0.118891
v 0.071439 0.012157 0.056810
v 0.103666 0.070598 0.042245
v 0.027980 0.016578 0.016243
v 0.046722 0.076391 -0.010908
v 0.057504 0.200274 -0.007001
v -0.017018 0.207856 -0.016041
v -0.011885 0.207730 0.010006
v 0.046433 0.201797 0.017080
v -0.082593 0.214527 0.020675
v -0.063202 0.212951 0.038739
v -0.114174 0.217740 0.089122
v -0.087916 0.215465 0.092303
v -0.099699 0.216267 0.163156
v -0.076588 0.214313 0.150239
v -0.044695 0.210672 0.214498
v -0.033544 0.209934 0.190417
v 0.029827 0.203090 0.223538
v 0.024774 0.204001 0.197491
v 0.095402 0.196419 0.186822
v 0.076091 0.198780 0.168759
v 0.126983 0.193206 0.118375
v 0.100805 0.196266 0.115195
v 0.112508 0.194678 0.044341
v 0.089477 0.197418 0.057258
v 0.057504 0.200274 -0.007001
v 0.046433 0.201797 0.017080
v -0.015389 0.171680 0.010006
v 0.043178 0.169198 0.017080
v -0.066924 0.173863 0.038739
v -0.091744 0.174915 0.092303
v -0.080368 0.174433 0.150239
v -0.032204 0.174535 0.179960
v 0.019296 0.172353 0.186180
v 0.064613 0.170433 0.160915
v 0.086438 0.169508 0.113813
v 0.076435 0.169932 0.062868
v 0.043178 0.169198 0.017080
v 0.097406 0.134516 0.194491
v 0.131903 0.131007 0.119725
v 0.025776 0.141804 0.234597
v -0.055626 0.150085 0.224723
v -0.115707 0.156198 0.168641
v -0.131519 0.157806 0.087772
v -0.097022 0.154297 0.013006
v -0.025393 0.147010 -0.027100
v 0.056010 0.138728 -0.017226
v 0.116091 0.132615 0.038856
v 0.056010 0.138728 -0.017226
v 0.193249 -0.003610 -0.172675
v 0.097689 -0.003610 -0.121540
v 0.097689 0.061781 -0.121540
v 0.193249 0.061781 -0.172675
v 0.191045 0.069521 -0.165399
v 0.104966 0.069521 -0.119337
v 0.121388 0.069521 -0.073887
v 0.219748 0.069521 -0.126520
v 0.244384 0.061781 -0.077115
v 0.148824 0.061781 -0.025980
v 0.148824 -0.003610 -0.025980
v 0.244384 -0.003610 -0.077115
v 0.115920 -0.003610 -0.071085
v 0.115920 0.061781 -0.071085
v 0.225112 -0.003610 -0.129515
v 0.193249 -0.003610 -0.172675
v 0.193249 0.061781 -0.172675
v 0.225112 0.061781 -0.129515
v 0.104966 0.069521 -0.119337
v 0.191045 0.069521 -0.165399
v 0.121388 0.069521 -0.073887
v 0.237108 0.069521 -0.079319
v 0.151028 0.069521 -0.033257
v 0.191045 0.069521 -0.165399
v 0.219748 0.069521 -0.126520
v 0.151028 0.069521 -0.033257
v 0.237108 0.069521 -0.079319
v 0.218895 0.048261 -0.060320
v 0.148140 0.048261 -0.059301
v 0.150214 0.054316 0.084736
v 0.220970 0.054316 0.083717
v 0.148140 -0.006293 -0.059301
v 0.150214 -0.006293 0.084736
v 0.220970 -0.006293 0.083717
v 0.218895 -0.006293 -0.060320
v 0.151877 -0.006293 0.200144
v 0.151877 0.048261 0.200144
v 0.222632 0.048261 0.199125
v 0.222632 -0.006293 0.199125
v 0.153049 -0.006293 0.281552
v 0.153049 0.048261 0.281552
v 0.223804 0.048261 0.280533
v 0.223804 -0.006293 0.280533
v -0.191441 0.042900 -0.144132
v -0.192034 0.042900 -0.073372
v -0.047986 0.042900 -0.072165
v -0.047393 0.042900 -0.142925
v -0.192034 -0.051327 -0.073372
v -0.047986 -0.051327 -0.072165
v -0.047393 -0.051327 -0.142925
v -0.191441 -0.051327 -0.144132
v 0.067430 -0.051327 -0.071197
v 0.067430 0.057953 -0.071197
v 0.068023 0.057953 -0.141957
v 0.068023 -0.051327 -0.141958
v 0.148843 -0.051327 -0.070515
v 0.148843 0.042900 -0.070515
v 0.149436 0.042900 -0.141275
v 0.149436 -0.051327 -0.141275
v -0.271295 -0.003610 -0.057198
v -0.165147 -0.003610 -0.035310
v -0.165147 0.061781 -0.035310
v -0.271295 0.061781 -0.057198
v -0.264944 0.069521 -0.061377
v -0.169327 0.069521 -0.041661
v -0.152849 0.069521 -0.087090
v -0.262107 0.069521 -0.109619
v -0.249407 0.061781 -0.163346
v -0.143260 0.061781 -0.141458
v -0.143260 -0.003610 -0.141458
v -0.249407 -0.003610 -0.163346
v -0.146855 -0.003610 -0.085743
v -0.146855 0.061781 -0.085743
v -0.268145 -0.003610 -0.110753
v -0.271295 -0.003610 -0.057198
v -0.271295 0.061781 -0.057198
v -0.268145 0.061781 -0.110753
v -0.169327 0.069521 -0.041661
v -0.264944 0.069521 -0.061377
v -0.152849 0.069521 -0.087090
v -0.245228 0.069521 -0.156995
v -0.149610 0.069521 -0.137278
v -0.264944 0.069521 -0.061377
v -0.262107 0.069521 -0.109619
v -0.149610 0.069521 -0.137278
v -0.245228 0.069521 -0.156995
v -0.259379 0.048261 0.261248
v -0.188616 0.048261 0.261248
v -0.188616 0.056181 0.117195
v -0.259379 0.056181 0.117195
v -0.188616 -0.006293 0.261248
v -0.188616 -0.006293 0.117195
v -0.259379 -0.006293 0.117195
v -0.259379 -0.006293 0.261248
v -0.188616 -0.006293 0.001775
v -0.188616 0.048261 0.001775
v -0.259379 0.048261 0.001775
v -0.259379 -0.006293 0.001775
v -0.188616 -0.006293 -0.079641
v -0.188616 0.048261 -0.079641
v -0.259379 0.048261 -0.079641
v -0.259379 -0.006293 -0.079641
v -0.185931 -0.003610 0.374763
v -0.125565 -0.003610 0.284750
v -0.125565 0.061780 0.284750
v -0.185931 0.061780 0.374763
v -0.187402 0.069521 0.367304
v -0.133024 0.069521 0.286220
v -0.168862 0.069521 0.253802
v -0.230997 0.069521 0.346452
v -0.275944 0.061780 0.314397
v -0.215578 0.061780 0.224384
v -0.215578 -0.003610 0.224384
v -0.275944 -0.003610 0.314397
v -0.165350 -0.003610 0.248761
v -0.165350 0.061780 0.248761
v -0.234327 -0.003610 0.351615
v -0.185931 -0.003610 0.374763
v -0.185931 0.061780 0.374763
v -0.234327 0.061780 0.351615
v -0.133024 0.069521 0.286220
v -0.187402 0.069521 0.367304
v -0.168862 0.069521 0.253802
v -0.268485 0.069521 0.312927
v -0.214108 0.069521 0.231843
v -0.187402 0.069521 0.367304
v -0.230997 0.069521 0.346452
v -0.214108 0.069521 0.231843
v -0.268485 0.069521 0.312927
v 0.150027 0.048261 0.360806
v 0.151260 0.048261 0.290054
v 0.007230 0.058608 0.287543
v 0.005996 0.058608 0.358295
v 0.151260 -0.006293 0.290054
v 0.007230 0.004054 0.287543
v 0.005996 -0.006293 0.358295
v 0.150027 -0.006293 0.360806
v -0.108173 -0.006293 0.285531
v -0.108173 0.048261 0.285531
v -0.109406 0.048261 0.356283
v -0.109406 -0.006293 0.356283
v -0.189577 -0.006293 0.284112
v -0.189577 0.048261 0.284112
v -0.190810 0.048261 0.354864
v -0.190810 -0.006293 0.354864
v 0.254125 -0.003610 0.307878
v 0.176759 -0.003610 0.231977
v 0.176759 0.061780 0.231977
v 0.254125 0.061780 0.307878
v 0.246522 0.069521 0.307951
v 0.176832 0.069521 0.239579
v 0.138371 0.069521 0.268838
v 0.218003 0.069521 0.346963
v 0.178223 0.061780 0.385244
v 0.100858 0.061780 0.309342
v 0.100858 -0.003610 0.309342
v 0.178223 -0.003610 0.385244
v 0.134063 -0.003610 0.264458
v 0.134063 0.061780 0.264458
v 0.222465 -0.003610 0.351187
v 0.254125 -0.003610 0.307878
v 0.254125 0.061780 0.307878
v 0.222465 0.061780 0.351187
v 0.176832 0.069521 0.239579
v 0.246522 0.069521 0.307951
v 0.138371 0.069521 0.268838
v 0.178151 0.069521 0.377641
v 0.108460 0.069521 0.309270
v 0.246522 0.069521 0.307951
v 0.218003 0.069521 0.346963
v 0.108460 0.069521 0.309270
v 0.178151 0.069521 0.377641
v -0.197716 -0.005561 0.289197
v -0.016541 0.012898 0.289197
v -0.016541 0.042422 0.108022
v -0.197716 0.023963 0.108022
v 0.164634 -0.005561 0.289197
v 0.164634 0.023963 0.108022
v -0.016541 0.012898 -0.073152
v -0.197716 -0.005561 -0.073152
v 0.164634 -0.005561 -0.073152
v -0.341899 -0.009065 -0.209994
v -0.366517 -0.009065 -0.264484
v -0.377229 0.038065 -0.254033
v -0.356542 0.037992 -0.206483
v -0.412223 -0.009065 -0.297523
v -0.416462 0.037848 -0.283238
v -0.412223 -0.009065 -0.297523
v -0.471676 -0.009065 -0.310382
v -0.467860 0.037409 -0.295111
v -0.416462 0.037848 -0.283238
v -0.524863 -0.009065 -0.286947
v -0.514262 0.036835 -0.275435
v -0.557289 -0.009065 -0.238469
v -0.542967 0.036308 -0.233792
v -0.554253 -0.009065 -0.182978
v -0.541007 0.036046 -0.185636
v -0.540392 -0.009065 -0.122531
v -0.529720 0.035850 -0.133051
v -0.493503 -0.009065 -0.088189
v -0.489477 0.036071 -0.102702
v -0.435811 -0.009065 -0.090370
v -0.439424 0.036573 -0.103892
v -0.384463 -0.009065 -0.122120
v -0.394515 0.037174 -0.130800
v -0.346771 -0.009065 -0.155885
v -0.361422 0.037670 -0.159622
v -0.428039 0.076684 -0.116660
v -0.472094 0.075302 -0.108154
v -0.512213 0.076209 -0.128929
v -0.530079 0.079306 -0.173629
v -0.539039 0.082360 -0.215812
v -0.519921 0.085794 -0.256820
v -0.481866 0.088273 -0.281088
v -0.434662 0.088848 -0.278272
v -0.434662 0.088848 -0.278272
v -0.395608 0.087988 -0.258356
v -0.370189 0.085462 -0.219497
v -0.367469 0.082313 -0.177436
v -0.392389 0.079591 -0.147084
v -0.530079 0.079306 -0.173629
v -0.512213 0.076209 -0.128929
v -0.392389 0.079591 -0.147084
v -0.367469 0.082313 -0.177436
v -0.539039 0.082360 -0.215812
v -0.370189 0.085462 -0.219497
v -0.519921 0.085794 -0.256820
v -0.395608 0.087988 -0.258356
v -0.434662 0.088848 -0.278272
v -0.481866 0.088273 -0.281088
v -0.472094 0.075302 -0.108154
v -0.428039 0.076684 -0.116660
v -0.423677 0.053237 -0.338018
v -0.440080 0.053435 -0.318740
v -0.338065 0.042896 -0.250402
v -0.321661 0.042699 -0.269680
v -0.443183 0.009001 -0.315717
v -0.341168 -0.001538 -0.247379
v -0.443183 0.009001 -0.315717
v -0.412731 0.014417 -0.360678
v -0.310715 0.003878 -0.292340
v -0.341168 -0.001538 -0.247379
v -0.412731 0.014417 -0.360678
v -0.443183 0.009001 -0.315717
v -0.440080 0.053435 -0.318740
v -0.423677 0.053237 -0.338018
v -0.338065 0.042896 -0.250402
v -0.341168 -0.001538 -0.247379
v -0.310715 0.003878 -0.292340
v -0.321661 0.042699 -0.269680
v -0.338441 0.043288 -0.118395
v -0.350356 0.045689 -0.140599
v -0.451504 0.045725 -0.070189
v -0.439589 0.043323 -0.047985
v -0.357635 0.001967 -0.145943
v -0.458782 0.002003 -0.075534
v -0.357635 0.001967 -0.145943
v -0.326303 0.002064 -0.101261
v -0.427450 0.002099 -0.030851
v -0.458782 0.002003 -0.075534
v -0.326303 0.002064 -0.101261
v -0.357635 0.001967 -0.145943
v -0.350356 0.045689 -0.140599
v -0.338441 0.043288 -0.118395
v -0.451504 0.045725 -0.070189
v -0.458782 0.002003 -0.075534
v -0.427450 0.002099 -0.030851
v -0.439589 0.043323 -0.047985
v -0.328473 0.277824 -0.277106
v -0.314653 0.265830 -0.281152
v -0.323654 0.257849 -0.273795
v -0.334248 0.267450 -0.270722
v -0.302614 0.261203 -0.268716
v -0.314355 0.254117 -0.264047
v -0.304396 0.268569 -0.252234
v -0.315649 0.259986 -0.251227
v -0.318217 0.280563 -0.248188
v -0.326243 0.269588 -0.248154
v -0.330255 0.285191 -0.260623
v -0.335542 0.273319 -0.257902
v -0.330255 0.285191 -0.260623
v -0.335542 0.273319 -0.257902
v -0.302614 0.261203 -0.268716
v -0.314653 0.265830 -0.281152
v -0.318217 0.280563 -0.248188
v -0.304396 0.268569 -0.252234
v -0.328473 0.277824 -0.277106
v -0.330255 0.285191 -0.260623
v -0.475743 0.139207 -0.211114
v -0.467921 0.126615 -0.212990
v -0.460094 0.121365 -0.202887
v -0.460088 0.128707 -0.190907
v -0.467910 0.141299 -0.189031
v -0.475737 0.146549 -0.199135
v -0.450190 0.136479 -0.207478
v -0.450186 0.141325 -0.199570
v -0.460088 0.128707 -0.190907
v -0.460094 0.121365 -0.202887
v -0.455356 0.139944 -0.214147
v -0.467921 0.126615 -0.212990
v -0.460519 0.148256 -0.212908
v -0.475743 0.139207 -0.211114
v -0.460515 0.153102 -0.205001
v -0.475737 0.146549 -0.199135
v -0.455349 0.149636 -0.198332
v -0.467910 0.141299 -0.189031
v -0.455349 0.149636 -0.198332
v -0.467910 0.141299 -0.189031
v -0.407874 0.162898 -0.224371
v -0.407867 0.172217 -0.209165
v -0.446504 0.138605 -0.194547
v -0.446510 0.130157 -0.208332
v -0.417809 0.169562 -0.237195
v -0.407874 0.162898 -0.224371
v -0.446510 0.130157 -0.208332
v -0.455517 0.136198 -0.219958
v -0.427737 0.185545 -0.234814
v -0.464518 0.150689 -0.217799
v -0.427730 0.194864 -0.219608
v -0.464512 0.159137 -0.204014
v -0.417795 0.188200 -0.206784
v -0.455504 0.153095 -0.192388
v -0.411554 0.169220 -0.223516
v -0.411550 0.174937 -0.214189
v -0.450186 0.141325 -0.199570
v -0.450190 0.136479 -0.207478
v -0.417648 0.173308 -0.231383
v -0.411554 0.169220 -0.223516
v -0.450190 0.136479 -0.207478
v -0.455356 0.139944 -0.214147
v -0.423739 0.183113 -0.229922
v -0.460519 0.148256 -0.212908
v -0.423734 0.188829 -0.220595
v -0.460515 0.153102 -0.205001
v -0.417640 0.184741 -0.212728
v -0.455349 0.149636 -0.198332
v -0.346084 0.227197 -0.239133
v -0.355140 0.236868 -0.236610
v -0.389784 0.204686 -0.223200
v -0.382466 0.194937 -0.225101
v -0.345233 0.221380 -0.250760
v -0.382115 0.189179 -0.235382
v -0.353438 0.225234 -0.259865
v -0.389084 0.193170 -0.243762
v -0.362493 0.234904 -0.257343
v -0.396403 0.202919 -0.241861
v -0.363344 0.240721 -0.245716
v -0.396753 0.208677 -0.231580
v -0.363344 0.240721 -0.245716
v -0.396753 0.208677 -0.231580
v -0.417640 0.184741 -0.212728
v -0.411550 0.174937 -0.214189
v -0.411554 0.169220 -0.223516
v -0.417648 0.173308 -0.231383
v -0.423739 0.183113 -0.229922
v -0.423734 0.188829 -0.220595
v -0.423734 0.188829 -0.220595
v -0.423302 0.119740 -0.205257
v -0.439538 0.148943 -0.204920
v -0.448590 0.140748 -0.201125
v -0.436491 0.106472 -0.199633
v -0.404714 0.073808 -0.219647
v -0.409914 0.092423 -0.208057
v -0.378793 0.091297 -0.230088
v -0.387118 0.109451 -0.217357
v -0.405330 0.136058 -0.212795
v -0.428022 0.159454 -0.209754
v -0.386856 0.152829 -0.220544
v -0.412651 0.173401 -0.216201
v -0.430238 0.117889 -0.224811
v -0.443426 0.104620 -0.219187
v -0.453434 0.139455 -0.214782
v -0.444382 0.147649 -0.218577
v -0.441431 0.076654 -0.217900
v -0.416850 0.090571 -0.227611
v -0.394054 0.107599 -0.236911
v -0.412265 0.134205 -0.232349
v -0.432866 0.158161 -0.223412
v -0.369666 0.142316 -0.248037
v -0.393791 0.150977 -0.240098
v -0.417495 0.172107 -0.229858
v -0.453434 0.139455 -0.214782
v -0.443426 0.104620 -0.219187
v -0.393791 0.150977 -0.240098
v -0.417495 0.172107 -0.229858
v -0.090672 0.485693 -0.505807
v -0.087538 0.490711 -0.492953
v -0.067237 0.483847 -0.495398
v -0.070573 0.478504 -0.509081
v -0.087323 0.486421 -0.479533
v -0.067007 0.479279 -0.481111
v -0.090109 0.474459 -0.470672
v -0.069973 0.466545 -0.471679
v -0.094832 0.459396 -0.469756
v -0.075001 0.450510 -0.470704
v -0.099688 0.446984 -0.477134
v -0.080171 0.437298 -0.478558
v -0.102822 0.441965 -0.489988
v -0.083507 0.431955 -0.492241
v -0.103037 0.446257 -0.503408
v -0.083736 0.436523 -0.506527
v -0.100252 0.458218 -0.512268
v -0.080771 0.449256 -0.515960
v -0.095528 0.473281 -0.513184
v -0.075743 0.465292 -0.516935
v -0.095528 0.473281 -0.513184
v -0.075743 0.465292 -0.516935
v -0.087323 0.486421 -0.479533
v -0.087538 0.490711 -0.492953
v -0.100252 0.458218 -0.512268
v -0.103037 0.446257 -0.503408
v -0.090109 0.474459 -0.470672
v -0.102822 0.441965 -0.489988
v -0.094832 0.459396 -0.469756
v -0.099688 0.446984 -0.477134
v -0.090672 0.485693 -0.505807
v -0.095528 0.473281 -0.513184
v -0.108124 0.496376 -0.496415
v -0.103249 0.498064 -0.487577
v -0.086789 0.486667 -0.493531
v -0.089457 0.482396 -0.504471
v -0.102650 0.494509 -0.477874
v -0.086607 0.483015 -0.482109
v -0.106555 0.487069 -0.471012
v -0.088977 0.472835 -0.474568
v -0.113475 0.478586 -0.469612
v -0.092997 0.460015 -0.473789
v -0.120763 0.472299 -0.474209
v -0.097130 0.449451 -0.480068
v -0.125639 0.470611 -0.483047
v -0.099798 0.445180 -0.491007
v -0.126238 0.474166 -0.492750
v -0.099981 0.448832 -0.502429
v -0.122333 0.481607 -0.499612
v -0.097610 0.459012 -0.509971
v -0.115414 0.490090 -0.501012
v -0.093590 0.471833 -0.510750
v -0.115414 0.490090 -0.501012
v -0.093590 0.471833 -0.510750
v -0.125287 0.518942 -0.483976
v -0.120178 0.516992 -0.478848
v -0.119212 0.514011 -0.471946
v -0.122758 0.511138 -0.465906
v -0.129461 0.509470 -0.463036
v -0.136762 0.509646 -0.464431
v -0.141871 0.511596 -0.469559
v -0.142836 0.514577 -0.476461
v -0.139292 0.517450 -0.482501
v -0.132588 0.519118 -0.485372
v -0.132588 0.519118 -0.485372
v -0.125898 0.540137 -0.472899
v -0.122734 0.537626 -0.470245
v -0.121980 0.535474 -0.466032
v -0.123922 0.534503 -0.461871
v -0.127819 0.535084 -0.459350
v -0.132183 0.536995 -0.459431
v -0.135347 0.539506 -0.462086
v -0.136101 0.541657 -0.466298
v -0.134159 0.542628 -0.470459
v -0.130262 0.542047 -0.472981
v -0.130262 0.542047 -0.472981
v -0.119445 0.558424 -0.461465
v -0.119068 0.557348 -0.459359
v -0.119615 0.529437 -0.464576
v -0.121575 0.535020 -0.475506
v -0.120466 0.557980 -0.457572
v -0.128455 0.529400 -0.456291
v -0.120466 0.557980 -0.457572
v -0.122242 0.559687 -0.457890
v -0.139254 0.534948 -0.458937
v -0.128455 0.529400 -0.456291
v -0.122619 0.560762 -0.459996
v -0.141213 0.540531 -0.469867
v -0.121221 0.560131 -0.461784
v -0.132373 0.540567 -0.478152
v -0.122619 0.560762 -0.459996
v -0.122242 0.559687 -0.457890
v -0.120466 0.557980 -0.457572
v -0.121221 0.560131 -0.461784
v -0.119068 0.557348 -0.459359
v -0.119445 0.558424 -0.461465
v -0.128455 0.529400 -0.456291
v -0.139254 0.534948 -0.458937
v -0.141213 0.540531 -0.469867
v -0.132373 0.540567 -0.478152
v -0.121575 0.535020 -0.475506
v -0.119615 0.529437 -0.464576
v 0.078652 0.480392 -0.509409
v 0.058553 0.473204 -0.512683
v 0.055217 0.478546 -0.499000
v 0.075518 0.485411 -0.496555
v 0.054988 0.473978 -0.484714
v 0.075303 0.481120 -0.483135
v 0.057953 0.461245 -0.475282
v 0.078089 0.469158 -0.474275
v 0.062981 0.445209 -0.474306
v 0.082812 0.454095 -0.473358
v 0.068151 0.431997 -0.482160
v 0.087668 0.441684 -0.480736
v 0.071487 0.426654 -0.495843
v 0.090802 0.436665 -0.493590
v 0.071716 0.431223 -0.510130
v 0.091018 0.440956 -0.507010
v 0.068751 0.443956 -0.519562
v 0.088232 0.452918 -0.515871
v 0.063723 0.459991 -0.520537
v 0.083508 0.467981 -0.516787
v 0.083508 0.467981 -0.516787
v 0.063723 0.459991 -0.520537
v 0.075303 0.481120 -0.483135
v 0.091018 0.440956 -0.507010
v 0.088232 0.452918 -0.515871
v 0.075518 0.485411 -0.496555
v 0.078089 0.469158 -0.474275
v 0.090802 0.436665 -0.493590
v 0.082812 0.454095 -0.473358
v 0.087668 0.441684 -0.480736
v 0.083508 0.467981 -0.516787
v 0.078652 0.480392 -0.509409
v 0.096104 0.491076 -0.500017
v 0.077437 0.477095 -0.508073
v 0.074770 0.481367 -0.497134
v 0.091229 0.492764 -0.491180
v 0.074586 0.477715 -0.485712
v 0.090630 0.489208 -0.481476
v 0.076957 0.467534 -0.478171
v 0.094536 0.481769 -0.474615
v 0.080978 0.454714 -0.477391
v 0.101455 0.473285 -0.473215
v 0.085110 0.444151 -0.483670
v 0.108743 0.466999 -0.477812
v 0.087778 0.439879 -0.494610
v 0.113619 0.465311 -0.486650
v 0.087961 0.443531 -0.506032
v 0.114218 0.468866 -0.496353
v 0.085590 0.453712 -0.513573
v 0.110313 0.476306 -0.503215
v 0.081570 0.466532 -0.514353
v 0.103394 0.484789 -0.504614
v 0.103394 0.484789 -0.504614
v 0.081570 0.466532 -0.514353
v 0.108159 0.511691 -0.482450
v 0.113267 0.513642 -0.487578
v 0.107192 0.508710 -0.475548
v 0.110738 0.505837 -0.469508
v 0.117441 0.504170 -0.466638
v 0.124742 0.504345 -0.468033
v 0.129851 0.506296 -0.473161
v 0.130816 0.509277 -0.480064
v 0.127272 0.512150 -0.486103
v 0.120568 0.513817 -0.488974
v 0.120568 0.513817 -0.488974
v 0.110715 0.532325 -0.473847
v 0.113878 0.534836 -0.476501
v 0.109960 0.530174 -0.469634
v 0.111902 0.529203 -0.465473
v 0.115799 0.529784 -0.462952
v 0.120163 0.531694 -0.463034
v 0.123327 0.534205 -0.465688
v 0.124081 0.536357 -0.469900
v 0.122139 0.537328 -0.474062
v 0.118243 0.536747 -0.476583
v 0.118243 0.536747 -0.476583
v 0.107425 0.553124 -0.465067
v 0.109555 0.529720 -0.479109
v 0.107595 0.524136 -0.468179
v 0.107048 0.552048 -0.462961
v 0.116435 0.524100 -0.459893
v 0.108446 0.552679 -0.461174
v 0.108446 0.552679 -0.461174
v 0.116435 0.524100 -0.459893
v 0.127234 0.529647 -0.462539
v 0.110222 0.554386 -0.461493
v 0.129193 0.535231 -0.473469
v 0.110599 0.555462 -0.463599
v 0.120353 0.535266 -0.481754
v 0.109201 0.554831 -0.465386
v 0.110599 0.555462 -0.463599
v 0.109201 0.554831 -0.465386
v 0.108446 0.552679 -0.461174
v 0.110222 0.554386 -0.461493
v 0.107048 0.552048 -0.462961
v 0.107425 0.553124 -0.465067
v 0.116435 0.524100 -0.459893
v 0.120353 0.535266 -0.481754
v 0.129193 0.535231 -0.473469
v 0.127234 0.529647 -0.462539
v 0.107595 0.524136 -0.468179
v 0.109555 0.529720 -0.479109
v 0.651371 0.580126 -0.264880
v 0.652853 0.613381 -0.265111
v 0.605908 0.601110 -0.238290
v 0.627397 0.557140 -0.251497
v 0.637583 0.644775 -0.255723
v 0.618396 0.652901 -0.244514
v 0.651914 0.580108 -0.263938
v 0.627936 0.557122 -0.250562
v 0.606467 0.601091 -0.237321
v 0.653408 0.613363 -0.264148
v 0.618971 0.652882 -0.243516
v 0.638152 0.644756 -0.254736
v -0.562461 0.569611 -0.230585
v -0.562564 0.596719 -0.230227
v -0.549382 0.585481 -0.271922
v -0.555889 0.550264 -0.251390
v -0.557939 0.621864 -0.244822
v -0.552426 0.627968 -0.262247
v -0.563306 0.569611 -0.230852
v -0.556727 0.550264 -0.251655
v -0.550251 0.585481 -0.272197
v -0.563428 0.596719 -0.230500
v -0.553321 0.627968 -0.262529
v -0.558824 0.621864 -0.245101
v 0.151241 0.236079 -0.278327
v 0.151048 0.252211 -0.278220
v 0.173922 0.245523 -0.290627
v 0.162654 0.224566 -0.284518
v 0.151819 0.236079 -0.277261
v 0.163233 0.224566 -0.283451
v 0.174496 0.245523 -0.289568
v 0.151623 0.252211 -0.277159
v -0.142349 0.234220 -0.269008
v -0.142211 0.245822 -0.269087
v -0.158564 0.241012 -0.259984
v -0.150508 0.225940 -0.264466
v -0.142773 0.234220 -0.269770
v -0.150933 0.225940 -0.265229
v -0.158985 0.241012 -0.260742
v -0.142633 0.245822 -0.269845
v -0.493533 0.145224 0.127796
v -0.502496 0.145224 0.116767
v -0.513526 0.145224 0.125729
v -0.504563 0.145224 0.136759
v -0.721043 0.001923 -0.575491
v -0.721043 0.001923 -0.575491
v -0.721043 0.001923 -0.114645
v -0.721043 0.001923 0.319177
v -0.721043 0.001923 0.741905
v -0.721043 0.001923 0.741905
v -0.712765 0.140744 0.464906
v -0.712765 0.140847 -0.289947
v -0.712765 0.140847 0.664804
v -0.625179 0.140744 0.448167
v -0.625179 0.140847 -0.273208
v -0.625179 0.140847 0.681543
v -0.618911 0.264762 -0.185947
v -0.616327 0.314538 -0.187438
v -0.616018 0.246266 -0.330770
v -0.616018 0.316683 -0.330770
v -0.615534 0.248478 0.075552
v -0.614170 0.299157 0.079190
v -0.611262 0.314656 0.359678
v -0.610981 0.262758 0.349125
v -0.608245 0.243607 0.510377
v -0.608245 0.322434 0.510377
v -0.601870 0.107347 0.086177
v -0.601870 0.152700 0.086177
v -0.601870 0.152700 0.086177
v -0.596550 0.152919 0.222300
v -0.596288 0.831581 0.293424
v -0.596288 0.851846 -0.300480
v -0.596288 0.851846 0.058102
v -0.596288 0.851846 0.473809
v -0.596288 0.836647 -0.157246
v -0.593086 0.152919 0.188087
v -0.593086 0.152919 0.188087
v -0.590904 0.160294 0.151411
v -0.589580 0.152700 0.118307
v -0.589580 0.152700 0.118307
v -0.588814 0.152700 0.063742
v -0.584458 0.160294 0.119065
v -0.584458 0.160294 0.119065
v -0.581021 0.366718 -0.315313
v -0.581021 0.497917 -0.321318
v -0.579001 0.152919 0.245786
v -0.579001 0.152919 0.245786
v -0.578329 0.160294 0.186388
v -0.578329 0.160294 0.186388
v -0.573301 0.608309 -0.334654
v -0.572183 0.144772 0.118340
v -0.569168 -0.001527 0.302069
v -0.566730 0.057697 0.286996
v -0.565524 0.144772 0.055611
v -0.564554 0.140847 -0.490319
v -0.564554 0.140847 -0.289472
v -0.564554 0.140847 0.464432
v -0.564554 0.140847 0.665279
v -0.562683 0.348718 -0.201352
v -0.561827 0.154594 0.145344
v -0.560394 -0.001527 0.285925
v -0.560137 0.149178 0.116544
v -0.559599 0.150163 0.098035
v -0.559137 0.057697 0.312471
v -0.557900 0.057697 0.261922
v -0.557261 0.330738 -0.224060
v -0.556156 0.144899 0.184260
v -0.554953 0.157003 0.194834
v -0.554150 0.164664 0.038421
v -0.554150 0.164664 0.038421
v -0.554069 0.149178 0.184027
v -0.554057 0.044730 0.297881
v -0.553024 -0.001527 0.310842
v -0.549137 0.044730 0.288826
v -0.546950 -0.001527 0.256702
v -0.546372 0.128785 0.112737
v -0.546299 0.429362 0.477082
v -0.546299 0.566384 0.477082
v -0.546131 0.429362 0.651097
v -0.546131 0.566384 0.651097
v -0.545003 0.044730 0.302801
v -0.544751 0.144899 0.243482
v -0.544425 0.729348 -0.290416
v -0.542935 -0.004393 0.117825
v -0.542666 0.166314 0.252342
v -0.542666 0.166314 0.252342
v -0.539039 0.082360 -0.215812
v -0.538767 0.044730 0.265128
v -0.538573 -0.001527 0.240348
v -0.538020 0.057697 0.328617
v -0.536947 0.452463 0.468195
v -0.536947 0.543283 0.468195
v -0.536762 0.452463 0.660163
v -0.536762 0.543283 0.660163
v -0.536018 0.057697 0.246828
v -0.534068 0.044730 0.255956
v -0.533656 0.140847 -0.443810
v -0.533656 0.140847 -0.335982
v -0.533656 0.140847 0.510941
v -0.533656 0.140847 0.618769
v -0.533471 0.128785 0.059663
v -0.532362 -0.004393 0.074403
v -0.532142 -0.004393 0.199045
v -0.531518 0.330738 -0.235275
v -0.531147 0.366718 -0.458150
v -0.531147 0.366718 -0.315313
v -0.530412 0.154594 0.142571
v -0.529226 0.150163 0.096671
v -0.527909 0.140847 -0.389896
v -0.527909 0.140847 0.564855
v -0.527625 0.128785 0.215155
v -0.526804 -0.001527 0.327503
v -0.526055 0.303093 -0.174033
v -0.525831 -0.004393 0.117155
v -0.524897 0.044730 0.260655
v -0.524546 0.298478 -0.177345
v -0.524359 0.128785 0.112698
v -0.523593 0.044730 0.315982
v -0.523374 0.181759 0.132678
v -0.522220 -0.001527 0.248725
v -0.521745 0.181759 0.116913
v -0.521330 0.157003 0.192004
v -0.519586 0.298478 -0.179506
v -0.519548 0.128785 0.161196
v -0.517642 0.307707 -0.175044
v -0.516619 0.366699 -0.201075
v -0.516238 -0.004393 0.156483
v -0.516133 0.303093 -0.178355
v -0.514879 0.044730 0.321484
v -0.514091 0.429362 -0.302021
v -0.514091 0.566384 -0.302021
v -0.513379 0.181759 0.144978
v -0.513379 0.181759 0.144978
v -0.512213 0.076209 -0.128929
v -0.511608 0.164664 0.039459
v -0.511608 0.164664 0.039459
v -0.511445 0.057697 0.329268
v -0.511403 0.128785 0.214520
v -0.511268 -0.001527 0.337313
v -0.511197 0.348718 -0.223782
v -0.509445 0.181759 0.106918
v -0.509443 0.057697 0.247479
v -0.509377 0.044730 0.312771
v -0.508932 -0.004393 0.199004
v -0.504722 0.452463 -0.292956
v -0.504722 0.543283 -0.292956
v -0.503633 0.044730 0.275438
v -0.503330 0.166314 0.253065
v -0.503330 0.166314 0.253065
v -0.502376 0.446882 -0.453264
v -0.502376 0.446882 -0.453264
v -0.502376 0.446882 -0.328552
v -0.502376 0.446882 -0.328552
v -0.501458 -0.001527 0.321777
v -0.499470 0.044730 0.289404
v -0.497614 0.181759 0.146608
v -0.495580 -0.001527 0.267544
v -0.494568 0.044730 0.280339
v -0.493680 0.181759 0.108547
v -0.489563 0.057697 0.314173
v -0.488326 0.057697 0.263625
v -0.488158 -0.001527 0.292446
v -0.485314 0.181759 0.136612
v -0.483685 0.181759 0.120847
v -0.481866 0.088273 -0.281088
v -0.480732 0.057697 0.289100
v -0.479418 -0.001527 0.276284
v -0.475743 0.139207 -0.211114
v -0.475737 0.146549 -0.199135
v -0.472094 0.075302 -0.108154
v -0.471045 0.832424 -0.244178
v -0.471045 0.832424 -0.244178
v -0.467921 0.126615 -0.212990
v -0.464880 0.155591 0.133073
v -0.464577 0.138312 0.105557
v -0.464518 0.150689 -0.217799
v -0.464518 0.150689 -0.217799
v -0.464512 0.159137 -0.204014
v -0.464512 0.159137 -0.204014
v -0.464081 0.315227 -0.434913
v -0.464081 0.390241 -0.356935
v -0.464081 0.394532 -0.427770
v -0.463304 0.133906 0.105951
v -0.460519 0.148256 -0.212908
v -0.460515 0.153102 -0.205001
v -0.460094 0.121365 -0.202887
v -0.460088 0.128707 -0.190907
v -0.457917 0.138312 0.173755
v -0.457113 0.133906 0.047579
v -0.457047 0.155591 0.159353
v -0.455824 0.157125 0.107224
v -0.455517 0.136198 -0.219958
v -0.455517 0.136198 -0.219958
v -0.455504 0.153095 -0.192388
v -0.455504 0.153095 -0.192388
v -0.455356 0.139944 -0.214147
v -0.451504 0.045725 -0.070189
v -0.451037 0.134033 0.173953
v -0.450190 0.136479 -0.207478
v -0.450186 0.141325 -0.199570
v -0.448590 0.140748 -0.201125
v -0.446510 0.130157 -0.208332
v -0.446510 0.130157 -0.208332
v -0.446504 0.138605 -0.194547
v -0.446504 0.138605 -0.194547
v -0.440080 0.053435 -0.318740
v -0.439589 0.043323 -0.047985
v -0.439582 0.134033 0.235011
v -0.438596 0.315227 -0.434913
v -0.438596 0.390241 -0.356935
v -0.438596 0.394532 -0.427770
v -0.438507 0.165099 0.136715
v -0.436671 0.059471 -0.207289
v -0.436671 0.059471 -0.207289
v -0.436491 0.106472 -0.199633
v -0.435946 0.791554 -0.238969
v -0.435316 0.157125 0.176025
v -0.434677 0.159163 0.146663
v -0.434496 0.078506 -0.198346
v -0.433336 0.159608 0.091678
v -0.432074 0.174924 0.131609
v -0.431304 0.156346 0.143154
v -0.427737 0.185545 -0.234814
v -0.427737 0.185545 -0.234814
v -0.427730 0.194864 -0.219608
v -0.427730 0.194864 -0.219608
v -0.427450 0.002099 -0.030851
v -0.425184 0.181631 0.139958
v -0.424414 0.163052 0.151504
v -0.423739 0.183113 -0.229922
v -0.423677 0.053237 -0.338018
v -0.421811 0.178814 0.136450
v -0.420725 -0.002659 0.335532
v -0.417981 0.172877 0.146398
v -0.417809 0.169562 -0.237195
v -0.417809 0.169562 -0.237195
v -0.417795 0.188200 -0.206784
v -0.417795 0.188200 -0.206784
v -0.417648 0.173308 -0.231383
v -0.417640 0.184741 -0.212728
v -0.417450 0.175660 0.131015
v -0.417097 0.085495 0.313096
v -0.413626 0.170259 0.143841
v -0.412731 0.014417 -0.360678
v -0.412651 0.173401 -0.216201
v -0.411554 0.169220 -0.223516
v -0.411550 0.174937 -0.214189
v -0.407987 0.159608 0.176722
v -0.407874 0.162898 -0.224371
v -0.407874 0.162898 -0.224371
v -0.407867 0.172217 -0.209165
v -0.407867 0.172217 -0.209165
v -0.407666 -0.002659 0.311503
v -0.407592 0.178361 0.121093
v -0.406490 0.184426 0.124789
v -0.406007 0.162091 0.092375
v -0.405795 0.085495 0.351016
v -0.404714 0.073808 -0.219647
v -0.403953 0.085495 0.275775
v -0.401047 0.161494 0.143051
v -0.399945 0.167559 0.146747
v -0.398234 0.066195 0.329298
v -0.396695 -0.002659 0.348591
v -0.396403 0.202919 -0.241861
v -0.395128 0.154833 0.024037
v -0.395128 0.154833 0.024037
v -0.393911 0.175660 0.123998
v -0.391170 0.484555 -0.426738
v -0.390910 0.066195 0.315821
v -0.390087 0.170259 0.136825
v -0.389784 0.204686 -0.223200
v -0.389559 0.148428 0.083348
v -0.389488 0.456599 -0.411402
v -0.389084 0.193170 -0.243762
v -0.387654 -0.002659 0.268004
v -0.386891 0.517152 -0.429029
v -0.386856 0.152829 -0.220544
v -0.385499 0.162091 0.161176
v -0.384757 0.066195 0.336623
v -0.384276 0.163625 0.109047
v -0.383064 0.152636 0.130917
v -0.382466 0.194937 -0.225101
v -0.382297 0.440775 -0.387130
v -0.382115 0.189179 -0.235382
v -0.381670 0.128785 0.096051
v -0.378793 0.091297 -0.230088
v -0.378134 -0.004393 0.101109
v -0.377799 0.545656 -0.417661
v -0.377689 0.154924 0.177267
v -0.376442 0.163625 0.135327
v -0.375474 0.066195 0.280547
v -0.375185 -0.002659 0.243663
v -0.374362 0.085495 0.375049
v -0.373210 0.900818 -0.176609
v -0.373210 0.900818 -0.176609
v -0.371829 0.496722 -0.319472
v -0.371523 0.441323 -0.360427
v -0.371523 0.441323 -0.360427
v -0.371383 0.085495 0.253308
v -0.368585 0.128785 0.042922
v -0.368481 0.066195 0.266895
v -0.367513 -0.004393 0.182380
v -0.367469 0.082313 -0.177436
v -0.366839 -0.004393 0.057472
v -0.366707 0.475067 -0.326164
v -0.366589 0.157797 0.238693
v -0.366589 0.157797 0.238693
v -0.366329 0.562428 -0.395681
v -0.365226 0.440254 -0.453264
v -0.365226 0.440254 -0.328552
v -0.363244 0.128785 0.198565
v -0.362730 0.144168 -0.228483
v -0.362493 0.234904 -0.257343
v -0.361303 0.148428 0.075052
v -0.360971 0.501280 -0.322270
v -0.360889 0.144772 0.037224
v -0.360500 -0.004393 0.100281
v -0.360053 0.458095 -0.338447
v -0.359515 0.128785 0.095970
v -0.359250 0.848096 -0.176609
v -0.359032 0.154833 0.022894
v -0.359032 0.154833 0.022894
v -0.357668 -0.002659 0.373391
v -0.355849 0.479625 -0.328962
v -0.355555 0.562976 -0.368978
v -0.355140 0.236868 -0.236610
v -0.354845 0.152636 0.122523
v -0.354829 0.066195 0.273888
v -0.354426 0.128785 0.144384
v -0.353438 0.225234 -0.259865
v -0.352888 0.066195 0.356243
v -0.351426 -0.004393 0.139764
v -0.351118 0.149178 0.093980
v -0.350961 0.486599 -0.327079
v -0.350844 -0.002659 0.256132
v -0.350576 0.137634 -0.243401
v -0.350576 0.137634 -0.243401
v -0.350356 0.045689 -0.140599
v -0.350083 0.473251 -0.316348
v -0.348749 0.487407 -0.307422
v -0.348364 0.547152 -0.344706
v -0.347066 0.478987 -0.322320
v -0.346682 0.519196 -0.329370
v -0.346518 0.128785 0.197779
v -0.346084 0.227197 -0.239133
v -0.346062 0.154924 0.169733
v -0.345731 0.493142 -0.313394
v -0.345233 0.221380 -0.250760
v -0.344658 0.149888 0.034755
v -0.344658 0.149888 0.034755
v -0.344161 0.144772 0.093361
v -0.344155 -0.004393 0.182295
v -0.340945 0.474375 -0.301320
v -0.340945 0.474375 -0.301320
v -0.340295 0.476550 -0.305419
v -0.340125 0.464035 -0.313931
v -0.340125 0.464035 -0.313931
v -0.339918 0.066195 0.364432
v -0.339289 0.470052 -0.313042
v -0.338568 0.483644 -0.304843
v -0.338441 0.043288 -0.118395
v -0.338232 0.485780 -0.300395
v -0.338232 0.485780 -0.300395
v -0.338065 0.042896 -0.250402
v -0.336739 0.149178 0.161651
v -0.335895 0.475271 -0.318446
v -0.335294 0.472893 -0.322877
v -0.335294 0.472893 -0.322877
v -0.335173 0.488864 -0.310247
v -0.334844 0.144899 0.161260
v -0.334806 0.085495 0.376017
v -0.334543 -0.002659 0.387992
v -0.334248 0.267450 -0.270722
v -0.333431 0.494623 -0.309387
v -0.333431 0.494623 -0.309387
v -0.332003 0.487932 -0.320643
v -0.332003 0.487932 -0.320643
v -0.331826 0.085495 0.254276
v -0.331729 0.066195 0.351462
v -0.330401 0.149888 0.058206
v -0.328473 0.277824 -0.277106
v -0.328119 0.144899 0.216432
v -0.326800 0.157797 0.226012
v -0.326800 0.157797 0.226012
v -0.326303 0.002064 -0.101261
v -0.326243 0.269588 -0.248154
v -0.325584 0.149888 0.089083
v -0.325584 0.149888 0.089083
v -0.323654 0.257849 -0.273795
v -0.323448 0.460510 -0.312300
v -0.323178 0.066195 0.295893
v -0.323012 0.469524 -0.320385
v -0.321661 0.042699 -0.269680
v -0.320509 0.473706 -0.444034
v -0.319941 -0.002659 0.364867
v -0.319833 0.468534 -0.300993
v -0.319203 0.156351 0.087578
v -0.319203 0.156351 0.087578
v -0.319164 0.451021 -0.431639
v -0.318939 0.488458 -0.307735
v -0.318217 0.280563 -0.248188
v -0.317875 0.479089 -0.300092
v -0.317026 0.500172 -0.445872
v -0.316982 0.066195 0.316681
v -0.315649 0.259986 -0.251227
v -0.315354 0.150074 0.156860
v -0.315354 0.150074 0.156860
v -0.314653 0.265830 -0.281152
v -0.314355 0.254117 -0.264047
v -0.313353 0.438195 -0.412011
v -0.311192 -0.002659 0.284143
v -0.310715 0.003878 -0.292340
v -0.309686 0.066195 0.303189
v -0.309650 0.523326 -0.436663
v -0.309309 0.150074 0.212467
v -0.309309 0.150074 0.212467
v -0.307523 0.466312 -0.327300
v -0.306193 0.156351 0.117136
v -0.306128 0.150074 0.183450
v -0.305797 0.156351 0.154635
v -0.305797 0.156351 0.154635
v -0.304632 0.438664 -0.390407
v -0.304632 0.438664 -0.390407
v -0.304396 0.268569 -0.252234
v -0.303958 0.456112 -0.321016
v -0.302614 0.261203 -0.268716
v -0.302235 0.085495 0.353550
v -0.300394 0.085495 0.278310
v -0.300357 0.536965 -0.418873
v -0.300143 -0.002659 0.321209
v -0.299285 0.464178 -0.309153
v -0.299264 0.484534 -0.315653
v -0.295782 0.463620 -0.339477
v -0.295782 0.463620 -0.339477
v -0.295339 0.452303 -0.372617
v -0.295335 0.469319 -0.451661
v -0.294061 0.447825 -0.439918
v -0.292064 0.480608 -0.336953
v -0.292064 0.480608 -0.336953
v -0.292035 0.494395 -0.453403
v -0.291807 0.465214 -0.336269
v -0.291636 0.537434 -0.397269
v -0.289091 0.085495 0.316229
v -0.288895 0.450943 -0.333510
v -0.288895 0.450943 -0.333510
v -0.288555 0.435672 -0.421320
v -0.287963 0.475458 -0.363407
v -0.287135 -0.002659 0.297152
v -0.287078 0.457267 -0.332869
v -0.286886 0.469766 -0.369719
v -0.285825 0.524608 -0.377640
v -0.285046 0.516333 -0.444677
v -0.284480 0.501923 -0.365246
v -0.282839 0.315227 -0.434913
v -0.282839 0.390241 -0.356935
v -0.282839 0.394532 -0.427770
v -0.282446 0.478837 -0.329726
v -0.281886 0.466983 -0.351822
v -0.281886 0.466983 -0.351822
v -0.281374 0.485313 -0.328405
v -0.281374 0.485313 -0.328405
v -0.280824 0.463280 -0.373319
v -0.280292 0.436117 -0.400850
v -0.280292 0.436117 -0.400850
v -0.280157 0.474883 -0.350648
v -0.278937 0.462623 -0.327140
v -0.277722 0.470906 -0.326285
v -0.276974 0.461263 -0.351947
v -0.276657 0.459579 -0.323707
v -0.276657 0.459579 -0.323707
v -0.276471 0.483171 -0.370365
v -0.276241 0.529257 -0.427821
v -0.275944 -0.003610 0.314397
v -0.275944 0.061780 0.314397
v -0.274522 0.472659 -0.322363
v -0.273411 0.477077 -0.349579
v -0.271487 0.449040 -0.383994
v -0.270408 0.476684 -0.373965
v -0.270390 0.471478 -0.375147
v -0.269455 0.465282 -0.350569
v -0.268485 0.069521 0.312927
v -0.268478 0.471374 -0.349658
v -0.267978 0.529701 -0.407352
v -0.264498 0.470978 -0.375268
v -0.262472 0.517548 -0.388754
v -0.261198 0.496054 -0.377010
v -0.259379 0.048261 -0.079641
v -0.259379 0.048261 0.001775
v -0.259379 0.048261 0.261248
v -0.259379 0.056181 0.117195
v -0.257355 0.315227 -0.434913
v -0.257355 0.390241 -0.356935
v -0.257355 0.394532 -0.427770
v -0.254362 0.656174 -0.447635
v -0.254362 0.656174 -0.417421
v -0.254362 0.656174 -0.417421
v -0.249407 -0.003610 -0.163346
v -0.249407 0.061781 -0.163346
v -0.248290 0.649664 -0.417421
v -0.247081 0.737319 -0.448569
v -0.247081 0.737319 -0.411461
v -0.245228 0.069521 -0.156995
v -0.245183 0.717619 -0.417421
v -0.242399 0.181010 -0.448328
v -0.242399 0.181010 -0.209010
v -0.242399 0.181010 -0.209010
v -0.225458 0.446857 -0.453264
v -0.225458 0.446857 -0.453264
v -0.225458 0.446857 -0.328552
v -0.225458 0.446857 -0.328552
v -0.221641 -0.000076 -0.209010
v -0.215578 -0.003610 0.224384
v -0.215578 0.061780 0.224384
v -0.214108 0.069521 0.231843
v -0.213995 0.684178 -0.417421
v -0.202253 0.447416 -0.409266
v -0.200853 0.608645 -0.448569
v -0.200853 0.608645 -0.411461
v -0.197887 0.343416 -0.408631
v -0.195177 0.159738 -0.236799
v -0.192034 0.042900 -0.073372
v -0.191441 0.042900 -0.144132
v -0.190810 0.048261 0.354864
v -0.189577 0.048261 0.284112
v -0.188616 0.048261 -0.079641
v -0.188616 0.048261 0.001775
v -0.188616 0.048261 0.261248
v -0.188616 0.056181 0.117195
v -0.187839 0.155999 -0.418841
v -0.185604 0.619447 -0.418841
v -0.183765 0.405468 -0.418841
v -0.176479 0.329128 -0.337435
v -0.176479 0.329128 -0.337435
v -0.173571 0.699646 -0.448569
v -0.173571 0.699646 -0.411461
v -0.173274 0.293854 -0.337435
v -0.172251 0.629386 -0.573651
v -0.172251 0.629386 -0.447121
v -0.170962 0.670042 -0.448569
v -0.170962 0.670042 -0.411461
v -0.169327 0.069521 -0.041661
v -0.167725 0.421160 -0.456184
v -0.166506 0.772849 -0.448569
v -0.166506 0.772849 -0.411461
v -0.165147 -0.003610 -0.035310
v -0.165147 0.061781 -0.035310
v -0.164699 0.373593 -0.456184
v -0.162781 0.326087 -0.331314
v -0.158964 0.259908 -0.337435
v -0.158077 -0.000154 -0.573651
v -0.150433 0.373239 -0.355117
v -0.150433 0.373239 -0.320009
v -0.150307 0.407394 -0.418841
v -0.149610 0.069521 -0.137278
v -0.146232 0.350403 -0.408631
v -0.144497 0.155600 -0.418841
v -0.144312 0.623881 -0.418841
v -0.143295 0.321760 -0.349879
v -0.143295 0.321760 -0.324990
v -0.143295 0.321760 -0.324990
v -0.143260 -0.003610 -0.141458
v -0.143260 0.061781 -0.141458
v -0.141213 0.540531 -0.469867
v -0.140534 0.395124 -0.355117
v -0.140534 0.395124 -0.320009
v -0.140354 0.244318 -0.337435
v -0.140056 0.718761 -0.448569
v -0.140056 0.718761 -0.411461
v -0.139709 0.314261 -0.353414
v -0.139709 0.314261 -0.321455
v -0.139709 0.314261 -0.321455
v -0.139254 0.534948 -0.458937
v -0.138527 0.366454 -0.353511
v -0.138527 0.366454 -0.321615
v -0.138009 0.440060 -0.409266
v -0.135585 0.406067 -0.337563
v -0.133024 0.069521 0.286220
v -0.132373 0.540567 -0.478152
v -0.131133 0.386968 -0.353511
v -0.131133 0.386968 -0.321615
v -0.127435 0.397225 -0.337563
v -0.125565 -0.003610 0.284750
v -0.125565 0.061780 0.284750
v -0.125277 0.215549 -0.394483
v -0.125277 0.215549 -0.394483
v -0.124209 0.215549 -0.274017
v -0.124209 0.215549 -0.274017
v -0.122619 0.560762 -0.459996
v -0.122242 0.559687 -0.457890
v -0.121763 0.661191 -0.448569
v -0.121763 0.661191 -0.411461
v -0.121575 0.535020 -0.475506
v -0.121221 0.560131 -0.461784
v -0.121004 0.215549 -0.325500
v -0.120799 0.345554 -0.337563
v -0.120799 0.345554 -0.337563
v -0.119615 0.529437 -0.464576
v -0.119445 0.558424 -0.461465
v -0.119152 0.356044 -0.352729
v -0.119152 0.356044 -0.352729
v -0.119152 0.356044 -0.322398
v -0.119152 0.356044 -0.322398
v -0.119068 0.557348 -0.459359
v -0.118510 0.360137 -0.346812
v -0.118510 0.360136 -0.328314
v -0.116841 0.347841 -0.330610
v -0.116500 0.372933 -0.346812
v -0.116500 0.372933 -0.328314
v -0.116048 0.234843 -0.337435
v -0.115858 0.377025 -0.352729
v -0.115858 0.377025 -0.352729
v -0.115858 0.377025 -0.322398
v -0.115858 0.377025 -0.322398
v -0.115496 0.379331 -0.337563
v -0.114210 0.387516 -0.337563
v -0.114210 0.387516 -0.337563
v -0.114174 0.217740 0.089122
v -0.109406 0.048261 0.356283
v -0.108173 0.048261 0.285531
v -0.100242 0.332992 -0.361301
v -0.100242 0.332992 -0.313826
v -0.099699 0.216267 0.163156
v -0.092311 0.377306 -0.343686
v -0.092311 0.377306 -0.332030
v -0.089578 0.401930 -0.347241
v -0.089578 0.401930 -0.328476
v -0.087916 0.215465 0.092303
v -0.085052 0.239781 -0.337435
v -0.084424 0.370030 -0.361301
v -0.084424 0.370030 -0.313826
v -0.083704 0.292965 -0.353414
v -0.083704 0.292965 -0.321455
v -0.083704 0.292965 -0.321455
v -0.082855 0.371622 -0.326202
v -0.082836 0.199666 -0.386786
v -0.082836 0.199666 -0.281039
v -0.082593 0.214527 0.020675
v -0.082481 0.206902 -0.325500
v -0.080368 0.174433 0.150239
v -0.076846 0.325114 -0.330610
v -0.076783 0.206902 -0.273006
v -0.076783 0.206902 -0.273006
v -0.076588 0.214313 0.150239
v -0.076588 0.214313 0.150239
v -0.075774 0.317737 -0.337563
v -0.075774 0.317737 -0.337563
v -0.073770 0.394205 -0.319093
v -0.073597 0.275141 -0.324990
v -0.073398 0.365938 -0.343686
v -0.073398 0.365938 -0.332030
v -0.073222 0.206902 -0.395157
v -0.073222 0.206902 -0.395157
v -0.070233 0.326274 -0.322398
v -0.070233 0.326274 -0.322398
v -0.070233 0.326274 -0.352729
v -0.070233 0.326274 -0.352729
v -0.068071 0.329605 -0.346812
v -0.068071 0.329605 -0.328314
v -0.067865 0.267983 0.141871
v -0.063202 0.212951 0.038739
v -0.062247 0.267170 0.168646
v -0.061313 0.340018 -0.346812
v -0.061313 0.340018 -0.328314
v -0.059984 0.266330 -0.343555
v -0.059984 0.266330 -0.331314
v -0.059984 0.266330 -0.331314
v -0.059151 0.343349 -0.352729
v -0.059151 0.343349 -0.352729
v -0.059151 0.343349 -0.322398
v -0.059151 0.343349 -0.322398
v -0.057963 0.386481 -0.347241
v -0.057963 0.386481 -0.328476
v -0.057934 0.345225 -0.337563
v -0.055125 0.252007 -0.337435
v -0.055125 0.252007 -0.337435
v -0.054386 0.270191 -0.322968
v -0.054386 0.270191 -0.322968
v -0.053610 0.351886 -0.337563
v -0.053610 0.351886 -0.337563
v -0.052750 0.301897 -0.322968
v -0.052750 0.301897 -0.322968
v -0.051569 0.191459 -0.321874
v -0.048713 0.277540 -0.326348
v -0.047986 0.042900 -0.072165
v -0.047969 0.273397 0.123871
v -0.047393 0.042900 -0.142925
v -0.045416 0.231339 -0.326325
v -0.044695 0.210672 0.214498
v -0.038814 0.305780 -0.348386
v -0.038814 0.305780 -0.326740
v -0.036733 0.271772 0.177422
v -0.033544 0.209934 0.190417
v -0.032710 0.319273 -0.348386
v -0.032710 0.319273 -0.326740
v -0.030656 0.230408 -0.326325
v -0.029659 0.326020 -0.337563
v -0.029571 0.151956 0.135999
v -0.026875 0.437641 -0.434423
v -0.026172 0.151464 0.152199
v -0.025567 0.484215 -0.445048
v -0.025189 0.484996 -0.564585
v -0.025067 0.277540 -0.326348
v -0.023882 0.507913 -0.448282
v -0.023528 0.508837 -0.561014
v -0.021946 0.394045 -0.426600
v -0.021946 0.394045 -0.426600
v -0.021273 0.189244 -0.321874
v -0.020678 0.529610 -0.454235
v -0.020371 0.530419 -0.554436
v -0.019309 0.274988 -0.322968
v -0.019309 0.274988 -0.322968
v -0.017533 0.155232 0.125108
v -0.017464 0.548734 -0.463093
v -0.017201 0.549451 -0.545012
v -0.017018 0.207856 -0.016041
v -0.016837 0.277186 0.159422
v -0.015181 0.564200 -0.474635
v -0.014989 0.564771 -0.533123
v -0.014709 0.191148 -0.380872
v -0.014072 0.574195 -0.487893
v -0.013936 0.574853 -0.518949
v -0.013678 0.578140 -0.503183
v -0.013537 0.288986 -0.322968
v -0.013537 0.288986 -0.322968
v -0.011885 0.207730 0.010006
v -0.010735 0.154248 0.157509
v -0.008655 0.191148 -0.276384
v -0.006534 0.294361 -0.346776
v -0.006534 0.294361 -0.328351
v -0.006191 0.381588 -0.438617
v -0.005993 0.384050 -0.425094
v -0.005993 0.384050 -0.425094
v -0.003103 0.306540 -0.346776
v -0.003103 0.306540 -0.328351
v -0.001388 0.312629 -0.337563
v -0.000534 0.687263 -0.448569
v -0.000534 0.687263 -0.411461
v -0.000000 0.920199 -0.176609
v 0.000381 0.754349 -0.448569
v 0.000381 0.754349 -0.411461
v 0.001303 0.157524 0.146618
v 0.001530 0.713748 -0.573651
v 0.001530 0.713748 -0.447121
v 0.005192 0.577600 -0.502162
v 0.005319 0.573640 -0.486844
v 0.005407 0.574299 -0.517902
v 0.005911 0.563596 -0.473494
v 0.005996 0.058608 0.358295
v 0.006112 0.564167 -0.531981
v 0.007230 0.058608 0.287543
v 0.007451 0.548021 -0.461744
v 0.007734 0.548737 -0.543663
v 0.009780 0.528738 -0.452587
v 0.010139 0.529545 -0.552785
v 0.010334 0.393120 -0.427058
v 0.010334 0.393120 -0.427058
v 0.012005 0.506886 -0.446340
v 0.012401 0.507808 -0.559070
v 0.012645 0.483121 -0.442980
v 0.013054 0.483901 -0.562516
v 0.016967 0.436385 -0.435045
v 0.019621 0.285460 -0.349478
v 0.019621 0.285460 -0.325649
v 0.022175 0.301950 -0.349478
v 0.022175 0.301950 -0.325649
v 0.023452 0.310195 -0.337563
v 0.024774 0.204001 0.197491
v 0.029827 0.203090 0.223538
v 0.036991 0.190067 -0.281929
v 0.043401 0.190067 -0.386786
v 0.044584 0.244861 -0.322968
v 0.044584 0.244861 -0.322968
v 0.046407 0.268930 -0.322968
v 0.046407 0.268930 -0.322968
v 0.046433 0.201797 0.017080
v 0.046433 0.201797 0.017080
v 0.048453 0.190311 -0.321874
v 0.048498 0.251539 -0.326348
v 0.050474 0.281229 -0.347898
v 0.050474 0.281229 -0.327229
v 0.051528 0.267524 -0.337563
v 0.051528 0.267524 -0.337563
v 0.052690 0.295533 -0.347898
v 0.052690 0.295533 -0.327229
v 0.052928 0.277678 -0.352161
v 0.052928 0.277678 -0.352161
v 0.052928 0.277678 -0.322966
v 0.052928 0.277678 -0.322966
v 0.053798 0.302685 -0.337563
v 0.055725 0.297919 -0.352120
v 0.055725 0.297919 -0.352120
v 0.055725 0.297919 -0.323006
v 0.055725 0.297919 -0.323006
v 0.057120 0.307988 -0.337563
v 0.057120 0.307988 -0.337563
v 0.057504 0.200274 -0.007001
v 0.057504 0.200274 -0.007001
v 0.059011 0.224149 -0.326325
v 0.067430 0.057953 -0.071197
v 0.068023 0.057953 -0.141957
v 0.075773 0.223588 -0.326325
v 0.076091 0.198780 0.168759
v 0.077050 0.194269 -0.321874
v 0.080353 0.249187 -0.326348
v 0.084176 0.206902 -0.272669
v 0.084176 0.206902 -0.272669
v 0.085244 0.206902 -0.393471
v 0.085244 0.206902 -0.393471
v 0.087109 0.262334 -0.322968
v 0.087109 0.262334 -0.322968
v 0.088392 0.247061 -0.322968
v 0.088392 0.247061 -0.322968
v 0.088806 0.206902 -0.331039
v 0.088875 0.199176 -0.386786
v 0.088875 0.199176 -0.281039
v 0.089477 0.197418 0.057258
v 0.092754 0.271268 -0.349750
v 0.092754 0.271268 -0.325376
v 0.095138 0.288162 -0.325404
v 0.095138 0.288162 -0.349723
v 0.095402 0.196419 0.186822
v 0.096328 0.296573 -0.337563
v 0.097689 -0.003610 -0.121540
v 0.097689 0.061781 -0.121540
v 0.100805 0.196266 0.115195
v 0.100858 -0.003610 0.309342
v 0.100858 0.061780 0.309342
v 0.104966 0.069521 -0.119337
v 0.107048 0.552048 -0.462961
v 0.107425 0.553124 -0.465067
v 0.107595 0.524136 -0.468179
v 0.108460 0.069521 0.309270
v 0.109201 0.554831 -0.465386
v 0.109555 0.529720 -0.479109
v 0.110222 0.554386 -0.461493
v 0.110599 0.555462 -0.463599
v 0.112508 0.194678 0.044341
v 0.119893 0.213027 -0.333398
v 0.120353 0.535266 -0.481754
v 0.121505 0.652002 -0.448569
v 0.121505 0.652002 -0.411461
v 0.124879 0.213027 -0.397516
v 0.124879 0.213027 -0.397516
v 0.125617 0.440177 -0.409266
v 0.126983 0.193206 0.118375
v 0.127016 0.213027 -0.274354
v 0.127016 0.213027 -0.274354
v 0.127234 0.529647 -0.462539
v 0.129193 0.535231 -0.473469
v 0.130993 0.243671 -0.337563
v 0.130993 0.243671 -0.337563
v 0.132978 0.257537 -0.357530
v 0.132978 0.257537 -0.357530
v 0.132978 0.257536 -0.317597
v 0.132978 0.257536 -0.317597
v 0.133152 0.158119 -0.420734
v 0.133840 0.350520 -0.408631
v 0.134184 0.252177 -0.337563
v 0.135465 0.729690 -0.448569
v 0.135465 0.729690 -0.411461
v 0.135638 0.261564 -0.351127
v 0.135638 0.261564 -0.323999
v 0.136945 0.285207 -0.317635
v 0.136945 0.285207 -0.317635
v 0.136945 0.285207 -0.357492
v 0.136945 0.285207 -0.357492
v 0.138546 0.280338 -0.351127
v 0.138546 0.280338 -0.323999
v 0.138924 0.298993 -0.337563
v 0.138924 0.298993 -0.337563
v 0.139397 0.623881 -0.420734
v 0.144015 0.400649 -0.420734
v 0.148140 0.048261 -0.059301
v 0.148824 -0.003610 -0.025980
v 0.148824 0.061781 -0.025980
v 0.148843 0.042900 -0.070515
v 0.149436 0.042900 -0.141275
v 0.150027 0.048261 0.360806
v 0.150214 0.054316 0.084736
v 0.150965 0.238514 -0.337563
v 0.150965 0.238514 -0.337563
v 0.150965 0.238514 -0.337563
v 0.151028 0.069521 -0.033257
v 0.151260 0.048261 0.290054
v 0.151382 -0.000154 -0.573651
v 0.151877 0.048261 0.200144
v 0.153049 0.048261 0.281552
v 0.153127 0.252472 -0.357733
v 0.153127 0.252472 -0.357733
v 0.153127 0.252472 -0.357733
v 0.153127 0.252472 -0.317393
v 0.153127 0.252472 -0.317393
v 0.153127 0.252472 -0.317393
v 0.157451 0.280389 -0.357733
v 0.157451 0.280389 -0.357733
v 0.157451 0.280389 -0.357733
v 0.157451 0.280389 -0.317393
v 0.157451 0.280389 -0.317393
v 0.157451 0.280389 -0.317393
v 0.158984 0.385251 -0.456184
v 0.159613 0.294348 -0.337563
v 0.159613 0.294348 -0.337563
v 0.159770 0.416030 -0.456184
v 0.162246 0.244616 -0.337563
v 0.163776 0.254493 -0.351836
v 0.163776 0.254493 -0.323290
v 0.164474 0.619081 -0.573651
v 0.164474 0.619081 -0.447121
v 0.166836 0.274248 -0.351836
v 0.166836 0.274248 -0.323290
v 0.168495 0.670555 -0.448569
v 0.168495 0.670555 -0.411461
v 0.170319 0.699099 -0.448569
v 0.170319 0.699099 -0.411461
v 0.171165 0.398454 -0.420734
v 0.176759 -0.003610 0.231977
v 0.176759 0.061780 0.231977
v 0.176813 0.158518 -0.420734
v 0.176832 0.069521 0.239579
v 0.178151 0.069521 0.377641
v 0.178223 -0.003610 0.385244
v 0.178223 0.061780 0.385244
v 0.180689 0.619447 -0.420734
v 0.183746 0.775239 -0.448569
v 0.183746 0.775239 -0.411461
v 0.185495 0.343534 -0.408631
v 0.187208 0.160356 -0.236799
v 0.189861 0.447533 -0.409266
v 0.202230 0.614738 -0.448569
v 0.202230 0.614738 -0.411461
v 0.214239 -0.000076 -0.209010
v 0.216328 0.692649 -0.417421
v 0.218895 0.048261 -0.060320
v 0.220970 0.054316 0.083717
v 0.222632 0.048261 0.199125
v 0.223804 0.048261 0.280533
v 0.231556 0.439620 -0.453264
v 0.231556 0.439620 -0.453264
v 0.231556 0.439620 -0.328552
v 0.231556 0.439620 -0.328552
v 0.234996 0.181010 -0.448328
v 0.234996 0.181010 -0.209010
v 0.234996 0.181010 -0.209010
v 0.237108 0.069521 -0.079319
v 0.244384 -0.003610 -0.077115
v 0.244384 0.061781 -0.077115
v 0.247516 0.726090 -0.417421
v 0.249701 0.539975 -0.369223
v 0.250185 0.331001 -0.434913
v 0.250185 0.392889 -0.356935
v 0.250185 0.396429 -0.427770
v 0.250444 0.747076 -0.448569
v 0.250444 0.747076 -0.411461
v 0.250475 0.102648 -0.360410
v 0.250623 0.658135 -0.417421
v 0.256695 0.664645 -0.447635
v 0.256695 0.664645 -0.417421
v 0.256695 0.664645 -0.417421
v 0.257418 0.602502 -0.388293
v 0.266441 0.538006 -0.384375
v 0.267443 0.545475 -0.370636
v 0.274433 0.585444 -0.403129
v 0.275970 0.503023 -0.350460
v 0.276745 0.592785 -0.394160
v 0.277542 0.331001 -0.434913
v 0.277542 0.392889 -0.356935
v 0.277542 0.396429 -0.427770
v 0.283125 0.503630 -0.373184
v 0.286772 0.514832 -0.361731
v 0.289839 0.008489 0.184580
v 0.293949 0.473544 -0.340449
v 0.294556 0.102648 -0.446095
v 0.294774 0.652229 -0.429935
v 0.302276 0.649562 -0.411003
v 0.302276 0.649562 -0.411003
v 0.303948 0.477395 -0.358251
v 0.304950 0.484864 -0.344513
v 0.308704 0.626391 -0.418078
v 0.308704 0.626391 -0.418078
v 0.309706 0.633860 -0.404339
v 0.309706 0.633860 -0.404339
v 0.325597 0.055359 0.133519
v 0.325597 0.055359 0.133519
v 0.335410 0.652529 -0.412666
v 0.337160 0.151157 0.129778
v 0.337160 0.151157 0.129778
v 0.340276 0.445303 -0.337195
v 0.342731 0.626770 -0.416400
v 0.343152 0.458250 -0.358985
v 0.343732 0.634239 -0.402661
v 0.344154 0.465719 -0.345247
v 0.346246 0.054439 0.115625
v 0.346246 0.131554 0.115625
v 0.359250 0.848096 -0.176609
v 0.361479 0.434151 -0.453264
v 0.361479 0.434151 -0.328552
v 0.365747 0.641387 -0.409818
v 0.365747 0.641387 -0.409818
v 0.365796 0.663236 -0.411237
v 0.365796 0.663236 -0.411237
v 0.368196 0.639710 -0.424311
v 0.368196 0.639710 -0.424311
v 0.370240 0.660192 -0.437540
v 0.373002 0.542059 -0.370268
v 0.373210 0.900818 -0.176609
v 0.373210 0.900818 -0.176609
v 0.375703 0.553807 -0.374701
v 0.398144 0.055359 -0.266479
v 0.398144 0.055359 -0.266479
v 0.400130 0.470936 -0.351293
v 0.401132 0.478405 -0.337555
v 0.407943 0.151157 -0.260499
v 0.407943 0.151157 -0.260499
v 0.412439 0.054440 -0.249346
v 0.412439 0.131554 -0.249346
v 0.412834 0.460264 -0.329714
v 0.416769 0.618384 -0.409958
v 0.417771 0.625853 -0.396219
v 0.427555 0.639222 -0.401163
v 0.435082 0.331001 -0.434913
v 0.435082 0.392889 -0.356935
v 0.435082 0.396429 -0.427770
v 0.435885 0.499096 -0.361022
v 0.436886 0.506565 -0.347283
v 0.438057 0.585830 -0.395875
v 0.439059 0.593298 -0.382137
v 0.442825 0.176347 -0.151840
v 0.442825 0.176347 -0.151840
v 0.446929 0.784232 -0.242863
v 0.448804 0.544444 -0.376749
v 0.449744 0.496645 -0.342704
v 0.449805 0.551913 -0.363011
v 0.454857 0.597471 -0.383103
v 0.458678 0.193445 -0.239245
v 0.458678 0.193445 -0.239245
v 0.462431 0.331001 -0.434913
v 0.462431 0.392889 -0.356935
v 0.462431 0.396429 -0.427770
v 0.465788 0.550345 -0.361655
v 0.482028 0.825101 -0.244261
v 0.482028 0.825101 -0.244261
v 0.493882 0.439599 -0.453264
v 0.493882 0.439599 -0.453264
v 0.493882 0.439599 -0.328552
v 0.493882 0.439599 -0.328552
v 0.504722 0.452463 -0.292662
v 0.504722 0.543283 -0.292662
v 0.514091 0.429362 -0.301727
v 0.514091 0.566384 -0.301727
v 0.527909 0.140847 -0.389896
v 0.531147 0.366718 -0.458150
v 0.531147 0.366718 -0.315313
v 0.533656 0.140847 -0.443810
v 0.533656 0.140847 -0.335982
v 0.544425 0.729348 -0.290416
v 0.564554 0.140847 -0.490319
v 0.564554 0.140847 -0.289472
v 0.566483 0.151157 0.177965
v 0.566483 0.151157 0.177965
v 0.567224 0.074088 0.118020
v 0.570251 0.176347 -0.125064
v 0.570251 0.176347 -0.125064
v 0.573301 0.608309 -0.334654
v 0.579744 0.055359 0.186922
v 0.579744 0.055359 0.186922
v 0.581021 0.366718 -0.315313
v 0.581021 0.497917 -0.321318
v 0.586103 0.193445 -0.212470
v 0.586103 0.193445 -0.212470
v 0.589008 0.348718 -0.224316
v 0.590517 0.303093 -0.178647
v 0.594046 0.298478 -0.179534
v 0.594196 0.074088 -0.030698
v 0.596556 0.307707 -0.172703
v 0.598830 0.298478 -0.177007
v 0.600085 0.303093 -0.173591
v 0.610135 0.330738 -0.234249
v 0.617535 0.366699 -0.188148
v 0.625179 0.140847 -0.273208
v 0.626893 0.054440 -0.204283
v 0.626893 0.131554 -0.204283
v 0.634962 0.330738 -0.221131
v 0.635767 0.058063 0.121516
v 0.637266 0.151157 -0.212311
v 0.637266 0.151157 -0.212311
v 0.637521 -0.003114 0.111844
v 0.638663 0.348718 -0.198080
v 0.643383 0.076372 0.134023
v 0.643383 0.076372 0.134023
v 0.652290 0.055359 -0.213076
v 0.652290 0.055359 -0.213076
v 0.657175 -0.003114 0.003482
v 0.658929 0.058063 -0.006190
v 0.670356 0.076372 -0.014695
v 0.670356 0.076372 -0.014695
v 0.699983 0.338447 -0.328648
v 0.700484 0.140847 -0.318654
v 0.701718 0.921101 -0.294027
v 0.712765 0.140744 -0.489845
v 0.712765 0.140847 -0.289947
v 0.712765 0.140847 -0.289947
v 0.739535 0.001923 -0.575491
v 0.739535 0.001923 -0.575491
v 0.739535 0.001923 -0.114645
v 0.739535 0.001923 0.319177
v 0.739535 0.001923 0.741905
v 0.739535 0.001923 0.741905
vn -0.0000 -0.0000 1.0000
vn -0.0000 1.0000 -0.0000
vn 0.0312 0.9995 -0.0000
vn 0.0313 0.9995 -0.0000
vn -0.0000 -1.0000 -0.0000
vn 1.0000 -0.0000 -0.0000
vn -1.0000 -0.0000 -0.0000
vn -0.3512 0.9291 0.1158
vn -0.3511 0.9291 0.1158
vn 0.3369 0.9292 0.1519
vn 0.3371 0.9292 0.1518
vn 0.2767 0.9425 -0.1874
vn -0.4768 0.0001 -0.8790
vn 0.4864 -0.0000 0.8738
vn -0.4864 0.0001 -0.8737
vn -0.5024 -0.8647 -0.0000
vn -0.9998 0.0211 -0.0000
vn 0.9997 0.0225 -0.0000
vn -0.9939 0.1103 -0.0000
vn 0.7995 -0.6007 -0.0000
vn 0.4391 0.8985 -0.0000
vn 0.4390 0.8985 -0.0000
vn -0.4671 -0.0905 -0.8795
vn -0.4672 -0.0905 0.8795
vn -0.8265 0.5629 -0.0000
vn 0.9022 0.4314 -0.0000
vn 0.4941 -0.0765 -0.8660
vn 0.4155 -0.7682 -0.4871
vn 0.4155 -0.7682 0.4871
vn 0.4941 -0.0765 0.8660
vn 0.6707 0.5743 0.4694
vn 0.6708 0.5743 0.4693
vn 0.6707 0.5743 -0.4693
vn 0.9882 -0.1531 -0.0000
vn 0.8388 -0.5444 -0.0000
vn 0.8388 -0.5445 -0.0000
vn -0.9879 0.1552 -0.0001
vn -0.9879 0.1551 0.0001
vn -0.9879 0.1550 -0.0000
vn -0.9879 0.1551 -0.0000
vn -0.9879 0.1550 -0.0001
vn 0.8388 -0.5444 0.0001
vn -0.9879 0.1552 -0.0002
vn -0.9879 0.1552 -0.0000
vn -0.3296 0.0510 0.9428
vn -0.5404 -0.6637 0.5172
vn -0.5404 -0.6637 -0.5172
vn -0.3296 0.0510 -0.9428
vn -0.1924 0.8164 -0.5444
vn -0.1924 0.8165 0.5444
vn -0.9111 0.4121 -0.0000
vn -0.0213 -0.0000 0.9998
vn -0.0129 -0.0000 -0.9999
vn 0.0390 0.0002 0.9992
vn 0.0393 -0.0000 0.9992
vn -0.1011 -0.0003 -0.9949
vn -0.1007 -0.0000 -0.9949
vn 0.3127 0.9498 -0.0000
vn 0.1355 -0.9908 -0.0000
vn -0.9987 0.0515 -0.0000
vn 0.1600 0.9871 -0.0000
vn 0.0502 -0.9987 -0.0000
vn 0.9965 0.0837 -0.0000
vn -0.9971 0.0755 -0.0000
vn -0.1115 0.9739 -0.1977
vn -0.1329 -0.9824 -0.1314
vn 0.0157 0.9999 -0.0000
vn 0.0360 -0.9994 -0.0000
vn 0.1115 0.9739 -0.1977
vn 0.1329 -0.9824 -0.1314
vn -0.0000 -0.0000 -1.0000
vn 0.7313 -0.6821 -0.0000
vn -0.7094 -0.7049 -0.0000
vn 0.9890 0.1477 -0.0000
vn -0.7313 -0.6821 -0.0000
vn 0.7094 -0.7049 -0.0000
vn -0.9890 0.1477 -0.0000
vn -0.3672 0.9301 -0.0000
vn -0.9980 0.0638 -0.0000
vn 0.9769 0.2137 -0.0000
vn 0.9769 0.2138 -0.0000
vn -0.6862 0.7274 -0.0000
vn -0.6596 -0.7516 -0.0000
vn 0.6454 0.7638 -0.0000
vn 0.1771 0.9842 -0.0000
vn -0.9869 0.1613 -0.0000
vn 0.4954 -0.8686 -0.0000
vn 0.8983 0.4393 -0.0000
vn 0.0191 0.1787 0.9837
vn -0.5349 -0.8298 0.1589
vn 0.4938 -0.8567 0.1487
vn 0.9887 -0.1492 0.0127
vn -0.9938 -0.1063 0.0339
vn -0.8280 0.2554 -0.4991
vn -0.8280 0.2553 -0.4992
vn -0.9184 0.1464 0.3675
vn -0.9184 0.1464 0.3676
vn 0.3130 0.0707 -0.9471
vn -0.6349 -0.1714 -0.7533
vn -0.9303 -0.3164 0.1856
vn 0.6675 0.0215 0.7443
vn 0.9659 0.1676 -0.1976
vn -0.2009 0.9770 0.0718
vn -0.2056 -0.0000 0.9786
vn -0.0389 0.9820 0.1850
vn 0.2056 -0.0000 -0.9786
vn 0.9839 -0.0000 0.1784
vn -0.9839 -0.0000 -0.1785
vn 0.9839 -0.0000 0.1785
vn -0.0289 0.9996 -0.0052
vn -0.0277 -0.9996 -0.0050
vn -0.2031 -0.1586 0.9662
vn -0.2030 -0.1586 0.9662
vn 0.2030 -0.1586 -0.9662
vn -0.9577 0.2293 -0.1737
vn 0.9577 0.2293 0.1737
vn 0.0026 -0.9999 -0.0124
vn -0.9340 -0.0000 0.3573
vn -0.0911 0.9955 0.0271
vn -0.0911 0.9955 0.0272
vn -0.0317 -0.0000 -0.9995
vn -0.0316 -0.0000 -0.9995
vn -0.9857 0.0045 0.1685
vn 0.9857 0.0045 -0.1685
vn -0.0029 -0.5884 -0.8086
vn 0.0031 0.5442 0.8390
vn -0.9892 0.0034 0.1465
vn 0.9892 0.0034 -0.1465
vn 0.0378 -0.5929 0.8044
vn -0.0392 0.5487 -0.8351
vn -0.9855 0.0044 0.1693
vn -0.9856 0.0044 0.1693
vn 0.9855 0.0044 -0.1693
vn -0.0014 -0.5881 -0.8088
vn 0.0015 0.5440 0.8391
vn -0.9885 0.0033 0.1510
vn 0.9885 0.0033 -0.1510
vn 0.0315 -0.5921 0.8052
vn -0.0327 0.5479 -0.8359
vn 0.4633 0.2268 -0.8567
vn -0.8774 -0.0718 -0.4744
vn -0.4749 -0.0584 0.8781
vn 0.8541 0.2392 0.4619
vn -0.8653 0.2338 -0.4433
vn -0.8654 0.2338 -0.4433
vn -0.4544 -0.0812 0.8871
vn 0.8881 -0.0659 0.4549
vn 0.4417 0.2479 -0.8622
vn 0.8205 0.2414 0.5181
vn 0.8206 0.2413 0.5181
vn 0.5324 -0.0730 -0.8433
vn -0.8432 -0.0741 -0.5324
vn -0.5182 0.2404 0.8208
vn -0.4648 0.2292 0.8552
vn -0.4648 0.2293 0.8552
vn 0.8765 -0.0692 0.4764
vn 0.4766 -0.0610 -0.8770
vn -0.8536 0.2368 -0.4639
vn 0.8205 0.2413 0.5181
vn 0.5325 -0.0730 -0.8433
vn -0.8432 -0.0741 -0.5325
vn -0.5183 0.2404 0.8207
vn -0.8653 0.2339 -0.4433
vn 0.4418 0.2479 -0.8622
vn 0.4633 0.2269 -0.8567
vn 0.4632 0.2268 -0.8567
vn -0.8773 -0.0718 -0.4745
vn -0.4647 0.2293 0.8552
vn -0.8536 0.2369 -0.4639
vn -0.8537 0.2368 -0.4638
vn -0.0184 -0.0000 0.9998
vn 0.0244 -0.0000 -0.9997
vn -0.4341 0.3695 0.8216
vn 0.2335 -0.8661 -0.4420
vn -0.4131 -0.4665 0.7821
vn -0.4131 -0.4666 0.7821
vn -0.4132 -0.4666 0.7820
vn 0.3242 0.7200 -0.6136
vn 0.3242 0.7199 -0.6136
vn 0.3242 0.7199 -0.6137
vn 0.3712 0.3695 0.8519
vn 0.3711 0.3695 0.8519
vn -0.1997 -0.8661 -0.4583
vn 0.3533 -0.4666 0.8109
vn 0.3532 -0.4665 0.8109
vn 0.3533 -0.4664 0.8110
vn -0.2772 0.7199 -0.6363
vn 1.0000 0.0022 -0.0000
vn -0.0000 0.0274 0.9996
vn -0.0000 -0.0897 0.9960
vn -0.0000 0.0332 0.9994
vn -0.0000 -0.1085 0.9941
vn -0.3511 0.9292 0.1156
vn 0.3370 0.9292 0.1518
vn -0.0855 0.9963 -0.0000
vn -0.0854 0.9963 -0.0000
vn -0.9971 0.0767 -0.0000
vn 0.0854 0.9963 -0.0000
vn 0.0855 0.9963 -0.0000
vn -0.9935 -0.1139 -0.0000
vn 0.9971 0.0767 -0.0000
vn -0.0016 1.0000 -0.0000
vn -0.9999 -0.0000 0.0144
vn 0.9999 -0.0000 -0.0144
vn -0.0084 -0.0000 1.0000
vn 0.0084 -0.0000 -1.0000
vn 0.0174 -0.0000 -0.9998
vn -0.0174 -0.0000 0.9998
vn -0.0167 0.9970 0.0757
vn 0.0699 0.9963 0.0493
vn -0.5473 0.0948 0.8316
vn -0.0154 -0.9914 -0.1299
vn 0.5072 0.5367 -0.6744
vn 0.5072 0.5366 -0.6744
vn 0.0548 0.9954 0.0782
vn -0.5607 0.1918 -0.8055
vn 0.0008 -1.0000 0.0016
vn 0.5092 0.4539 0.7312
vn 0.5816 0.7642 -0.2787
vn 0.5817 0.7642 -0.2787
vn -0.7801 -0.5333 0.3272
vn 0.8393 -0.4638 0.2838
vn 0.5082 -0.5374 -0.6729
vn 0.5082 -0.5375 -0.6730
vn -0.1486 0.0547 -0.9874
vn -0.1488 0.0546 -0.9874
vn -0.4942 0.7413 -0.4541
vn -0.4941 0.7413 -0.4541
vn -0.1466 0.8267 0.5432
vn -0.1466 0.8268 0.5431
vn 0.5020 0.1860 0.8446
vn 0.5020 0.1860 0.8447
vn 0.6847 -0.6215 0.3806
vn 0.3363 -0.7035 -0.6261
vn -0.3541 -0.0812 -0.9317
vn -0.3541 -0.0811 -0.9317
vn -0.7241 0.5882 -0.3602
vn -0.3780 0.6687 0.6403
vn -0.3780 0.6686 0.6404
vn 0.3127 0.0530 0.9484
vn 0.3127 0.0529 0.9484
vn -0.9462 0.3035 0.1122
vn -0.9462 0.3035 0.1123
vn 0.9854 0.0125 -0.1700
vn 0.9853 0.0125 -0.1703
vn -0.7641 0.5086 0.3969
vn -0.7641 0.5086 0.3968
vn 0.6469 0.7199 0.2517
vn 0.6468 0.7199 0.2517
vn 0.6467 0.7199 0.2520
vn 0.6466 0.7200 0.2520
vn -0.3489 -0.8584 -0.3760
vn -0.3488 -0.8585 -0.3760
vn 0.9462 0.3035 0.1122
vn 0.9462 0.3035 0.1123
vn 0.9462 0.3036 0.1122
vn -0.9853 0.0125 -0.1703
vn -0.9854 0.0125 -0.1700
vn 0.7641 0.5086 0.3968
vn 0.7641 0.5087 0.3967
vn -0.6468 0.7199 0.2519
vn -0.6467 0.7199 0.2521
vn -0.6468 0.7199 0.2518
vn 0.3488 -0.8584 -0.3760
vn 0.3489 -0.8584 -0.3760
vn 0.3488 -0.8585 -0.3760
vn 0.4992 -0.0163 0.8663
vn 0.4992 -0.0162 0.8663
vn -0.4995 0.0170 -0.8662
vn -0.4994 0.0167 -0.8662
vn -0.9535 0.0004 -0.3015
vn -0.9535 0.0003 -0.3015
vn 0.9536 0.0004 0.3012
vn 0.9536 0.0003 0.3012
vn 0.9535 -0.0001 0.3014
vn -0.4767 0.0001 -0.8790
vn -0.4769 0.0002 -0.8790
vn 0.4769 0.0002 0.8789
vn 0.4769 0.0002 0.8790
vn 0.4768 0.0003 0.8790
vn 0.4863 0.0002 0.8738
vn 0.4863 0.0001 0.8738
vn 0.4865 0.0002 0.8737
vn 0.4864 0.0001 0.8738
vn -0.4864 0.0002 -0.8737
vn -0.4865 0.0002 -0.8737
vn -0.4862 0.0005 -0.8738
vn 0.0500 -0.1685 0.9844
vn 0.0307 0.2015 0.9790
vn -0.0360 -0.0735 0.9966
vn -0.1796 0.0055 0.9837
vn -0.0390 0.0147 0.9991
vn 0.1357 0.1430 0.9804
vn 0.0500 -0.1685 -0.9844
vn -0.0360 -0.0735 -0.9966
vn 0.0307 0.2015 -0.9790
vn -0.1796 0.0055 -0.9837
vn 0.1357 0.1430 -0.9804
vn -0.0390 0.0147 -0.9991
vn 0.9470 0.3213 -0.0000
vn 0.6646 0.7472 -0.0000
vn 0.7814 0.6240 -0.0000
vn 0.2168 0.9762 -0.0000
vn 0.2167 0.9762 -0.0000
vn 0.0096 0.1267 -0.9919
vn -0.0463 -0.0310 -0.9984
vn 0.0068 0.0293 -0.9995
vn -0.0110 -0.0494 0.9987
vn 0.0257 -0.0269 0.9993
vn 0.0332 0.0372 0.9988
vn -0.2768 0.9606 0.0246
vn -0.0967 0.9860 0.1356
vn -0.2510 0.9665 0.0540
vn -0.0797 0.9861 0.1461
vn 0.2840 0.9587 -0.0172
vn 0.4474 0.8880 0.1063
vn 0.1117 0.9887 0.0998
vn -0.3607 0.9294 -0.0778
vn -0.2560 0.9609 -0.1053
vn -0.0398 0.9842 -0.1723
vn -0.3962 0.9124 0.1033
vn 0.2056 0.9782 0.0295
vn 0.1318 0.9881 -0.0790
vn 0.4222 0.9063 -0.0180
vn -0.9804 0.0639 -0.1864
vn -0.9884 0.0508 -0.1430
vn -0.9811 0.0727 -0.1792
vn 0.9852 0.0296 -0.1688
vn 0.9828 0.0232 -0.1831
vn 0.9910 0.0078 -0.1336
vn 0.9906 0.0336 -0.1328
vn 0.9922 0.0390 -0.1186
vn 0.9842 0.0378 -0.1730
vn -0.9831 0.0799 -0.1645
vn -0.9828 0.0976 -0.1571
vn -0.9894 0.0751 -0.1244
vn 0.9965 -0.0297 -0.0781
vn 0.9972 -0.0543 -0.0516
vn 0.9949 0.0081 -0.1007
vn -0.9947 0.0363 -0.0962
vn -0.9937 0.0259 -0.1093
vn -0.9978 -0.0245 -0.0618
vn 0.9955 -0.0075 0.0943
vn 0.9940 -0.0179 0.1075
vn 0.9960 -0.0674 0.0584
vn -0.9970 0.0111 0.0764
vn -0.9987 -0.0128 0.0494
vn -0.9937 0.0486 0.1013
vn 0.9857 0.0355 0.1647
vn 0.9860 0.0529 0.1582
vn 0.9918 0.0317 0.1240
vn -0.9881 0.0741 0.1350
vn -0.9894 0.0797 0.1214
vn -0.9814 0.0774 0.1757
vn 0.9823 0.0194 0.1861
vn 0.9898 0.0065 0.1425
vn 0.9834 0.0280 0.1793
vn -0.9828 0.0693 0.1712
vn -0.9808 0.0628 0.1846
vn -0.9896 0.0486 0.1355
vn -0.2212 0.6476 0.7291
vn -0.4615 0.4766 0.7482
vn -0.3467 0.2714 0.8978
vn -0.0620 0.3734 0.9256
vn -0.0504 0.3908 0.9191
vn -0.0500 0.3592 0.9319
vn -0.0695 0.3938 0.9166
vn -0.0337 0.4044 0.9140
vn 0.0118 0.3803 0.9248
vn -0.0448 0.3718 0.9272
vn -0.0420 0.3734 0.9267
vn -0.0369 0.3400 0.9397
vn -0.0725 0.3566 0.9315
vn 0.0260 0.3298 0.9437
vn -0.0503 0.2822 0.9580
vn -0.1262 0.3331 0.9344
vn -0.0539 0.3583 0.9320
vn 0.1550 0.5379 -0.8287
vn 0.3779 0.8032 -0.4605
vn 0.9184 -0.1464 -0.3675
vn 0.5807 0.8132 0.0390
vn 0.6812 0.5612 0.4702
vn 0.6802 0.1765 0.7115
vn 0.6095 -0.2454 0.7538
vn 0.6095 -0.2455 0.7539
vn 0.4787 -0.6500 0.5902
vn 0.2876 -0.9358 0.2036
vn 0.0800 -0.9467 -0.3120
vn -0.0554 -0.6748 -0.7359
vn -0.0809 -0.2740 -0.9583
vn -0.0068 0.1484 -0.9889
vn 0.2148 0.9634 -0.1605
vn 0.1295 0.9910 -0.0353
vn 0.1870 0.9815 -0.0408
vn 0.1205 0.9925 -0.0183
vn -0.1081 0.9940 0.0180
vn -0.1246 0.9921 0.0110
vn -0.2211 0.9749 0.0255
vn -0.2710 0.9621 -0.0297
vn 0.2143 0.9765 0.0217
vn -0.2383 0.9677 0.0827
vn 0.4214 0.9030 0.0840
vn 0.3556 0.9341 -0.0322
vn 0.1575 0.9875 -0.0082
vn 0.1891 0.9816 -0.0276
vn 0.4006 0.9049 -0.1440
vn -0.1228 0.9920 0.0302
vn -0.1935 0.9803 0.0399
vn -0.2015 0.9755 0.0887
vn -0.1105 0.9937 0.0166
vn -0.2253 0.9743 0.0024
vn 0.4098 0.8986 -0.1568
vn 0.1510 0.9885 0.0029
vn 0.2915 0.9564 0.0184
vn 0.1272 0.9917 0.0189
vn -0.1153 0.9931 0.0191
vn -0.1183 0.9924 0.0327
vn -0.2312 0.9700 0.0749
vn -0.2567 0.9657 0.0400
vn 0.3830 0.8965 0.2229
vn -0.2734 0.9474 0.1662
vn 0.2086 -0.6298 -0.7482
vn 0.4925 -0.8176 -0.2983
vn -0.1069 -0.9274 -0.3586
vn -0.3474 -0.5762 -0.7398
vn -0.6532 -0.7002 -0.2882
vn -0.4007 -0.8970 0.1868
vn 0.1938 -0.9628 0.1882
vn 0.5842 0.6298 0.5119
vn 0.5754 0.8176 -0.0200
vn 0.1069 0.9273 0.3586
vn 0.0591 0.9628 -0.2636
vn -0.4376 0.8970 0.0631
vn -0.3888 0.7002 0.5988
vn 0.1142 0.5762 0.8093
vn 0.8854 -0.3176 -0.3394
vn 0.7209 -0.6924 -0.0302
vn 0.5130 -0.6357 -0.5768
vn 0.6132 -0.1768 -0.7699
vn 0.1516 -0.3790 -0.9129
vn -0.0577 -0.7661 -0.6402
vn 0.2373 -0.9554 -0.1757
vn -0.3400 0.2567 0.9047
vn 0.0248 0.6004 0.7993
vn -0.5130 0.6357 0.5768
vn -0.0559 0.9299 0.3636
vn -0.5353 0.8442 0.0278
vn -0.8707 0.4616 0.1699
vn -0.7737 0.1944 0.6030
vn -0.4712 0.1369 0.8713
vn 0.4309 0.1515 0.8896
vn -0.2905 0.1879 0.9383
vn 0.8713 0.1369 0.4712
vn 0.8896 0.1515 -0.4310
vn 0.9383 0.1879 0.2905
vn 0.4712 0.1369 -0.8713
vn -0.4309 0.1515 -0.8896
vn 0.2904 0.1879 -0.9383
vn 0.3574 0.9325 -0.0512
vn 0.2479 0.9384 -0.2406
vn 0.0571 0.9427 -0.3288
vn -0.1452 0.9442 -0.2956
vn -0.2948 0.9428 -0.1558
vn -0.3416 0.9386 0.0489
vn -0.2588 0.9327 0.2512
vn -0.0640 0.9273 0.3688
vn 0.1674 0.9250 0.3410
vn 0.3312 0.9272 0.1750
vn 0.1830 0.9326 -0.3112
vn -0.0334 0.9384 -0.3439
vn -0.2213 0.9427 -0.2497
vn -0.3215 0.9442 -0.0710
vn -0.3057 0.9428 0.1332
vn -0.1749 0.9386 0.2975
vn 0.0348 0.9327 0.3590
vn 0.2482 0.9273 0.2802
vn 0.3709 0.9250 0.0820
vn 0.3434 0.9272 -0.1496
vn 0.1187 0.9776 -0.1740
vn 0.0049 0.9824 -0.1868
vn 0.0311 0.9995 -0.0105
vn -0.0978 0.9867 -0.1296
vn -0.1473 0.9888 -0.0228
vn -0.1261 0.9879 0.0899
vn -0.0417 0.9841 0.1725
vn 0.0784 0.9791 0.1879
vn 0.1817 0.9747 0.1303
vn 0.2315 0.9726 0.0229
vn 0.2072 0.9736 -0.0958
vn -0.9397 -0.0515 0.3381
vn 0.4994 -0.0173 0.8662
vn 0.4995 -0.0181 0.8661
vn 0.4993 -0.0169 0.8663
vn -0.4993 0.0160 -0.8663
vn -0.4993 0.0162 -0.8663
vn -0.4992 0.0151 -0.8664
vn -0.9535 -0.0002 -0.3014
vn -0.9536 -0.0015 -0.3011
vn -0.9535 -0.0003 -0.3014
vn 0.9535 -0.0007 0.3015
vn 0.9535 -0.0005 0.3014
vn 0.9534 -0.0015 0.3016
vn 0.4367 -0.8996 -0.0000
vn 0.9997 -0.0213 0.0123
vn 1.0000 -0.0000 0.0022
vn 0.9995 -0.0320 -0.0029
vn 0.9987 -0.0519 -0.0009
vn -0.0011 0.9999 0.0150
vn -0.0027 0.9994 0.0357
vn -0.0038 0.9988 0.0489
vn -0.0097 -0.9919 0.1265
vn -0.0002 -1.0000 0.0022
vn -0.0004 -1.0000 0.0055
vn -0.0014 0.9998 0.0177
vn 0.0015 0.9998 -0.0202
vn -0.0013 -0.9999 0.0170
vn 0.0016 -0.9998 -0.0215
vn 0.9998 -0.0144 -0.0119
vn 0.9993 -0.0345 -0.0137
vn 0.0042 0.9986 -0.0534
vn 0.0042 0.9985 -0.0545
vn 0.0044 0.9987 -0.0517
vn 0.0045 0.9987 -0.0516
vn 0.0035 -0.9992 -0.0404
vn 0.0104 -0.9929 -0.1181
vn 0.0095 -0.9929 -0.1186
vn -0.0009 -0.9999 0.0112
vn 0.9999 0.0053 -0.0152
vn 0.9998 -0.0000 -0.0200
vn 0.9998 0.0037 -0.0183
vn 0.9999 -0.0047 -0.0137
vn -0.0000 0.9937 -0.1116
vn -0.0000 0.9995 0.0311
vn -0.0000 0.9994 -0.0340
vn -0.0000 -0.9937 0.1116
vn -0.0000 -0.9994 0.0340
vn -0.0000 -0.9995 -0.0311
vn -0.0000 0.9999 -0.0152
vn -0.0000 0.9993 0.0369
vn -0.0000 -0.9993 -0.0369
vn -0.0000 -0.9999 0.0152
vn -0.0000 0.9995 0.0303
vn -0.0000 0.9996 -0.0265
vn -0.0000 -0.9996 0.0265
vn -0.0000 -0.9995 -0.0303
vn -0.0000 0.9944 0.1055
vn -0.0000 -0.9944 -0.1055
vn 0.3129 -0.3918 -0.8652
vn 0.3076 -0.3819 -0.8715
vn 0.3129 -0.3919 -0.8652
vn 0.3164 -0.3983 -0.8610
vn -0.5366 -0.0559 -0.8420
vn -0.5437 -0.0451 -0.8381
vn -0.5319 -0.0629 -0.8445
vn -0.5366 -0.0559 0.8420
vn -0.5494 -0.0593 0.8335
vn -0.5290 -0.0538 0.8469
vn 0.3129 -0.3918 0.8652
vn 0.2989 -0.3939 0.8692
vn 0.3212 -0.3906 0.8627
vn 0.0904 -0.3468 0.9336
vn 0.0944 -0.2983 0.9498
vn 0.0010 -0.2911 0.9567
vn -0.0647 -0.3044 0.9503
vn -0.2843 -0.1665 0.9442
vn -0.2423 -0.2122 0.9467
vn -0.3593 -0.1213 0.9253
vn -0.3703 -0.0831 0.9252
vn -0.1426 -0.2601 0.9550
vn -0.1528 -0.2389 0.9590
vn -0.0096 -0.0026 1.0000
vn 0.0928 0.1551 0.9835
vn 0.1388 -0.3450 0.9283
vn 0.1145 -0.2907 0.9499
vn -0.3927 -0.0170 0.9195
vn -0.4146 -0.0377 0.9092
vn -0.2259 0.3249 0.9184
vn 0.0904 -0.3468 -0.9336
vn -0.0647 -0.3044 -0.9503
vn 0.0010 -0.2911 -0.9567
vn 0.0944 -0.2983 -0.9498
vn -0.2843 -0.1665 -0.9442
vn -0.3703 -0.0831 -0.9252
vn -0.3593 -0.1213 -0.9253
vn -0.2423 -0.2122 -0.9467
vn -0.1528 -0.2388 -0.9590
vn -0.1426 -0.2601 -0.9550
vn -0.0096 -0.0026 -1.0000
vn 0.0928 0.1551 -0.9835
vn 0.1145 -0.2907 -0.9499
vn 0.1388 -0.3450 -0.9283
vn -0.4146 -0.0377 -0.9092
vn -0.3927 -0.0170 -0.9195
vn -0.2259 0.3249 -0.9184
vn 1.0000 0.0050 -0.0000
vn 0.9780 -0.2086 -0.0000
vn 0.9852 0.1715 -0.0000
vn 0.8034 0.5954 -0.0000
vn 0.7134 0.7007 -0.0000
vn 0.6786 0.5413 0.4965
vn 0.6735 0.5408 0.5039
vn 0.7248 0.5048 0.4689
vn 0.7516 0.5015 0.4285
vn 0.2257 -0.0703 0.9717
vn 0.2203 -0.0794 0.9722
vn 0.3136 -0.0885 0.9454
vn 0.3691 -0.0580 0.9276
vn -0.2062 -0.7973 0.5672
vn -0.1920 -0.8046 0.5620
vn -0.0815 -0.8244 0.5601
vn -0.0664 -0.8172 0.5724
vn -0.2061 -0.7973 -0.5673
vn -0.1849 -0.8065 -0.5616
vn -0.0815 -0.8244 -0.5601
vn -0.0882 -0.8147 -0.5731
vn 0.2257 -0.0703 -0.9717
vn 0.2499 -0.0901 -0.9641
vn 0.3136 -0.0885 -0.9454
vn 0.3034 -0.0477 -0.9517
vn 0.6941 0.5315 -0.4855
vn 0.6675 0.5429 -0.5096
vn 0.7248 0.5048 -0.4689
vn 0.7172 0.5342 -0.4474
vn 0.4488 0.7588 0.4720
vn 0.4705 0.7923 0.3885
vn 0.6812 0.5903 0.4331
vn 0.5957 0.5871 0.5482
vn 0.0454 -0.0294 0.9985
vn -0.0605 0.0095 0.9981
vn 0.2305 -0.1146 0.9663
vn 0.1957 -0.1270 0.9724
vn -0.4041 -0.8078 0.4292
vn -0.5802 -0.7077 0.4032
vn -0.1249 -0.8882 0.4421
vn -0.0493 -0.8626 0.5036
vn -0.3622 -0.8261 -0.4318
vn -0.5402 -0.7360 -0.4081
vn -0.1249 -0.8882 -0.4421
vn -0.1694 -0.8311 -0.5297
vn 0.0486 -0.0315 -0.9983
vn -0.0578 0.0091 -0.9983
vn 0.2305 -0.1146 -0.9663
vn 0.2391 -0.1552 -0.9585
vn 0.5116 0.7385 -0.4391
vn 0.3656 0.8183 -0.4434
vn 0.6812 0.5903 -0.4331
vn 0.6946 0.4881 -0.5285
vn 0.1622 0.8032 0.5732
vn 0.1308 0.8109 0.5704
vn 0.1970 0.7962 0.5721
vn 0.1970 0.7961 0.5721
vn 0.0029 -0.0004 1.0000
vn -0.0396 0.0093 0.9992
vn 0.0501 -0.0078 0.9987
vn -0.1595 -0.8037 0.5733
vn -0.2287 -0.7887 0.5707
vn -0.0825 -0.8153 0.5731
vn -0.1608 -0.8034 -0.5733
vn -0.2287 -0.7887 -0.5707
vn -0.0825 -0.8153 -0.5731
vn 0.0029 -0.0004 -1.0000
vn -0.0396 0.0093 -0.9992
vn 0.0501 -0.0078 -0.9987
vn 0.1635 0.8030 -0.5732
vn 0.1308 0.8109 -0.5704
vn 0.1970 0.7962 -0.5721
vn -0.0752 0.0124 0.9971
vn -0.1808 0.0273 0.9831
vn -0.1808 0.0272 0.9831
vn -0.0643 0.0107 0.9979
vn -0.2953 -0.7707 0.5646
vn -0.1850 -0.7984 0.5730
vn -0.3629 -0.7481 0.5556
vn -0.3628 -0.7481 0.5556
vn -0.2953 -0.7712 -0.5639
vn -0.1850 -0.7984 -0.5730
vn -0.3629 -0.7481 -0.5556
vn -0.1179 0.0183 -0.9929
vn -0.0185 0.0045 -0.9998
vn -0.1808 0.0272 -0.9831
vn -0.1808 0.0273 -0.9831
vn 0.0273 0.8212 -0.5700
vn 0.1422 0.8076 -0.5723
vn -0.0468 0.8237 -0.5651
vn 0.0272 0.8209 0.5705
vn 0.1422 0.8076 0.5723
vn -0.0468 0.8237 0.5652
vn -0.0384 0.0207 0.9990
vn -0.0352 0.0228 0.9991
vn -0.0107 0.0070 0.9999
vn 0.0141 -0.0040 0.9999
vn -0.5438 -0.6329 0.5512
vn -0.5419 -0.6321 0.5539
vn -0.4522 -0.6929 0.5616
vn -0.3642 -0.7399 0.5656
vn -0.5438 -0.6329 -0.5511
vn -0.5435 -0.6308 -0.5538
vn -0.4535 -0.6921 -0.5615
vn -0.3654 -0.7394 -0.5655
vn -0.0384 0.0207 -0.9990
vn -0.0374 0.0243 -0.9990
vn -0.0109 0.0071 -0.9999
vn 0.0139 -0.0040 -0.9999
vn 0.4665 0.6863 -0.5579
vn 0.4666 0.6869 -0.5572
vn 0.4301 0.7071 -0.5613
vn 0.3961 0.7258 -0.5625
vn 0.4665 0.6862 0.5581
vn 0.4124 0.7164 0.5628
vn 0.4131 0.7170 0.5615
vn 0.4666 0.6869 0.5572
vn -0.2726 0.0898 0.9579
vn -0.3551 0.0557 0.9332
vn -0.7587 -0.5326 0.3751
vn -0.7062 -0.5441 0.4531
vn -0.7586 -0.5327 -0.3751
vn -0.7729 -0.4795 -0.4156
vn -0.2726 0.0898 -0.9579
vn -0.2546 0.0400 -0.9662
vn 0.1393 0.8726 -0.4681
vn 0.1900 0.7976 -0.5724
vn 0.1393 0.8726 0.4681
vn 0.1900 0.7976 0.5724
vn 0.1162 -0.0474 0.9921
vn 0.1216 -0.0550 0.9911
vn -0.3485 -0.7490 0.5635
vn -0.3498 -0.7475 0.5646
vn -0.3492 -0.7487 -0.5635
vn -0.3471 -0.7488 -0.5646
vn 0.1163 -0.0474 -0.9921
vn 0.1065 -0.0482 -0.9931
vn 0.6149 0.5850 -0.5289
vn 0.6222 0.5735 -0.5329
vn 0.6149 0.5850 0.5289
vn 0.6222 0.5735 0.5329
vn -0.1925 0.8165 -0.5443
vn -0.1925 0.8164 0.5444
vn -0.8410 0.2686 0.4697
vn -0.8378 0.4083 0.3625
vn -0.8733 0.0031 0.4872
vn -0.9020 -0.1455 0.4065
vn 0.9624 -0.0490 0.2671
vn 0.9384 -0.2732 0.2116
vn 0.9392 -0.2037 0.2763
vn 0.9737 0.0348 0.2253
vn -0.9444 -0.3052 0.1225
vn -0.9484 -0.3072 -0.0788
vn 0.9340 -0.3552 -0.0393
vn 0.9324 -0.3552 0.0673
vn -0.9444 -0.3052 0.1224
vn -0.9058 -0.1729 -0.3868
vn -0.8838 -0.0310 -0.4668
vn 0.9390 -0.2210 -0.2636
vn 0.9352 -0.2951 -0.1957
vn 0.9324 -0.3552 0.0672
vn -0.8399 0.2395 -0.4871
vn -0.8431 0.3733 -0.3870
vn 0.9713 0.0174 -0.2372
vn 0.9571 -0.0710 -0.2809
vn -0.8376 0.5324 -0.1221
vn -0.8418 0.5343 0.0767
vn 0.9928 0.1109 0.0443
vn 0.9913 0.1102 -0.0721
vn -0.0489 0.0090 0.9988
vn 0.0067 -0.0048 1.0000
vn -0.2943 -0.7714 0.5642
vn -0.2694 -0.7805 0.5641
vn -0.2944 -0.7714 -0.5642
vn -0.2691 -0.7807 -0.5640
vn -0.0478 0.0088 -0.9988
vn 0.0069 -0.0049 -1.0000
vn 0.1814 0.8012 -0.5702
vn 0.2831 0.7739 -0.5665
vn 0.1799 0.8015 0.5703
vn 0.2832 0.7733 0.5672
vn 0.0593 -0.0064 0.9982
vn 0.0594 -0.0062 0.9982
vn -0.0960 -0.8128 0.5745
vn -0.0959 -0.8128 0.5746
vn -0.0960 -0.8128 -0.5745
vn -0.0960 -0.8128 -0.5746
vn 0.0592 -0.0063 -0.9982
vn 0.0592 -0.0062 -0.9982
vn 0.2300 0.7899 -0.5685
vn 0.2300 0.7899 -0.5684
vn 0.2301 0.7899 0.5685
vn 0.2301 0.7899 0.5684
vn -0.0405 -0.0630 0.9972
vn -0.0626 -0.0000 0.9980
vn 0.1191 0.9929 -0.0035
vn 0.0798 0.9968 -0.0046
vn 0.0780 0.9970 -0.0020
vn 0.1241 0.9923 -0.0000
vn 0.0564 0.0785 -0.9953
vn 0.0297 -0.0000 -0.9996
vn -0.0446 0.9990 -0.0036
vn -0.1100 0.9939 -0.0031
vn -0.0224 -0.0400 -0.9990
vn 0.0050 0.0452 0.9990
vn -0.0172 -0.0000 0.9999
vn -0.1839 0.9829 -0.0056
vn -0.1964 0.9805 -0.0000
vn 0.1973 0.9803 -0.0047
vn 0.1797 0.9835 -0.0195
vn 0.2055 0.9786 0.0080
vn 0.1952 0.9807 0.0084
vn 0.9942 -0.0000 -0.1079
vn 0.9996 -0.0000 0.0292
vn 0.9996 -0.0000 0.0291
vn -0.9999 -0.0000 -0.0124
vn -0.9981 -0.0000 -0.0621
vn -0.9996 -0.0000 0.0282
vn -0.9981 -0.0000 0.0618
vn 0.9913 -0.0000 0.1318
vn 0.1876 0.9822 0.0067
vn 0.1637 0.9865 -0.0101
vn -0.1633 0.9866 0.0035
vn -0.1409 0.9899 0.0170
vn -0.1731 0.9849 -0.0024
vn -0.1776 0.9841 -0.0058
vn -0.1012 -0.0004 -0.9949
vn -0.1014 -0.0006 -0.9948
vn 0.9928 0.0057 -0.1198
vn 0.9998 0.0058 -0.0173
vn -0.9995 -0.0000 -0.0318
vn -0.9969 -0.0000 -0.0791
vn -0.9999 -0.0000 0.0136
vn -0.1708 0.9853 -0.0019
vn -0.1519 0.9884 0.0087
vn -0.9984 -0.0000 0.0570
vn 0.9970 0.0058 0.0775
vn 0.0075 0.1096 0.9939
vn 0.0080 0.1093 0.9940
vn 0.0055 0.0794 0.9968
vn 0.0017 0.0279 0.9996
vn 0.9750 0.2222 -0.0000
vn 0.9933 0.1153 -0.0000
vn 0.9999 -0.0132 -0.0000
vn -0.9883 0.1525 -0.0000
vn -0.9967 0.0806 -0.0000
vn -1.0000 -0.0033 -0.0000
vn -0.0000 0.0005 1.0000
vn -0.9975 -0.0712 -0.0000
vn 0.9930 -0.1178 -0.0000
vn 0.9245 -0.3812 -0.0000
vn -0.0106 0.1411 0.9899
vn -0.0206 0.1492 0.9886
vn -0.0081 0.1088 0.9940
vn 0.0014 0.0408 0.9992
vn 0.9991 0.0435 -0.0000
vn 0.9999 -0.0157 -0.0000
vn 0.9952 -0.0974 -0.0000
vn 0.0001 0.0009 1.0000
vn 0.9844 -0.1761 -0.0000
vn -0.9931 -0.1172 -0.0000
vn -0.9336 -0.3583 -0.0000
vn -0.9908 0.1354 -0.0000
vn -0.9546 0.2979 -0.0000
vn 0.0173 0.2103 0.9775
vn 0.0270 0.1995 0.9795
vn 0.0099 0.0765 0.9970
vn 0.0084 -0.0695 0.9975
vn 0.9904 0.1377 0.0128
vn 0.9893 0.1445 0.0193
vn 0.9998 0.0208 0.0054
vn 0.9943 -0.1054 0.0145
vn -0.9974 0.0724 0.0067
vn -0.9976 0.0692 0.0093
vn -0.9993 -0.0377 0.0003
vn -0.9867 -0.1615 0.0171
vn 0.0093 -0.1564 0.9877
vn 0.0189 -0.1651 0.9861
vn -0.9695 -0.2442 0.0217
vn -0.9586 -0.2792 0.0567
vn 0.9801 -0.1977 0.0174
vn 0.9828 -0.1810 0.0368
vn 0.9997 0.0231 -0.0000
vn 1.0000 0.0078 -0.0000
vn 1.0000 -0.0090 -0.0000
vn -0.9999 0.0163 -0.0000
vn -1.0000 0.0088 -0.0000
vn -1.0000 0.0006 -0.0000
vn -1.0000 -0.0086 -0.0000
vn 0.9996 -0.0277 -0.0000
vn -0.9990 0.0447 -0.0000
vn -1.0000 0.0024 -0.0000
vn -0.9997 0.0242 -0.0000
vn 0.9997 0.0235 -0.0000
vn 0.9998 -0.0197 -0.0000
vn 1.0000 0.0025 -0.0000
vn 0.9991 -0.0431 -0.0000
vn -0.9998 -0.0207 -0.0000
vn -0.0173 0.2103 0.9775
vn -0.0084 -0.0695 0.9975
vn -0.0099 0.0765 0.9970
vn -0.0270 0.1995 0.9795
vn -0.9903 0.1381 0.0133
vn -0.9943 -0.1054 0.0145
vn -0.9998 0.0208 0.0054
vn -0.9893 0.1446 0.0193
vn 0.9974 0.0723 0.0068
vn 0.9867 -0.1615 0.0171
vn 0.9993 -0.0377 0.0003
vn 0.9976 0.0692 0.0093
vn -0.0189 -0.1651 0.9861
vn -0.0095 -0.1566 0.9876
vn 0.9586 -0.2792 0.0567
vn 0.9695 -0.2441 0.0216
vn -0.9828 -0.1811 0.0368
vn -0.9801 -0.1977 0.0174
vn -0.0598 0.9338 0.3528
vn 0.0276 0.9996 0.0017
vn -0.0910 0.9217 0.3770
vn 0.0389 0.9896 0.1387
vn -0.0334 0.9343 0.3550
vn -0.0421 0.9857 0.1631
vn 0.0104 0.9669 0.2549
vn -0.2473 0.8977 0.3647
vn 0.5172 0.8529 0.0711
vn 0.2768 0.9606 0.0249
vn 0.0537 0.9985 -0.0102
vn 0.0653 0.9979 -0.0044
vn -0.1373 0.9905 -0.0038
vn -0.2490 0.9680 -0.0308
vn 0.0550 0.9204 -0.3871
vn 0.1402 0.9484 -0.2843
vn 0.0055 0.8962 -0.4437
vn 0.0905 0.9849 -0.1473
vn 0.0541 0.9460 -0.3197
vn 0.0228 0.9872 -0.1579
vn 0.1071 0.9761 -0.1891
vn -0.0761 0.9425 -0.3253
vn 0.2768 0.9606 0.0250
vn -0.2425 -0.9702 -0.0000
vn 0.0272 -0.9996 -0.0000
vn -0.4107 -0.9118 -0.0000
vn 0.9863 -0.1650 -0.0000
vn 0.8622 -0.5065 -0.0000
vn 0.9393 -0.3430 -0.0000
vn 0.7660 -0.6429 -0.0000
vn 0.0874 0.9962 -0.0000
vn 0.4943 0.8693 -0.0000
vn 0.2835 0.9590 -0.0000
vn 0.6861 0.7275 -0.0000
vn -0.5159 -0.8567 -0.0000
vn 0.1038 -0.9946 -0.0000
vn 0.4193 -0.9079 -0.0000
vn 0.2977 -0.9546 -0.0000
vn -0.9403 -0.3403 -0.0000
vn -0.9818 -0.1901 -0.0000
vn -0.8601 -0.5102 -0.0000
vn 0.9961 0.0878 -0.0000
vn -0.3532 0.9356 -0.0000
vn -0.2237 0.9747 -0.0000
vn -0.4462 0.8949 -0.0000
vn -0.7319 -0.6815 -0.0000
vn -0.5142 0.8577 -0.0000
vn 0.4988 -0.8667 -0.0000
vn -0.6064 0.7951 -0.0000
vn 0.4626 0.8172 0.3438
vn 0.2646 0.8030 0.5340
vn 0.3476 0.7072 0.6157
vn 0.5881 0.7171 0.3741
vn -0.0136 0.7908 0.6119
vn 0.0309 0.6943 0.7190
vn -0.2930 0.7976 0.5272
vn -0.2893 0.6939 0.6594
vn -0.4771 0.8217 0.3119
vn -0.5390 0.7119 0.4502
vn -0.5346 0.8437 0.0480
vn -0.6606 0.7378 0.1390
vn -0.4833 0.8499 -0.2100
vn -0.6262 0.7528 -0.2027
vn -0.3334 0.8369 -0.4340
vn -0.4441 0.7458 -0.4965
vn -0.0880 0.8117 -0.5774
vn -0.1556 0.7217 -0.6745
vn 0.2048 0.7932 -0.5734
vn 0.1727 0.6979 -0.6951
vn 0.2049 0.7932 -0.5734
vn 0.4446 0.7958 -0.4111
vn 0.4653 0.6902 -0.5541
vn 0.1728 0.6979 -0.6951
vn 0.5630 0.8105 -0.1614
vn 0.6549 0.6999 -0.2852
vn 0.5627 0.8204 0.1019
vn 0.6988 0.7136 0.0495
vn 0.4287 0.5057 0.7486
vn 0.7329 0.5103 0.4500
vn 0.0403 0.5013 0.8643
vn -0.3412 0.5053 0.7926
vn -0.6486 0.5202 0.5555
vn -0.8203 0.5403 0.1876
vn -0.7979 0.5529 -0.2401
vn -0.5714 0.5481 -0.6108
vn -0.2105 0.5297 -0.8216
vn 0.1845 0.5107 -0.8397
vn 0.5353 0.5010 -0.6801
vn 0.1844 0.5107 -0.8397
vn 0.7811 0.5021 -0.3712
vn 0.8604 0.5082 0.0374
vn 0.4741 0.3451 0.8100
vn 0.8053 0.3479 0.4800
vn 0.0501 0.3431 0.9380
vn -0.3654 0.3484 0.8632
vn -0.7035 0.3626 0.6112
vn -0.8992 0.3810 0.2150
vn -0.8842 0.3927 -0.2528
vn -0.6408 0.3888 -0.6619
vn -0.2471 0.3723 -0.8946
vn 0.1832 0.3546 -0.9169
vn 0.5668 0.3441 -0.7485
vn 0.8411 0.3427 -0.4184
vn 0.9378 0.3463 0.0255
vn 0.5050 0.2205 0.8345
vn 0.8463 0.2211 0.4847
vn 0.0642 0.2215 0.9730
vn -0.3691 0.2281 0.9010
vn -0.7247 0.2410 0.6456
vn -0.9366 0.2567 0.2386
vn -0.9312 0.2668 -0.2484
vn -0.6845 0.2641 -0.6795
vn -0.2767 0.2504 -0.9278
vn 0.1713 0.2348 -0.9568
vn 0.5728 0.2240 -0.7885
vn 0.1713 0.2349 -0.9568
vn 0.8646 0.2199 -0.4518
vn 0.9754 0.2204 0.0077
vn 0.5784 0.1590 0.8001
vn 0.8957 0.1587 0.4154
vn 0.1396 0.1612 0.9770
vn -0.3060 0.1679 0.9371
vn -0.6834 0.1796 0.7076
vn -0.9280 0.1937 0.3182
vn -0.9641 0.2039 -0.1699
vn -0.7520 0.2035 -0.6270
vn -0.3568 0.1927 -0.9141
vn 0.0975 0.1783 -0.9791
vn 0.5163 0.1668 -0.8400
vn 0.8354 0.1604 -0.5257
vn 0.9844 0.1586 -0.0756
vn -0.0473 0.1993 0.9788
vn -0.0496 0.1385 0.9891
vn -0.0471 0.2030 0.9780
vn -0.0422 0.3179 0.9472
vn -0.0397 0.3691 0.9285
vn -0.0338 0.4783 0.8775
vn -0.0302 0.5378 0.8425
vn -0.0216 0.6617 0.7494
vn -0.0160 0.7307 0.6825
vn -0.0023 0.8661 0.4999
vn 0.0060 0.9253 0.3791
vn 0.0230 0.9947 0.1005
vn 0.0317 0.9978 -0.0574
vn 0.0455 0.9377 -0.3445
vn 0.0508 0.8788 -0.4744
vn 0.0573 0.7438 -0.6660
vn 0.0592 0.6723 -0.7379
vn 0.0608 0.5451 -0.8362
vn 0.0611 0.4867 -0.8714
vn 0.0608 0.3799 -0.9230
vn 0.0604 0.3297 -0.9422
vn 0.0592 0.2326 -0.9708
vn 0.0584 0.1878 -0.9805
vn 0.0576 0.1440 -0.9879
vn 0.9970 -0.0762 0.0099
vn 0.9969 -0.0760 -0.0186
vn -0.9993 -0.0349 -0.0126
vn -0.9993 -0.0337 0.0152
vn 0.9014 0.2751 -0.3345
vn 0.6150 0.2820 -0.7364
vn 0.7364 0.2784 -0.6166
vn 0.9468 0.2733 -0.1702
vn 0.1660 0.2929 -0.9416
vn 0.3312 0.2882 -0.8985
vn -0.3260 0.3048 -0.8949
vn -0.1613 0.3001 -0.9402
vn -0.7290 0.3146 -0.6079
vn -0.6089 0.3110 -0.7297
vn -0.7291 0.3146 -0.6078
vn -0.9344 0.3196 -0.1572
vn -0.8914 0.3179 -0.3230
vn -0.8865 0.3184 0.3359
vn -0.9323 0.3188 0.1709
vn -0.5981 0.3114 0.7384
vn -0.7204 0.3137 0.6186
vn -0.1476 0.3005 0.9423
vn -0.3131 0.3038 0.8998
vn 0.3441 0.2886 0.8935
vn 0.1796 0.2919 0.9394
vn 0.7451 0.2789 0.6058
vn 0.6257 0.2811 0.7277
vn 0.9489 0.2739 0.1565
vn 0.9063 0.2743 0.3215
vn 0.7367 0.6717 0.0774
vn 0.4857 0.8122 0.3231
vn 0.9207 0.3333 0.2029
vn 0.9468 0.1366 0.2914
vn 0.1705 0.9853 0.0097
vn -0.0630 0.9572 0.2824
vn -0.4871 0.8653 0.1184
vn -0.5706 0.7253 0.3851
vn -0.8517 0.4112 0.3249
vn -0.7726 0.2964 0.5615
vn -0.8382 -0.0988 0.5363
vn -0.6568 -0.1110 0.7458
vn -0.4967 -0.5101 0.7022
vn -0.2825 -0.3724 0.8840
vn 0.1168 -0.6633 0.7392
vn 0.2447 -0.3721 0.8954
vn 0.7209 -0.3994 0.5663
vn 0.8521 -0.2289 0.4706
vn 0.3888 0.4108 0.8247
vn 0.1546 0.4928 0.8563
vn 0.2943 0.3294 0.8972
vn 0.0127 0.5839 0.8117
vn -0.2007 0.1865 0.9617
vn -0.0464 0.1136 0.9924
vn 0.3023 0.1615 0.9394
vn 0.2133 0.1053 0.9713
vn 0.9970 0.0072 -0.0766
vn 0.9049 0.3428 -0.2523
vn 0.9462 0.2502 -0.2050
vn 0.9908 -0.1352 0.0013
vn 0.6034 0.7492 -0.2732
vn 0.7048 0.6005 -0.3778
vn 0.5295 0.8483 -0.0087
vn 0.4688 0.8471 -0.2503
vn -0.3651 0.9012 -0.2336
vn -0.1204 0.9742 -0.1908
vn -0.2786 0.9258 -0.2555
vn -0.3211 0.9330 -0.1622
vn 0.1966 0.9786 0.0599
vn 0.0456 0.9912 -0.1244
vn -0.7825 0.6214 0.0401
vn -0.9585 0.2849 -0.0064
vn -0.8837 0.4635 0.0645
vn -0.5943 0.7297 0.3383
vn -0.9505 -0.1677 0.2616
vn -0.9906 -0.0270 0.1344
vn -0.8165 -0.3337 0.4711
vn -0.8482 -0.3081 0.4308
vn -0.5413 -0.7216 0.4317
vn -0.6526 -0.5947 0.4695
vn -0.0379 -0.8768 0.4794
vn -0.2520 -0.8424 0.4763
vn 0.5101 -0.7707 0.3818
vn 0.3035 -0.8462 0.4379
vn 0.9111 -0.3864 0.1436
vn 0.8305 -0.5126 0.2181
vn -0.0450 0.3840 0.9222
vn -0.0452 0.3847 0.9219
vn -0.0438 0.3974 0.9166
vn -0.0502 0.3642 0.9300
vn -0.1054 0.2555 0.9610
vn -0.0691 0.3901 0.9182
vn -0.0688 0.1634 0.9842
vn -0.0530 0.1865 0.9810
vn -0.0803 0.4239 0.9021
vn -0.0115 0.3477 0.9375
vn 0.1377 0.2491 0.9586
vn -0.0654 0.3938 0.9169
vn 0.2688 0.2461 0.9312
vn 0.2609 0.2556 0.9309
vn 0.0656 0.3840 0.9210
vn 0.1663 0.3136 0.9349
vn 0.1598 0.5105 0.8449
vn 0.1468 0.4875 0.8607
vn 0.1072 0.3046 0.9464
vn 0.1207 0.3856 0.9147
vn -0.0896 0.3459 0.9340
vn -0.0040 0.3413 0.9399
vn -0.0948 0.3428 0.9346
vn -0.1436 0.3521 0.9249
vn -0.0509 0.3545 0.9337
vn -0.0493 0.3653 0.9296
vn -0.9956 -0.0294 0.0885
vn -0.9055 -0.3416 0.2517
vn -0.9441 -0.2559 0.2079
vn -0.9931 0.1169 0.0089
vn -0.5488 -0.7856 0.2857
vn -0.7243 -0.5822 0.3693
vn -0.2999 -0.9521 0.0595
vn -0.3958 -0.8794 0.2646
vn 0.4503 -0.8424 0.2960
vn 0.0969 -0.8774 0.4699
vn 0.2711 -0.8838 0.3813
vn 0.4897 -0.8528 0.1814
vn -0.0138 -0.8781 0.4784
vn 0.7847 -0.5653 0.2543
vn 0.9507 -0.3039 0.0613
vn 0.8658 -0.4740 0.1603
vn 0.7855 -0.5660 0.2504
vn 0.9605 0.1340 -0.2439
vn 0.9951 -0.0247 -0.0961
vn 0.8191 0.3400 -0.4621
vn 0.8256 0.3309 -0.4571
vn 0.5677 0.7052 -0.4248
vn 0.7112 0.5372 -0.4534
vn 0.0100 0.8782 -0.4782
vn 0.1843 0.8578 -0.4798
vn -0.4622 0.7928 -0.3973
vn -0.2873 0.8502 -0.4412
vn -0.8980 0.4107 -0.1578
vn -0.7856 0.5658 -0.2503
vn -0.0000 0.0458 0.9990
vn -0.0001 0.0913 0.9958
vn -0.0001 0.0670 0.9978
vn 0.0956 -0.2095 0.9731
vn -0.0001 -0.0481 0.9988
vn 0.2690 -0.2817 0.9210
vn 0.1802 -0.3428 0.9220
vn 0.4017 -0.2242 0.8879
vn 0.3341 -0.2958 0.8949
vn 0.4017 -0.2243 0.8879
vn 0.0798 -0.0211 0.9966
vn 0.1949 -0.0964 0.9761
vn -0.9993 0.0362 -0.0000
vn -0.9998 0.0196 -0.0000
vn -1.0000 0.0011 -0.0000
vn 0.9998 0.0204 -0.0000
vn 0.9991 0.0430 -0.0000
vn -0.9953 -0.0968 -0.0000
vn -0.9805 -0.1964 -0.0000
vn 0.9920 0.1266 -0.0000
vn 0.9821 0.1881 -0.0000
vn -0.9162 -0.4007 -0.0000
vn -0.8668 -0.4986 -0.0000
vn 0.9385 0.3453 -0.0000
vn 0.8929 0.4502 -0.0000
vn -0.7409 -0.6716 -0.0000
vn -0.6626 -0.7490 -0.0000
vn 0.7460 0.6660 -0.0000
vn 0.6530 0.7573 -0.0000
vn -0.6625 -0.7491 -0.0000
vn -0.1624 -0.9865 0.0205
vn -0.1597 -0.9872 0.0003
vn 0.1851 0.9827 0.0065
vn 0.1935 0.9811 -0.0000
vn 0.6530 0.7574 -0.0000
vn 0.7459 0.6660 -0.0000
vn -0.0000 0.9999 0.0166
vn -0.0000 1.0000 0.0083
vn 0.1936 0.9811 -0.0000
vn 0.1948 -0.0964 0.9761
vn -0.1624 -0.9865 0.0212
vn -0.0000 -0.9987 0.0504
vn -0.0000 -0.9997 0.0252
vn -0.1595 -0.9872 -0.0000
vn 0.0001 0.0671 0.9977
vn 0.0001 0.0913 0.9958
vn 0.0001 -0.0481 0.9988
vn -0.0956 -0.2095 0.9731
vn -0.1804 -0.3384 0.9235
vn -0.2780 -0.2545 0.9263
vn -0.3535 -0.2578 0.8992
vn -0.4349 -0.1957 0.8790
vn -0.2048 -0.0874 0.9749
vn -0.0810 -0.0215 0.9965
vn 0.9993 0.0362 -0.0000
vn 1.0000 0.0011 -0.0000
vn 0.9998 0.0196 -0.0000
vn -0.9998 0.0204 -0.0000
vn -0.9991 0.0430 -0.0000
vn 0.9805 -0.1964 -0.0000
vn 0.9953 -0.0968 -0.0000
vn -0.9920 0.1266 -0.0000
vn -0.9821 0.1881 -0.0000
vn 0.8470 -0.5315 -0.0000
vn 0.9056 -0.4242 -0.0000
vn -0.9303 0.3668 -0.0000
vn -0.8759 0.4825 -0.0000
vn 0.6683 -0.7439 -0.0000
vn 0.7349 -0.6781 -0.0000
vn -0.7408 0.6717 -0.0000
vn -0.6571 0.7538 -0.0000
vn 0.6683 -0.7439 -0.0001
vn 0.1473 -0.9891 -0.0000
vn 0.1521 -0.9881 0.0210
vn 0.7349 -0.6782 -0.0000
vn -0.1755 0.9845 0.0066
vn -0.7408 0.6718 -0.0000
vn -0.1832 0.9831 -0.0000
vn -0.0810 -0.0214 0.9965
vn 0.1474 -0.9891 -0.0000
vn 0.3876 -0.2650 -0.8829
vn 0.4009 -0.0741 -0.9131
vn 0.4008 0.0766 -0.9129
vn -0.5708 -0.2650 -0.7771
vn -0.5903 -0.0741 -0.8038
vn -0.5902 0.0766 -0.8036
vn -0.9584 -0.2650 0.1058
vn -0.9584 -0.2650 0.1057
vn -0.9912 -0.0741 0.1094
vn -0.9910 0.0766 0.1094
vn -0.3876 -0.2650 0.8829
vn -0.4009 -0.0741 0.9131
vn -0.4008 0.0766 0.9129
vn 0.5708 -0.2650 0.7771
vn 0.5903 -0.0741 0.8038
vn 0.5902 0.0766 0.8036
vn 0.9584 -0.2650 -0.1058
vn 0.9912 -0.0741 -0.1094
vn 0.9910 0.0766 -0.1094
vn -0.3838 0.2977 0.8741
vn -0.9489 0.2977 0.1047
vn -0.5651 0.2977 -0.7694
vn 0.3838 0.2977 -0.8741
vn 0.9489 0.2977 -0.1047
vn 0.5651 0.2977 0.7694
vn -0.8790 -0.1513 -0.4522
vn -0.8883 -0.0458 -0.4570
vn -0.8882 0.0476 -0.4570
vn -0.8311 -0.1513 0.5351
vn -0.8399 -0.0458 0.5408
vn -0.8398 0.0476 0.5407
vn 0.0479 -0.1513 0.9873
vn 0.0484 -0.0458 0.9978
vn 0.0484 0.0476 0.9977
vn 0.8790 -0.1513 0.4522
vn 0.8883 -0.0458 0.4570
vn 0.8882 0.0476 0.4570
vn 0.8311 -0.1513 -0.5351
vn 0.8399 -0.0458 -0.5408
vn 0.8398 0.0476 -0.5407
vn -0.0479 -0.1514 -0.9873
vn -0.0484 -0.0458 -0.9978
vn -0.0484 0.0476 -0.9977
vn 0.8761 0.1711 0.4507
vn 0.0477 0.1711 0.9841
vn -0.8284 0.1711 0.5334
vn -0.8761 0.1711 -0.4507
vn -0.0477 0.1711 -0.9841
vn 0.8284 0.1711 -0.5334
vn -0.2958 0.9533 0.0603
vn -0.2381 0.9493 -0.2054
vn -0.2547 0.9447 -0.2064
vn -0.3166 0.9470 0.0544
vn -0.3152 0.8945 0.3171
vn -0.2944 0.8994 0.3230
vn 0.5538 0.7528 -0.3558
vn 0.5938 0.7358 -0.3255
vn 0.5920 0.7320 -0.3371
vn 0.5126 0.7707 -0.3785
vn 0.4450 0.7995 -0.4035
vn 0.4444 0.7992 -0.4046
vn -0.0847 0.9210 -0.3803
vn 0.2576 0.8585 -0.4434
vn 0.1198 0.8919 -0.4360
vn -0.1575 0.9370 -0.3119
vn -0.2410 0.9367 -0.2541
vn -0.2176 0.9441 -0.2476
vn 0.7524 0.6304 0.1913
vn 0.7596 0.5801 0.2942
vn 0.7434 0.5996 0.2964
vn 0.7436 0.6405 0.1917
vn 0.7522 0.6538 0.0821
vn 0.7504 0.6559 0.0818
vn -0.0262 0.7005 0.7132
vn -0.0838 0.6586 0.7478
vn -0.0697 0.6996 0.7111
vn -0.0174 0.7255 0.6880
vn 0.0737 0.6973 0.7130
vn 0.0687 0.6956 0.7151
vn 0.4161 0.6012 0.6822
vn 0.2696 0.6309 0.7275
vn 0.3379 0.6164 0.7113
vn 0.4615 0.2781 0.8424
vn 0.4610 0.5820 0.6699
vn 0.5311 0.1268 0.8378
vn 0.9591 -0.1750 0.2226
vn 0.9173 -0.1716 0.3593
vn 0.9169 -0.1833 0.3546
vn 0.9900 -0.1187 0.0764
vn 0.9947 -0.0705 -0.0749
vn 0.9993 0.0114 -0.0351
vn -0.4254 0.0250 0.9047
vn -0.4539 0.0275 0.8906
vn -0.5061 -0.2650 0.8208
vn -0.4517 -0.4886 0.7465
vn -0.2510 -0.0171 0.9678
vn -0.2508 -0.0175 0.9679
vn 0.0878 -0.0987 0.9912
vn 0.2183 -0.1249 0.9679
vn 0.4640 -0.1641 0.8705
vn 0.5085 -0.1697 0.8442
vn 0.5475 -0.8120 -0.2021
vn 0.5786 -0.7854 -0.2200
vn 0.5226 -0.8500 -0.0659
vn 0.4786 -0.8762 -0.0561
vn 0.4953 -0.8626 0.1026
vn 0.4827 -0.8715 0.0860
vn -0.4698 -0.6544 0.5925
vn -0.3999 -0.7274 0.5577
vn -0.3850 -0.7293 0.5656
vn -0.3817 -0.7277 0.5699
vn 0.0934 -0.8362 0.5404
vn -0.1264 -0.7896 0.6005
vn -0.0212 -0.8172 0.5760
vn 0.1274 -0.8382 0.5303
vn 0.1579 -0.8378 0.5226
vn 0.1581 -0.8304 0.5342
vn -0.7243 -0.6572 -0.2085
vn -0.6550 -0.5911 -0.4707
vn -0.6597 -0.5799 -0.4780
vn -0.7460 -0.6363 -0.1963
vn -0.7287 -0.6800 0.0811
vn -0.7117 -0.6997 0.0622
vn 0.1544 -0.7801 -0.6063
vn 0.2147 -0.8287 -0.5169
vn 0.2645 -0.8067 -0.5285
vn 0.1711 -0.7523 -0.6362
vn -0.0000 -0.7204 -0.6936
vn -0.0003 -0.7192 -0.6948
vn -0.5077 -0.5775 -0.6393
vn -0.2166 -0.6550 -0.7240
vn -0.3418 -0.6136 -0.7118
vn -0.5843 -0.5760 -0.5717
vn -0.6411 -0.5688 -0.5152
vn -0.6455 -0.5829 -0.4935
vn -0.9433 0.1635 0.2890
vn 0.5229 0.0122 -0.8523
vn 0.4295 0.0400 -0.9022
vn 0.6025 -0.0133 -0.7980
vn 0.3457 0.0634 -0.9362
vn -0.4699 0.2295 -0.8524
vn -0.5811 0.2429 -0.7768
vn -0.2088 0.1893 -0.9595
vn -0.0031 0.1482 -0.9890
vn -0.6687 0.2503 -0.7002
vn -0.6687 0.2504 -0.7001
vn 0.3981 0.8099 -0.4309
vn 0.3959 0.8094 -0.4337
vn 0.2250 0.0966 -0.9696
vn 0.2264 0.0945 -0.9694
vn -0.0749 -0.6881 -0.7218
vn -0.0578 -0.6797 -0.7312
vn -0.2201 -0.7613 0.6099
vn -0.2202 -0.7611 0.6101
vn -0.0384 -0.0717 0.9967
vn -0.0377 -0.0748 0.9965
vn 0.1911 0.6469 0.7382
vn 0.1942 0.6395 0.7438
vn 0.6183 -0.0047 -0.7860
vn 0.6135 -0.0429 -0.7885
vn 0.6107 -0.0302 -0.7913
vn 0.6332 -0.0220 -0.7737
vn 0.6183 -0.0047 -0.7859
vn 0.6723 0.0712 -0.7369
vn 0.6137 0.0245 -0.7892
vn 0.7780 0.0069 -0.6282
vn 0.7294 0.0474 -0.6824
vn 0.7570 -0.1384 -0.6386
vn 0.7151 -0.1473 -0.6834
vn 0.6212 -0.0687 -0.7806
vn 0.6320 -0.1488 -0.7605
vn -0.9250 0.2568 -0.2800
vn -0.9351 0.2182 -0.2794
vn -0.9185 0.3146 -0.2396
vn -0.9162 0.3142 -0.2485
vn -0.9250 0.2567 -0.2800
vn -0.9287 0.2306 -0.2905
vn -0.9292 0.2581 -0.2645
vn -0.9630 0.1340 -0.2338
vn -0.9310 0.2083 -0.2997
vn -0.9844 0.1590 -0.0749
vn -0.9799 0.1366 -0.1456
vn -0.9509 0.3017 -0.0695
vn -0.9390 0.3185 -0.1295
vn 0.2306 -0.7092 0.6662
vn 0.0072 -0.9730 0.2308
vn 0.0870 -0.9115 0.4020
vn 0.2939 -0.5768 0.7622
vn -0.2009 -0.9282 -0.3132
vn -0.1393 -0.9815 -0.1312
vn 0.0869 -0.9116 0.4019
vn -0.3096 -0.6085 -0.7307
vn -0.2865 -0.7371 -0.6120
vn -0.3059 -0.1797 -0.9350
vn -0.3180 -0.3303 -0.8887
vn -0.2130 0.2654 -0.9403
vn -0.2539 0.1150 -0.9604
vn -0.0400 0.6743 -0.7374
vn -0.1071 0.5441 -0.8321
vn 0.1932 0.9313 -0.3087
vn 0.1115 0.8717 -0.4773
vn 0.3984 0.8878 0.2304
vn 0.3385 0.9397 0.0497
vn 0.4939 0.5753 0.6520
vn 0.4739 0.7018 0.5318
vn 0.4833 0.1511 0.8623
vn 0.4967 0.3007 0.8142
vn 0.3935 -0.2948 0.8708
vn 0.4321 -0.1435 0.8903
vn 0.3907 0.8903 0.2339
vn 0.4867 0.5761 0.6567
vn 0.4665 0.7033 0.5364
vn 0.3303 0.9424 0.0521
vn 0.1842 0.9334 -0.3078
vn 0.1022 0.8731 -0.4767
vn -0.0492 0.6748 -0.7364
vn -0.1159 0.5445 -0.8307
vn -0.2212 0.2662 -0.9382
vn -0.2619 0.1162 -0.9581
vn -0.3136 -0.1777 -0.9328
vn -0.3258 -0.3281 -0.8867
vn -0.3180 -0.6065 -0.7287
vn -0.2948 -0.7356 -0.6099
vn -0.2095 -0.9275 -0.3097
vn -0.1475 -0.9809 -0.1270
vn -0.0003 -0.9717 0.2364
vn 0.0797 -0.9097 0.4076
vn 0.2235 -0.7067 0.6713
vn 0.2865 -0.5743 0.7669
vn 0.3862 -0.2931 0.8746
vn 0.4248 -0.1422 0.8941
vn 0.4759 0.1516 0.8663
vn 0.4894 0.3010 0.8185
vn 0.4155 0.8844 0.2127
vn 0.5117 0.5756 0.6379
vn 0.4914 0.7017 0.5159
vn 0.3547 0.9345 0.0306
vn 0.2090 0.9219 -0.3263
vn 0.1265 0.8602 -0.4940
vn -0.0240 0.6616 -0.7495
vn -0.0915 0.5310 -0.8424
vn -0.1961 0.2541 -0.9471
vn -0.2368 0.1039 -0.9660
vn -0.2880 -0.1885 -0.9389
vn -0.2989 -0.3391 -0.8920
vn -0.2878 -0.6159 -0.7334
vn -0.2643 -0.7446 -0.6130
vn -0.1776 -0.9332 -0.3123
vn -0.1138 -0.9851 -0.1291
vn 0.0334 -0.9721 0.2322
vn 0.1128 -0.9082 0.4031
vn 0.2544 -0.7036 0.6635
vn 0.0334 -0.9721 0.2323
vn 0.3173 -0.5704 0.7576
vn 0.4137 -0.2895 0.8632
vn 0.4503 -0.1380 0.8821
vn 0.5016 0.1540 0.8513
vn 0.5146 0.3033 0.8020
vn 0.9135 -0.0781 -0.3992
vn 0.8972 -0.1011 -0.4299
vn 0.9024 -0.0916 -0.4210
vn 0.9195 -0.0741 -0.3861
vn 0.9305 -0.0731 -0.3590
vn 0.9135 -0.0781 -0.3993
vn 0.9354 -0.0763 -0.3452
vn 0.9431 -0.0883 -0.3206
vn 0.9457 -0.0976 -0.3102
vn 0.9481 -0.1190 -0.2950
vn 0.9477 -0.1315 -0.2908
vn 0.9446 -0.1563 -0.2887
vn 0.9416 -0.1688 -0.2914
vn 0.9338 -0.1909 -0.3026
vn 0.9289 -0.2005 -0.3115
vn 0.9181 -0.2143 -0.3335
vn 0.9122 -0.2183 -0.3468
vn 0.9011 -0.2193 -0.3740
vn 0.8960 -0.2161 -0.3880
vn 0.8878 -0.2039 -0.4125
vn 0.8851 -0.1945 -0.4228
vn 0.8823 -0.1728 -0.4377
vn 0.8827 -0.1603 -0.4418
vn 0.8859 -0.1355 -0.4437
vn 0.8890 -0.1230 -0.4410
vn -0.9055 0.1873 0.3807
vn -0.8991 0.1745 0.4014
vn -0.9009 0.1799 0.3951
vn -0.9085 0.1892 0.3726
vn -0.9150 0.1892 0.3563
vn -0.9185 0.1870 0.3484
vn -0.9250 0.1795 0.3349
vn -0.9281 0.1738 0.3293
vn -0.9330 0.1608 0.3221
vn -0.9348 0.1533 0.3205
vn -0.9368 0.1384 0.3214
vn -0.9369 0.1310 0.3241
vn -0.9355 0.1180 0.3330
vn -0.9339 0.1127 0.3393
vn -0.9294 0.1053 0.3537
vn -0.9265 0.1034 0.3619
vn -0.9200 0.1035 0.3780
vn -0.9165 0.1056 0.3859
vn -0.9098 0.1131 0.3993
vn -0.9067 0.1186 0.4048
vn -0.9016 0.1316 0.4121
vn -0.8997 0.1391 0.4137
vn -0.8977 0.1540 0.4128
vn -0.8976 0.1615 0.4101
vn 0.9003 -0.0871 -0.4264
vn 0.9190 -0.0686 -0.3883
vn 0.9124 -0.0725 -0.4028
vn 0.8945 -0.0972 -0.4364
vn 0.9363 -0.0707 -0.3441
vn 0.9308 -0.0673 -0.3592
vn 0.9476 -0.0930 -0.3057
vn 0.9446 -0.0831 -0.3174
vn 0.9502 -0.1293 -0.2834
vn 0.9505 -0.1157 -0.2885
vn 0.9438 -0.1703 -0.2834
vn 0.9470 -0.1564 -0.2804
vn 0.9299 -0.2049 -0.3056
vn 0.9353 -0.1946 -0.2954
vn 0.9118 -0.2238 -0.3443
vn 0.9182 -0.2198 -0.3296
vn 0.8943 -0.2216 -0.3887
vn 0.8999 -0.2251 -0.3736
vn 0.8821 -0.1990 -0.4269
vn 0.8853 -0.2090 -0.4154
vn 0.8788 -0.1622 -0.4487
vn 0.8787 -0.1760 -0.4438
vn 0.8855 -0.1212 -0.4485
vn 0.8820 -0.1350 -0.4515
vn -0.2815 -0.2205 0.9339
vn -0.9318 -0.0000 0.3630
vn -0.8011 -0.0000 0.5986
vn -0.9934 -0.0000 0.1148
vn 0.9994 -0.0000 -0.0338
vn 0.9940 -0.0000 0.1090
vn 0.9832 -0.0000 -0.1826
vn 0.0671 -0.0000 0.9977
vn 0.0771 -0.0000 0.9970
vn 0.0762 -0.0000 0.9971
vn -0.1004 -0.0000 -0.9949
vn -0.1031 -0.0000 -0.9947
vn -0.0984 -0.0000 -0.9952
vn -0.2202 -0.0000 -0.9755
vn -0.1250 -0.0000 -0.9922
vn -0.1281 -0.0000 -0.9918
vn 0.1768 -0.0000 0.9842
vn 0.1677 -0.0000 0.9858
vn 0.2063 -0.0000 0.9785
vn -0.9949 -0.0000 -0.1007
vn 0.9447 -0.0000 -0.3278
vn 0.0017 1.0000 -0.0019
vn -0.1037 -0.0000 -0.9946
vn 0.1097 -0.0000 0.9940
vn 0.1377 -0.0000 0.9905
vn -0.9807 -0.0000 -0.1954
vn -0.9959 -0.0000 0.0907
vn -0.9959 -0.0000 0.0906
vn 0.9153 -0.0000 -0.4029
vn 0.9914 -0.0000 -0.1309
vn 0.9646 -0.0000 -0.2638
vn 0.0969 -0.0000 0.9953
vn 0.1043 -0.0000 0.9945
vn 0.1038 -0.0000 0.9946
vn -0.1096 -0.0000 -0.9940
vn -0.1130 -0.0000 -0.9936
vn 0.9999 -0.0000 -0.0106
vn -0.9410 -0.0000 0.3383
vn 0.0341 0.9994 -0.0032
vn -0.0323 0.9995 0.0069
vn -0.1095 -0.0000 -0.9940
vn -0.1053 -0.0000 -0.9944
vn 0.1034 -0.0000 0.9946
vn 0.1015 -0.0000 0.9948
vn -0.1967 -0.0000 -0.9805
vn -0.1135 -0.0000 -0.9935
vn -0.1410 -0.0000 -0.9900
vn 0.1473 -0.0000 0.9891
vn 0.1135 -0.0000 0.9935
vn 0.2211 -0.0000 0.9752
vn 0.9629 -0.0000 -0.2700
vn 0.9880 -0.0000 -0.1541
vn 0.9192 -0.0000 -0.3939
vn -0.0019 -0.0000 1.0000
vn 0.0974 -0.0000 0.9952
vn 0.0927 -0.0000 0.9957
vn -0.1730 -0.0000 -0.9849
vn -0.7315 -0.0000 -0.6818
vn -0.5777 -0.0000 -0.8163
vn -0.1002 -0.0000 -0.9950
vn -0.1504 -0.0000 -0.9886
vn -0.1133 -0.0000 -0.9936
vn -0.1145 -0.0000 -0.9934
vn 0.1389 -0.0000 0.9903
vn 0.1139 -0.0000 0.9935
vn 0.2244 -0.0000 0.9745
vn -0.7316 -0.0000 -0.6818
vn -0.8643 -0.0000 -0.5030
vn -0.5777 -0.0000 -0.8162
vn 0.8545 -0.0000 -0.5195
vn -0.0893 -0.0000 -0.9960
vn -0.0895 -0.0000 -0.9960
vn 0.1102 -0.0000 0.9939
vn 0.1077 -0.0000 0.9942
vn 0.0028 0.9999 0.0100
vn 0.4972 -0.2928 -0.8167
vn 0.8269 -0.5590 -0.0604
vn -0.3486 -0.1857 -0.9187
vn -0.9020 -0.3299 -0.2785
vn -0.6229 -0.6004 0.5015
vn -0.2777 -0.7059 0.6516
vn 0.6465 -0.5919 0.4813
vn 0.9485 -0.0651 -0.3101
vn 0.9635 0.0651 -0.2598
vn 0.2387 0.1836 -0.9536
vn 0.2566 0.3178 -0.9128
vn -0.7219 0.1835 -0.6673
vn -0.7144 0.3177 -0.6234
vn -0.9635 -0.0651 0.2598
vn -0.9485 0.0651 0.3101
vn -0.2566 -0.3177 0.9128
vn -0.2387 -0.1835 0.9536
vn 0.7144 -0.3178 0.6234
vn 0.7218 -0.1836 0.6673
vn 0.7251 0.5590 -0.4022
vn 0.8632 0.2928 0.4112
vn 0.2775 0.5919 -0.7567
vn -0.7958 0.6004 -0.0786
vn -0.5891 0.7059 -0.3932
vn -0.6023 0.3299 0.7269
vn 0.2114 0.1857 0.9596
vn 0.9981 -0.0611 0.0116
vn 0.6224 -0.6356 0.4569
vn 0.6702 0.2257 -0.7070
vn -0.0807 -0.0275 -0.9964
vn -0.5212 -0.5956 -0.6112
vn -0.4650 -0.8275 -0.3147
vn 0.0897 -0.8607 0.5012
vn 0.7252 -0.1227 0.6776
vn 0.6469 -0.0275 0.7621
vn 0.8803 0.4709 -0.0580
vn 0.8148 0.5789 0.0318
vn 0.1730 0.5557 -0.8132
vn 0.0945 0.6686 -0.7376
vn -0.6469 0.0275 -0.7621
vn -0.7252 0.1227 -0.6776
vn -0.8148 -0.5789 -0.0318
vn -0.8803 -0.4709 0.0580
vn -0.0945 -0.6686 0.7376
vn -0.1730 -0.5557 0.8132
vn 0.4944 0.5007 0.7106
vn -0.0353 -0.0442 0.9984
vn 0.5977 0.7685 0.2284
vn -0.5076 0.7242 -0.4668
vn -0.1763 0.9155 -0.3617
vn -0.9827 0.1440 -0.1166
vn -0.7683 -0.2147 0.6030
vn 0.8426 -0.2479 0.4781
vn 0.9693 -0.2270 -0.0949
vn 0.9665 -0.2320 0.1098
vn 0.7206 -0.2605 0.6425
vn 0.7376 -0.2320 -0.6341
vn 0.8548 -0.2277 -0.4662
vn 0.2347 -0.2611 -0.9363
vn 0.4280 -0.2494 -0.8687
vn -0.3507 -0.3036 -0.8859
vn -0.1540 -0.2889 -0.9449
vn -0.7959 -0.3435 -0.4986
vn -0.6711 -0.3316 -0.6630
vn -0.9275 -0.3652 0.0799
vn -0.9238 -0.3610 -0.1275
vn -0.6921 -0.3600 0.6256
vn -0.8115 -0.3654 0.4560
vn -0.1819 -0.3300 0.9263
vn -0.3773 -0.3431 0.8602
vn 0.4042 -0.2872 0.8684
vn 0.2084 -0.3029 0.9300
vn 0.9298 -0.1695 0.3266
vn 0.8884 -0.1695 -0.4266
vn 0.9484 -0.1026 -0.3001
vn 0.8828 -0.1026 0.4584
vn 0.3267 -0.1695 -0.9298
vn 0.4584 -0.1026 -0.8828
vn -0.4266 -0.1695 -0.8884
vn -0.3001 -0.1026 -0.9484
vn -0.9298 -0.1695 -0.3266
vn -0.8828 -0.1026 -0.4584
vn -0.8884 -0.1695 0.4266
vn -0.9484 -0.1026 0.3001
vn -0.3266 -0.1695 0.9299
vn -0.4584 -0.1026 0.8828
vn 0.4266 -0.1695 0.8884
vn 0.3001 -0.1026 0.9484
vn -0.8714 0.1369 -0.4712
vn -0.8896 0.1515 0.4310
vn -0.9383 0.1879 -0.2904
vn 0.4712 0.1368 -0.8713
vn 0.2905 0.1879 -0.9383
vn -0.5881 -0.0370 0.8080
vn -0.9871 -0.0370 0.1555
vn -0.8080 -0.0370 -0.5880
vn -0.1555 -0.0370 -0.9871
vn 0.5880 -0.0370 -0.8080
vn 0.9871 -0.0370 -0.1555
vn 0.8080 -0.0370 0.5881
vn 0.1555 -0.0370 0.9871
vn -0.5881 -0.0371 0.8080
vn -0.9956 -0.0000 0.0935
vn -0.9937 -0.0000 0.1121
vn -0.9936 -0.0000 0.1131
vn 0.0167 0.9934 0.1137
vn 0.0058 0.9998 0.0199
vn -0.0016 0.9996 0.0273
vn 0.0039 0.9925 0.1220
vn 0.9991 -0.0000 0.0435
vn 0.9973 -0.0000 -0.0736
vn 0.9999 -0.0000 -0.0155
vn 0.3037 -0.0000 0.9528
vn 0.9592 -0.0000 -0.2828
vn 0.9461 -0.0000 -0.3238
vn 0.9714 -0.0000 -0.2376
vn -0.9871 -0.0000 0.1604
vn -0.9900 -0.0000 0.1408
vn -0.9841 -0.0000 0.1778
vn -0.0119 0.9989 -0.0457
vn -0.0116 0.9989 -0.0460
vn -0.0129 0.9989 -0.0455
vn -0.0147 0.9988 -0.0460
vn 0.9860 -0.0000 -0.1670
vn 0.9885 -0.0000 -0.1512
vn -0.9917 -0.0000 0.1285
vn -0.9925 -0.0000 0.1219
vn -0.0215 0.9971 -0.0727
vn -0.0166 0.9981 -0.0593
vn 0.8058 0.3208 0.4978
vn 0.9445 0.3208 -0.0709
vn 0.9379 0.3203 0.1333
vn 0.6804 0.3203 0.6591
vn 0.7224 0.3208 -0.6125
vn 0.8371 0.3203 -0.4435
vn 0.2244 0.3208 -0.9202
vn 0.4166 0.3203 -0.8508
vn -0.3593 0.3208 -0.8764
vn -0.1631 0.3203 -0.9332
vn -0.8058 0.3208 -0.4978
vn -0.6805 0.3203 -0.6591
vn -0.9445 0.3208 0.0709
vn -0.9379 0.3203 -0.1333
vn -0.7224 0.3208 0.6125
vn -0.8371 0.3203 0.4435
vn -0.2244 0.3208 0.9202
vn -0.4166 0.3203 0.8508
vn 0.3593 0.3208 0.8764
vn 0.1631 0.3203 0.9332
vn 0.8541 0.2392 0.4618
vn 0.6805 0.3203 0.6591
vn -0.3592 0.3208 -0.8764
vn -0.9958 -0.0000 -0.0910
vn -0.9974 -0.0000 -0.0716
vn -0.9974 -0.0000 -0.0726
vn 0.0011 0.9705 0.2411
vn 0.0042 0.9956 0.0941
vn -0.0019 0.9940 0.1093
vn -0.0060 0.9698 0.2440
vn 0.9557 -0.0000 0.2943
vn 0.9914 -0.0000 0.1307
vn 0.9739 -0.0000 0.2270
vn 0.9667 -0.0000 -0.2561
vn 0.9753 -0.0000 -0.2207
vn -0.9820 -0.0000 0.1891
vn -0.9864 -0.0000 0.1645
vn -0.9779 -0.0000 0.2089
vn -0.0043 0.9922 -0.1248
vn -0.0076 0.9960 -0.0895
vn -0.0045 0.9881 -0.1540
vn 0.0028 0.9884 -0.1515
vn 0.9932 -0.0000 -0.1168
vn 0.9988 -0.0000 -0.0491
vn -0.9998 -0.0000 0.0190
vn -0.9968 -0.0000 0.0796
vn -0.0056 0.9969 -0.0784
vn -0.0055 0.9980 -0.0628
vn -0.9611 -0.1056 0.2552
vn -0.6276 -0.1056 0.7713
vn -0.7784 -0.1058 0.6188
vn -0.9934 -0.1058 0.0432
vn -0.0543 -0.1056 0.9929
vn -0.2660 -0.1058 0.9581
vn 0.5397 -0.1056 0.8352
vn 0.3480 -0.1058 0.9315
vn 0.9275 -0.1056 0.3585
vn 0.8291 -0.1058 0.5490
vn 0.9611 -0.1056 -0.2552
vn 0.9934 -0.1058 -0.0432
vn 0.6276 -0.1056 -0.7713
vn 0.7784 -0.1058 -0.6188
vn 0.0543 -0.1056 -0.9929
vn 0.2659 -0.1058 -0.9582
vn -0.5397 -0.1056 -0.8352
vn -0.3480 -0.1058 -0.9315
vn -0.9276 -0.1056 -0.3584
vn -0.8291 -0.1058 -0.5490
vn -0.9275 -0.1056 -0.3585
vn -0.9523 -0.1693 0.2541
vn -0.6212 -0.1693 0.7652
vn -0.7708 -0.1697 0.6141
vn -0.9845 -0.1697 0.0437
vn -0.0527 -0.1693 0.9842
vn -0.2627 -0.1697 0.9498
vn 0.5358 -0.1693 0.8272
vn 0.3459 -0.1697 0.9228
vn 0.9197 -0.1693 0.3543
vn 0.8222 -0.1697 0.5433
vn 0.9523 -0.1693 -0.2540
vn 0.9845 -0.1697 -0.0437
vn 0.6211 -0.1693 -0.7652
vn 0.7708 -0.1697 -0.6141
vn 0.0527 -0.1693 -0.9842
vn 0.2627 -0.1697 -0.9498
vn -0.5358 -0.1693 -0.8272
vn -0.3459 -0.1697 -0.9228
vn -0.9197 -0.1693 -0.3543
vn -0.8222 -0.1697 -0.5433
vn -0.9523 -0.1693 0.2540
vn -0.9837 -0.1115 0.1412
vn -0.7231 -0.0528 0.6887
vn -0.7501 -0.2783 0.6000
vn -0.9673 -0.2498 0.0448
vn -0.1862 -0.0506 0.9812
vn -0.2546 -0.2908 0.9223
vn 0.4146 -0.0985 0.9047
vn 0.3368 -0.2741 0.9008
vn 0.8480 -0.1877 0.4957
vn 0.8076 -0.2501 0.5340
vn 0.9526 -0.2917 -0.0869
vn 0.9703 -0.2380 -0.0437
vn 0.6899 -0.3673 -0.6239
vn 0.7597 -0.2353 -0.6062
vn 0.1600 -0.3785 -0.9117
vn 0.2587 -0.2332 -0.9374
vn -0.4345 -0.3187 -0.8424
vn -0.3417 -0.2295 -0.9113
vn -0.8707 -0.2140 -0.4429
vn -0.8120 -0.2319 -0.5356
vn -0.9765 0.0528 0.2088
vn -0.6814 0.1829 0.7087
vn -0.1397 0.1823 0.9733
vn 0.4440 0.0497 0.8946
vn 0.8496 -0.1632 0.5016
vn 0.9230 -0.3793 -0.0649
vn 0.6197 -0.5160 -0.5913
vn 0.0503 -0.5132 -0.8568
vn -0.5436 -0.3725 -0.7522
vn -0.9267 -0.1567 -0.3416
vn -0.9398 0.1761 0.2929
vn -0.5818 0.3061 0.7535
vn -0.0213 0.2659 0.9638
vn 0.5245 0.0723 0.8483
vn 0.8635 -0.2070 0.4599
vn 0.8729 -0.4817 -0.0783
vn 0.5092 -0.6394 -0.5761
vn -0.0960 -0.5908 -0.8011
vn -0.6591 -0.3655 -0.6573
vn -0.9681 -0.0754 -0.2391
vn 0.4588 0.0767 0.8852
vn 0.4085 0.1388 0.9021
vn 0.4687 0.0640 0.8811
vn 0.8054 -0.5168 0.2904
vn 0.8202 -0.4673 0.3300
vn 0.8054 -0.5167 0.2904
vn 0.8019 -0.5267 0.2821
vn -0.6937 -0.5168 -0.5017
vn -0.7465 -0.4829 -0.4577
vn -0.6937 -0.5167 -0.5017
vn -0.6840 -0.5224 -0.5091
vn -0.9898 0.0767 0.1198
vn -0.9715 0.1084 0.2106
vn -0.9921 0.0711 0.1038
vn -0.4003 -0.1056 0.9103
vn 0.2112 -0.1056 0.9717
vn -0.0021 -0.1058 0.9944
vn -0.5862 -0.1058 0.8032
vn 0.7420 -0.1056 0.6620
vn 0.5827 -0.1058 0.8058
vn 0.9894 -0.1056 0.0995
vn 0.9451 -0.1058 0.3093
vn 0.8589 -0.1056 -0.5011
vn 0.9464 -0.1058 -0.3052
vn 0.4003 -0.1056 -0.9103
vn 0.5862 -0.1058 -0.8032
vn -0.2112 -0.1056 -0.9717
vn 0.0021 -0.1058 -0.9944
vn -0.7420 -0.1056 -0.6620
vn -0.5828 -0.1058 -0.8057
vn -0.9894 -0.1056 -0.0995
vn -0.9451 -0.1058 -0.3092
vn -0.8589 -0.1056 0.5011
vn -0.9464 -0.1058 0.3051
vn -0.9464 -0.1058 0.3052
vn -0.3957 -0.1693 0.9026
vn 0.2104 -0.1693 0.9629
vn -0.0012 -0.1697 0.9855
vn -0.5802 -0.1697 0.7966
vn 0.7361 -0.1693 0.6554
vn 0.5783 -0.1697 0.7980
vn 0.9807 -0.1693 0.0975
vn 0.9369 -0.1697 0.3056
vn 0.8507 -0.1693 -0.4976
vn 0.9376 -0.1697 -0.3034
vn 0.3958 -0.1693 -0.9026
vn 0.5802 -0.1697 -0.7966
vn -0.2104 -0.1693 -0.9629
vn 0.0012 -0.1697 -0.9855
vn -0.7361 -0.1693 -0.6554
vn -0.5783 -0.1697 -0.7980
vn -0.9807 -0.1693 -0.0975
vn -0.9369 -0.1697 -0.3056
vn -0.8507 -0.1693 0.4976
vn -0.9376 -0.1697 0.3034
vn -0.3958 -0.1693 0.9026
vn -0.5035 -0.1114 0.8568
vn 0.0870 -0.0528 0.9948
vn 0.0008 -0.2783 0.9605
vn -0.5685 -0.2498 0.7838
vn 0.6505 -0.0506 0.7578
vn 0.5618 -0.2908 0.7745
vn 0.9656 -0.0985 0.2406
vn 0.9141 -0.2741 0.2989
vn 0.9165 -0.1877 -0.3533
vn 0.9213 -0.2501 -0.2978
vn 0.5265 -0.2917 -0.7986
vn 0.5712 -0.2380 -0.7855
vn -0.0570 -0.3673 -0.9284
vn 0.0003 -0.2353 -0.9719
vn -0.6125 -0.3785 -0.6939
vn -0.5710 -0.2332 -0.7871
vn -0.9294 -0.3187 -0.1862
vn -0.9254 -0.2295 -0.3017
vn -0.8894 -0.2141 0.4040
vn -0.9252 -0.2319 0.3003
vn -0.4462 0.0528 0.8934
vn 0.1286 0.1829 0.9747
vn 0.6734 0.1823 0.7165
vn 0.9761 0.0498 0.2113
vn 0.9221 -0.1632 -0.3509
vn 0.5253 -0.3793 -0.7617
vn -0.0754 -0.5160 -0.8533
vn -0.6382 -0.5132 -0.5739
vn -0.9269 -0.3725 -0.0446
vn -0.8452 -0.1567 0.5109
vn -0.3575 0.1761 0.9172
vn 0.2258 0.3061 0.9248
vn 0.7398 0.2659 0.6181
vn 0.9902 0.0723 0.1194
vn 0.8982 -0.2070 -0.3878
vn 0.4835 -0.4817 -0.7309
vn -0.1325 -0.6394 -0.7574
vn -0.6859 -0.5908 -0.4248
vn -0.9249 -0.3655 0.1049
vn -0.7909 -0.0754 0.6073
vn 0.9780 0.0767 0.1939
vn 0.9598 0.1389 0.2438
vn 0.9809 0.0640 0.1836
vn 0.7295 -0.5168 -0.4481
vn 0.7696 -0.4674 -0.4350
vn 0.7295 -0.5167 -0.4481
vn 0.7208 -0.5266 -0.4506
vn -0.8250 -0.5167 0.2290
vn -0.8235 -0.4829 0.2977
vn -0.8249 -0.5168 0.2290
vn -0.8247 -0.5224 0.2167
vn -0.5240 0.0767 0.8482
vn -0.4418 0.1084 0.8905
vn -0.5379 0.0711 0.8400
vn 0.3533 -0.4665 0.8109
vn -0.2772 0.7200 -0.6362
vn 0.9092 0.0435 -0.4142
vn 0.8321 0.0435 -0.5528
vn 0.8322 0.0435 -0.5528
vn 0.9644 0.0420 -0.2611
vn -0.1932 0.0436 0.9802
vn 0.0736 0.0481 0.9961
vn -0.0773 0.0464 0.9959
vn -0.1876 0.0406 0.9814
vn 0.6611 0.0473 0.7488
vn 0.4559 0.0479 0.8887
vn 0.9625 0.0421 0.2680
vn 0.9063 0.0436 0.4205
vn 0.9986 0.0400 -0.0340
vn 0.9985 0.0401 0.0370
vn 0.9675 0.0476 0.2483
vn 0.9985 0.0448 -0.0311
vn 0.9992 -0.0300 -0.0261
vn 0.9653 -0.0322 0.2590
vn 0.6600 0.0563 0.7491
vn 0.6464 -0.0358 0.7622
vn 0.0663 0.0581 0.9961
vn 0.0519 -0.0350 0.9980
vn -0.1491 0.0540 0.9873
vn -0.1696 -0.0470 0.9844
vn 0.9222 0.0495 -0.3836
vn 0.8391 0.0508 -0.5416
vn 0.5084 -0.0494 -0.8597
vn 0.9273 -0.0332 -0.3728
vn 0.9983 -0.0526 0.0250
vn 0.9272 -0.0580 0.3700
vn 0.4926 -0.0677 0.8676
vn -0.0496 -0.0655 0.9966
vn -0.2094 -0.0586 0.9761
vn -0.0862 -0.0654 -0.9941
vn -0.1384 -0.0592 -0.9886
vn -0.1746 -0.0632 -0.9826
vn 0.0600 -0.0683 -0.9959
vn 0.6423 -0.0664 -0.7636
vn 0.9637 -0.0562 -0.2611
vn -0.9092 0.0433 -0.4142
vn -0.9644 0.0420 -0.2611
vn -0.8322 0.0435 -0.5528
vn -0.8321 0.0435 -0.5528
vn 0.1932 0.0436 0.9802
vn 0.1876 0.0406 0.9814
vn 0.0773 0.0452 0.9960
vn -0.0736 0.0476 0.9962
vn -0.4559 0.0479 0.8887
vn -0.6611 0.0473 0.7488
vn -0.9063 0.0434 0.4205
vn -0.9625 0.0421 0.2680
vn -0.9985 0.0399 0.0370
vn -0.9986 0.0399 -0.0340
vn -0.9675 0.0476 0.2483
vn -0.9653 -0.0322 0.2590
vn -0.9992 -0.0300 -0.0261
vn -0.9985 0.0447 -0.0311
vn -0.6600 0.0563 0.7491
vn -0.6464 -0.0358 0.7622
vn -0.0663 0.0581 0.9961
vn -0.0519 -0.0350 0.9980
vn 0.1491 0.0540 0.9873
vn 0.1696 -0.0470 0.9844
vn 0.0538 0.0553 -0.9970
vn 0.0505 -0.0380 -0.9980
vn 0.1430 -0.0133 -0.9896
vn 0.1597 0.0502 -0.9859
vn -0.4746 0.0577 -0.8783
vn -0.4901 -0.0409 -0.8707
vn -0.9222 0.0497 -0.3836
vn -0.9273 -0.0332 -0.3728
vn 0.0002 1.0000 -0.0007
vn 0.0014 1.0000 -0.0028
vn 0.0009 1.0000 -0.0021
vn 0.0002 1.0000 -0.0015
vn 0.0004 1.0000 -0.0002
vn -0.9272 -0.0581 0.3700
vn -0.9983 -0.0525 0.0250
vn -0.4926 -0.0677 0.8676
vn 0.0496 -0.0653 0.9966
vn 0.2094 -0.0586 0.9761
vn -0.0600 -0.0683 -0.9959
vn 0.1746 -0.0632 -0.9826
vn -0.6423 -0.0664 -0.7636
vn -0.9637 -0.0562 -0.2611
vn 1.0000 -0.0030 -0.0000
vn 1.0000 -0.0025 -0.0000
vn 1.0000 -0.0007 -0.0000
vn 1.0000 -0.0006 -0.0000
vn 1.0000 -0.0023 -0.0000
vn -0.0003 1.0000 -0.0004
vn 0.0003 1.0000 -0.0014
vn 0.0002 1.0000 -0.0004
vn 0.4650 0.0479 -0.8840
vn 0.6694 0.0472 -0.7414
vn 0.9644 0.0420 -0.2612
vn -0.0715 0.0464 -0.9964
vn 0.0790 0.0482 -0.9957
vn -0.1988 0.0405 -0.9792
vn -0.1932 0.0437 -0.9802
vn -0.1932 0.0437 0.9802
vn -0.0538 0.0560 -0.9970
vn -0.1597 0.0502 -0.9859
vn -0.1430 -0.0133 -0.9896
vn -0.0505 -0.0380 -0.9980
vn 0.4746 0.0596 -0.8782
vn 0.4901 -0.0409 -0.8707
vn -0.0003 1.0000 -0.0012
vn -0.0014 1.0000 -0.0028
vn -0.0010 1.0000 -0.0024
vn -0.0010 1.0000 -0.0016
vn -0.0367 -0.0466 0.9982
vn 0.0157 -0.1367 0.9905
vn 0.0299 0.0568 0.9979
vn -0.0355 0.1387 0.9897
vn 0.9989 -0.0462 0.0091
vn 0.9940 -0.1094 -0.0008
vn 0.9980 0.0639 -0.0015
vn 0.9912 0.1324 0.0090
vn 0.9968 -0.0795 -0.0107
vn 0.9965 0.0826 -0.0107
vn 0.4282 -0.1027 0.8978
vn 0.4280 0.1066 0.8975
vn -0.0050 0.3960 0.9182
vn -0.0321 0.3823 0.9235
vn 0.3806 0.4675 0.7979
vn 0.9255 0.3786 0.0024
vn 0.9255 0.3787 0.0084
vn 0.9255 0.3785 -0.0099
vn -0.0329 -0.3883 0.9209
vn 0.0668 -0.4190 0.9055
vn 0.9255 -0.3786 -0.0041
vn 0.9255 -0.3785 -0.0099
vn 0.9255 -0.3787 0.0084
vn 0.3806 -0.4674 0.7979
vn -0.0444 -0.0466 0.9979
vn 0.0187 -0.1356 0.9906
vn 0.0353 0.0581 0.9977
vn -0.0432 0.1379 0.9895
vn -0.0328 0.0476 -0.9983
vn 0.0390 0.1364 -0.9899
vn 0.0576 -0.0599 -0.9965
vn -0.0319 -0.1399 -0.9897
vn 0.4209 0.1009 -0.9015
vn 0.4208 -0.1048 -0.9011
vn -0.0061 0.3968 0.9179
vn -0.0392 0.3823 0.9232
vn -0.0295 0.3920 -0.9195
vn 0.1006 0.4248 -0.8997
vn 0.9255 0.3786 0.0025
vn 0.3754 0.4613 -0.8039
vn -0.0401 -0.3873 0.9211
vn 0.0779 -0.4215 0.9035
vn 0.0096 -0.4019 -0.9156
vn -0.0289 -0.3883 -0.9211
vn 0.3754 -0.4612 -0.8039
vn 0.3806 -0.4675 0.7979
vn -1.0000 -0.0000 0.0055
vn -1.0000 -0.0000 0.0046
vn -1.0000 -0.0000 -0.0049
vn -1.0000 -0.0000 -0.0058
vn -0.9982 -0.0000 0.0599
vn -0.9981 -0.0000 -0.0610
vn 0.0367 -0.0466 0.9982
vn 0.0360 0.1387 0.9897
vn -0.0299 0.0569 0.9979
vn -0.0157 -0.1367 0.9905
vn -0.9989 -0.0462 0.0091
vn -0.9912 0.1324 0.0090
vn -0.9980 0.0639 -0.0015
vn -0.9940 -0.1094 -0.0001
vn -0.9965 0.0826 -0.0107
vn -0.9968 -0.0795 -0.0107
vn -0.4280 0.1066 0.8975
vn -0.4282 -0.1027 0.8978
vn 0.0321 0.3822 0.9235
vn 0.0049 0.3960 0.9182
vn -0.3805 0.4674 0.7979
vn -0.9255 0.3787 0.0084
vn -0.9255 0.3786 0.0024
vn -0.9255 0.3785 -0.0099
vn -0.0668 -0.4190 0.9055
vn 0.0329 -0.3883 0.9210
vn -0.9255 -0.3785 -0.0099
vn -0.9256 -0.3786 -0.0041
vn -0.9255 -0.3787 0.0084
vn -0.3805 -0.4674 0.7979
vn 1.0000 -0.0000 0.0046
vn 1.0000 -0.0000 0.0055
vn 1.0000 -0.0000 -0.0049
vn 1.0000 -0.0000 -0.0058
vn 0.9982 -0.0000 0.0599
vn 0.9981 -0.0000 -0.0610
vn -0.0000 -0.9862 -0.1658
vn -0.0000 -0.9997 -0.0243
vn -0.0000 -0.9954 -0.0962
vn -0.0000 -0.9988 0.0489
vn 0.9993 -0.0376 -0.0056
vn 0.9992 -0.0382 -0.0066
vn 0.9989 -0.0472 -0.0071
vn 0.9984 -0.0555 -0.0098
vn 0.9975 -0.0694 -0.0166
vn 0.9947 -0.1029 0.0052
vn 0.9931 -0.1165 0.0137
vn 0.9807 -0.1827 0.0697
vn -0.9993 -0.0377 -0.0058
vn -0.9987 -0.0511 -0.0079
vn -0.9990 -0.0449 -0.0068
vn -0.9993 -0.0381 -0.0066
vn -0.9960 -0.0893 -0.0083
vn -0.9976 -0.0667 -0.0164
vn -0.9904 -0.1365 0.0230
vn -0.9949 -0.1004 -0.0073
vn -0.0000 -0.0710 0.9975
vn -0.0000 -0.4894 0.8721
vn -0.0000 -0.2909 0.9567
vn -0.0000 0.1944 -0.9809
vn -0.0000 0.0260 -0.9997
vn -0.0000 0.4047 -0.9144
vn -0.0000 -0.8857 0.4643
vn -0.0000 -0.7883 0.6152
vn -0.0000 0.7767 -0.6299
vn -0.0000 0.8784 -0.4780
vn -0.0000 -0.9515 0.3076
vn -0.0000 0.9380 -0.3466
vn 0.0483 0.9988 -0.0000
vn -0.0158 0.9999 -0.0000
vn 0.0161 0.9999 -0.0000
vn 0.0751 -0.9972 -0.0000
vn 0.0001 -1.0000 -0.0000
vn -0.0472 0.9989 -0.0000
vn -0.0736 -0.9973 -0.0000
vn 0.9993 -0.0378 -0.0058
vn 0.9984 -0.0556 -0.0098
vn 0.9807 -0.1828 0.0698
vn -0.9987 -0.0512 -0.0079
vn -0.9992 -0.0382 -0.0066
vn -0.9976 -0.0667 -0.0165
vn -0.9904 -0.1365 0.0231
vn -0.0000 -0.9905 -0.1374
vn -0.0000 -0.9998 -0.0200
vn -0.0000 -0.9968 -0.0795
vn -0.0000 -0.9992 0.0404
vn 0.9988 -0.0492 -0.0065
vn 0.9987 -0.0496 -0.0071
vn 0.9981 -0.0615 -0.0077
vn 0.9973 -0.0724 -0.0106
vn 0.9958 -0.0902 -0.0178
vn 0.9910 -0.1334 0.0056
vn 0.9884 -0.1509 0.0147
vn 0.9692 -0.2351 0.0740
vn -0.9988 -0.0492 -0.0065
vn -0.9978 -0.0664 -0.0084
vn -0.9983 -0.0582 -0.0073
vn -0.9987 -0.0496 -0.0071
vn -0.9932 -0.1159 -0.0089
vn -0.9961 -0.0864 -0.0174
vn -0.9840 -0.1766 0.0246
vn -0.9915 -0.1302 -0.0079
vn -0.0000 -0.0859 0.9963
vn -0.0000 -0.5625 0.8268
vn -0.0000 -0.3458 0.9383
vn -0.0000 0.2337 -0.9723
vn -0.0000 0.0315 -0.9995
vn -0.0000 0.4727 -0.8812
vn -0.0000 -0.9178 0.3970
vn -0.0000 -0.8408 0.5414
vn -0.0000 0.8311 -0.5561
vn -0.0000 0.9123 -0.4096
vn -0.0000 -0.9662 0.2577
vn -0.0000 0.9565 -0.2916
vn 0.0421 0.9991 -0.0000
vn -0.0137 0.9999 -0.0000
vn 0.0140 0.9999 -0.0000
vn 0.0655 -0.9979 -0.0000
vn 0.0002 -1.0000 -0.0000
vn -0.0411 0.9992 -0.0000
vn -0.0641 -0.9979 -0.0000
vn -0.0000 -0.9998 -0.0201
vn 0.9981 -0.0615 -0.0076
vn 0.9973 -0.0723 -0.0105
vn 0.9958 -0.0900 -0.0180
vn 0.9692 -0.2350 0.0740
vn -0.9978 -0.0662 -0.0083
vn -0.9983 -0.0584 -0.0073
vn -0.9961 -0.0865 -0.0174
vn -0.9840 -0.1765 0.0246
vn -0.9915 -0.1302 -0.0078
vn -0.0000 -0.5624 0.8268
vn 0.8411 0.1206 -0.5272
vn 0.3315 0.1235 -0.9353
vn 0.4889 0.0150 -0.8722
vn 0.9195 0.0191 -0.3926
vn -0.2793 0.1236 -0.9522
vn -0.1173 0.0140 -0.9930
vn -0.7601 0.1261 -0.6374
vn -0.6487 0.0230 -0.7607
vn -0.9869 0.1317 -0.0936
vn -0.9628 0.0356 -0.2678
vn -0.8397 0.1343 0.5262
vn -0.9293 0.0370 0.3675
vn -0.3313 0.1276 0.9349
vn -0.4836 0.0234 0.8750
vn -0.9293 0.0369 0.3675
vn 0.2795 0.1170 0.9530
vn 0.1509 0.0116 0.9885
vn 0.7614 0.1117 0.6386
vn 0.6834 0.0116 0.7300
vn 0.9890 0.1144 0.0938
vn 0.9744 0.0173 0.2242
vn 0.6899 -0.2633 0.6744
vn 0.2000 -0.3454 0.9169
vn -0.4065 -0.4107 0.8161
vn -0.8487 -0.4191 0.3225
vn -0.8719 -0.3824 -0.3058
vn -0.5370 -0.3259 -0.7781
vn 0.0005 -0.2616 -0.9652
vn 0.5636 -0.2062 -0.7999
vn 0.9240 -0.1821 -0.3362
vn 0.9547 -0.2026 0.2178
vn -0.9764 0.1206 -0.1793
vn -0.8762 0.1235 0.4659
vn -0.9496 0.0150 0.3130
vn -0.9433 0.0191 -0.3315
vn -0.4371 0.1236 0.8909
vn -0.5841 0.0140 0.8116
vn 0.1301 0.1261 0.9835
vn -0.0353 0.0231 0.9991
vn 0.6645 0.1317 0.7356
vn 0.5292 0.0357 0.8477
vn 0.9746 0.1343 0.1790
vn 0.9335 0.0370 0.3566
vn 0.8757 0.1276 -0.4657
vn 0.9476 0.0234 -0.3187
vn 0.9335 0.0369 0.3566
vn 0.4375 0.1170 -0.8916
vn 0.5564 0.0116 -0.8309
vn -0.1303 0.1117 -0.9852
vn -0.0110 0.0116 -0.9999
vn -0.6660 0.1144 -0.7371
vn -0.5671 0.0173 -0.8234
vn -0.0533 -0.2633 -0.9632
vn 0.4717 -0.3454 -0.8113
vn 0.8510 -0.4107 -0.3273
vn 0.8437 -0.4191 0.3354
vn 0.4365 -0.3824 0.8144
vn -0.1295 -0.3259 0.9365
vn -0.6523 -0.2616 0.7114
vn -0.9559 -0.2062 0.2092
vn -0.9085 -0.1821 -0.3761
vn -0.5571 -0.2026 -0.8054
vn 0.9935 -0.1139 -0.0000
vn 0.2261 -0.4605 -0.8584
vn -0.3275 -0.4042 -0.8540
vn -0.2288 -0.2542 -0.9397
vn 0.3591 -0.3140 -0.8789
vn -0.7727 -0.3589 -0.5235
vn -0.7399 -0.2022 -0.6416
vn -0.9397 -0.3419 0.0070
vn -0.9791 -0.1778 -0.0984
vn -0.7645 -0.3597 0.5349
vn -0.8550 -0.1905 0.4824
vn -0.3142 -0.4055 0.8584
vn -0.4150 -0.2352 0.8789
vn 0.2394 -0.4618 0.8541
vn 0.1729 -0.2950 0.9397
vn 0.6846 -0.5072 0.5235
vn 0.6841 -0.3470 0.6416
vn 0.8516 -0.5241 -0.0070
vn 0.9233 -0.3714 0.0984
vn 0.6764 -0.5063 -0.5349
vn 0.7991 -0.3587 -0.4824
vn 0.3592 -0.3140 -0.8789
vn 0.1062 0.9942 -0.0140
vn 0.0969 0.9952 -0.0143
vn 0.1001 0.9949 -0.0149
vn 0.1091 0.9939 -0.0127
vn 0.0896 0.9959 -0.0092
vn 0.0916 0.9957 -0.0115
vn 0.0864 0.9963 -0.0004
vn 0.0868 0.9962 -0.0036
vn 0.0889 0.9960 0.0084
vn 0.0874 0.9962 0.0056
vn 0.0962 0.9953 0.0140
vn 0.0934 0.9955 0.0127
vn 0.1055 0.9943 0.0143
vn 0.1023 0.9946 0.0149
vn 0.1129 0.9936 0.0092
vn 0.1107 0.9938 0.0115
vn 0.1160 0.9932 0.0006
vn 0.1157 0.9933 0.0036
vn 0.1135 0.9935 -0.0084
vn 0.1150 0.9933 -0.0056
vn 0.1062 0.9942 -0.0141
vn -0.3122 0.0314 0.9495
vn 0.3016 -0.0290 0.9530
vn 0.0928 -0.0089 0.9956
vn -0.5424 0.1814 0.8203
vn 0.7998 -0.0759 0.5954
vn 0.6568 -0.0629 0.7514
vn 0.9955 -0.0941 0.0135
vn 0.9704 -0.0919 0.2234
vn 0.9769 -0.0926 -0.1928
vn 0.9769 -0.0924 -0.1927
vn 0.6085 0.0898 -0.7885
vn 0.3433 0.2866 -0.8944
vn 0.4767 0.1544 -0.8654
vn 0.5246 -0.0497 -0.8499
vn -0.2341 0.3721 -0.8982
vn -0.0447 0.3331 -0.9418
vn -0.6980 0.4443 -0.5616
vn -0.5695 0.4144 -0.7099
vn -0.8818 0.4713 -0.0196
vn -0.8578 0.4649 -0.2192
vn -0.7957 0.3317 0.5068
vn -0.8359 0.4606 0.2986
vn -0.3123 0.0310 0.9495
vn -0.5424 0.1820 0.8202
vn 0.7299 -0.0403 0.6824
vn 0.9902 -0.0668 0.1228
vn 0.9701 0.0817 0.2285
vn 0.6547 0.1138 0.7473
vn 0.1922 0.0144 0.9813
vn 0.0962 0.1706 0.9806
vn -0.4177 0.0765 0.9054
vn -0.4922 0.2305 0.8394
vn -0.8667 0.1222 0.4836
vn -0.8856 0.2705 0.3776
vn -0.9833 0.1340 -0.1228
vn -0.9338 0.2754 -0.2285
vn -0.7231 0.1075 -0.6824
vn -0.6184 0.2433 -0.7473
vn -0.1853 0.0528 -0.9813
vn -0.0598 0.1865 -0.9806
vn 0.4244 -0.0092 -0.9054
vn 0.5285 0.1266 -0.8394
vn 0.8735 -0.0549 -0.4837
vn 0.4246 -0.0092 -0.9053
vn 0.9219 0.0866 -0.3776
vn -0.4718 -0.0000 -0.8817
vn -0.4715 0.0389 -0.8810
vn -0.4680 0.1265 -0.8746
vn 0.4715 0.0388 0.8810
vn 0.4680 0.1265 0.8746
vn 0.4718 -0.0000 0.8817
vn -0.9405 -0.0000 0.3398
vn -0.8817 -0.0000 0.4718
vn -0.8808 0.0444 0.4714
vn -0.9308 0.1431 0.3363
vn 0.8582 -0.0000 -0.5134
vn 0.8045 -0.0000 -0.5939
vn 0.8037 0.0440 -0.5934
vn 0.8960 0.0803 -0.4367
vn -0.3875 0.5704 -0.7242
vn -0.6906 0.6216 0.3696
vn -0.7389 0.6187 0.2670
vn 0.3875 0.5705 0.7242
vn 0.3875 0.5705 0.7241
vn 0.6321 0.6186 -0.4666
vn 0.7090 0.6208 -0.3345
vn 0.9290 0.1425 -0.3417
vn 0.7386 0.6170 -0.2717
vn 0.9385 -0.0000 -0.3452
vn -0.8079 -0.0000 0.5893
vn -0.7996 0.1425 0.5833
vn -0.6357 0.6171 0.4638
vn -0.0006 0.9991 -0.0420
vn -0.0002 0.9999 -0.0150
vn 0.0002 0.9999 0.0162
vn 0.0006 0.9993 0.0387
vn 0.0003 0.9998 0.0218
vn -0.0373 0.9993 -0.0003
vn -0.0801 0.9968 -0.0007
vn -0.0482 0.9988 -0.0004
vn 0.0540 0.9985 0.0005
vn 0.1818 0.9833 0.0015
vn -0.2020 -0.0000 0.9794
vn -0.2018 0.0388 0.9787
vn -0.2003 0.1265 0.9715
vn 0.2018 0.0388 -0.9787
vn 0.2003 0.1266 -0.9715
vn 0.2020 -0.0000 -0.9794
vn 0.9401 -0.0000 0.3410
vn 0.9794 -0.0000 0.2020
vn 0.9784 0.0443 0.2017
vn 0.9304 0.1431 0.3375
vn -0.9879 -0.0000 -0.1549
vn -0.9983 -0.0000 -0.0587
vn -0.9973 0.0440 -0.0587
vn -0.9679 0.0803 -0.2381
vn -0.1659 0.5705 0.8044
vn -0.1659 0.5704 0.8044
vn 0.7672 0.6216 0.1582
vn 0.7386 0.6187 0.2679
vn 0.1659 0.5705 -0.8044
vn -0.7843 0.6186 -0.0461
vn -0.7588 0.6208 -0.1969
vn -0.9324 0.1425 -0.3322
vn -0.7413 0.6170 -0.2641
vn -0.9420 -0.0000 -0.3356
vn 0.9979 -0.0000 0.0644
vn 0.9877 0.1426 0.0637
vn 0.7854 0.6170 0.0507
vn -0.0000 0.9985 0.0549
vn -0.0000 0.9998 0.0196
vn -0.0000 0.9998 -0.0211
vn -0.0000 0.9987 -0.0507
vn -0.0000 0.9996 -0.0284
vn 0.8305 -0.0000 0.5570
vn 0.8299 0.0388 0.5566
vn 0.8239 0.1265 0.5525
vn -0.8299 0.0388 -0.5566
vn -0.8239 0.1265 -0.5525
vn -0.8305 -0.0000 -0.5570
vn 0.6708 -0.0000 -0.7416
vn 0.5570 -0.0000 -0.8305
vn 0.5564 0.0443 -0.8297
vn 0.6639 0.1431 -0.7340
vn -0.5166 -0.0000 0.8562
vn -0.4315 -0.0000 0.9021
vn -0.4311 0.0440 0.9012
vn -0.5861 0.0804 0.8062
vn 0.6822 0.5704 0.4575
vn 0.6821 0.5704 0.4575
vn 0.4363 0.6216 -0.6506
vn 0.5271 0.6186 -0.5827
vn -0.6822 0.5704 -0.4575
vn -0.3390 0.6186 0.7088
vn -0.4690 0.6208 0.6282
vn -0.6598 0.1426 0.7378
vn -0.5246 0.6169 0.5867
vn -0.6666 -0.0000 0.7454
vn 0.4366 -0.0000 -0.8996
vn 0.4322 0.1425 -0.8905
vn 0.3436 0.6170 -0.7080
vn 0.0716 0.9974 0.0012
vn 0.0256 0.9997 0.0004
vn -0.0276 0.9996 -0.0005
vn -0.0661 0.9978 -0.0012
vn -0.0372 0.9993 -0.0006
vn 0.7003 -0.0000 -0.7138
vn 0.6998 0.0388 -0.7133
vn 0.6947 0.1265 -0.7081
vn -0.6998 0.0388 0.7133
vn -0.6947 0.1265 0.7081
vn -0.7003 -0.0000 0.7138
vn -0.6055 -0.0000 -0.7959
vn -0.7139 -0.0000 -0.7003
vn -0.7131 0.0444 -0.6996
vn -0.5992 0.1432 -0.7877
vn 0.7465 -0.0000 0.6654
vn 0.8073 -0.0000 0.5902
vn 0.8065 0.0440 0.5896
vn 0.6846 0.0803 0.7245
vn 0.5752 0.5704 -0.5863
vn 0.5752 0.5705 -0.5863
vn -0.5592 0.6216 -0.5486
vn -0.4757 0.6186 -0.6253
vn -0.5752 0.5705 0.5863
vn -0.5752 0.5704 0.5863
vn 0.6343 0.6186 0.4637
vn 0.5312 0.6208 0.5766
vn 0.6038 0.1425 0.7843
vn 0.4801 0.6170 0.6236
vn 0.6100 -0.0000 0.7924
vn -0.8039 -0.0000 -0.5947
vn -0.7957 0.1425 -0.5887
vn -0.6327 0.6170 -0.4680
vn -0.1001 0.9820 0.1600
vn 0.0335 0.9864 0.1607
vn -0.1012 0.9934 -0.0540
vn 0.1001 0.9820 0.1600
vn 0.1012 0.9934 0.0540
vn -0.0335 0.9864 -0.1607
vn -0.1001 0.9820 -0.1600
vn 0.1001 0.9820 -0.1600
vn 0.9236 0.2996 -0.2391
vn 0.6958 0.2986 -0.6532
vn 0.7469 0.2735 -0.6061
vn 0.9445 0.2779 -0.1749
vn 0.3302 0.2981 -0.8956
vn 0.3751 0.2763 -0.8849
vn 0.3301 0.2981 -0.8956
vn -0.1774 0.3170 -0.9317
vn -0.0954 0.2861 -0.9534
vn 0.3751 0.2762 -0.8849
vn -0.6681 0.3189 -0.6723
vn -0.6221 0.2780 -0.7319
vn -0.9362 0.3084 -0.1687
vn -0.9282 0.2627 -0.2636
vn -0.9463 0.2818 0.1585
vn -0.9503 0.2728 0.1503
vn -0.7399 0.3097 0.5971
vn -0.8068 0.3106 0.5026
vn -0.1868 0.3098 0.9323
vn -0.2929 0.2975 0.9087
vn 0.3521 0.2851 0.8915
vn 0.2798 0.2724 0.9206
vn 0.5888 0.2661 0.7632
vn 0.5692 0.2839 0.7716
vn 0.8993 0.3014 0.3168
vn 0.8566 0.2953 0.4231
vn 0.2874 0.1532 0.9455
vn 0.1877 0.0531 0.9808
vn -0.5194 0.2414 0.8197
vn -0.4553 0.1072 0.8839
vn -0.9228 0.2588 0.2853
vn -0.9694 0.1251 0.2112
vn -0.9781 0.0023 0.2079
vn -0.8562 0.1720 -0.4871
vn -0.6307 0.1564 -0.7601
vn -0.5397 0.0824 -0.8378
vn 0.1413 0.2244 -0.9642
vn 0.3753 0.1732 -0.9106
vn 0.7690 0.1755 -0.6147
vn 0.9679 0.1833 -0.1717
vn 0.9921 0.1121 -0.0558
vn 0.6741 0.2955 0.6770
vn 0.6207 0.1961 0.7591
vn -0.8088 0.0618 -0.5849
vn -0.8289 0.0199 -0.5590
vn -0.7507 0.1622 -0.6404
vn 0.8088 -0.0617 0.5849
vn 0.8289 -0.0199 0.5590
vn 0.7507 -0.1622 0.6404
vn 0.0548 0.9954 0.0783
vn 0.5092 0.4539 0.7313
vn 0.8390 -0.0274 -0.5434
vn 0.8170 -0.0660 -0.5728
vn 0.8822 0.0660 -0.4663
vn -0.8390 0.0274 0.5434
vn -0.8170 0.0660 0.5728
vn -0.8822 -0.0660 0.4663
vn -0.4709 -0.2536 -0.8450
vn -0.4677 -0.2532 -0.8469
vn -0.3988 -0.1525 -0.9043
vn -0.3650 -0.1056 -0.9250
vn 0.2589 -0.7949 -0.5488
vn 0.2613 -0.7943 -0.5485
vn 0.3517 -0.7125 -0.6071
vn 0.3906 -0.6702 -0.6311
vn 0.5829 -0.7157 0.3847
vn 0.5815 -0.7174 0.3835
vn 0.6848 -0.6344 0.3587
vn 0.7285 -0.5915 0.3457
vn 0.1767 -0.1219 0.9767
vn 0.1764 -0.1260 0.9762
vn 0.2632 -0.0202 0.9645
vn 0.3013 0.0286 0.9531
vn -0.5709 0.4179 0.7067
vn -0.5709 0.4164 0.7076
vn -0.4952 0.5406 0.6801
vn -0.4568 0.5927 0.6634
vn -0.9039 0.3464 -0.2511
vn -0.9031 0.3472 -0.2528
vn -0.8333 0.4657 -0.2979
vn -0.7959 0.5158 -0.3171
vn 0.7985 0.5084 -0.3223
vn 0.7954 0.5284 -0.2970
vn 0.7986 0.5193 -0.3042
vn 0.7941 0.5074 -0.3345
vn -0.7997 -0.5162 0.3067
vn -0.7926 -0.5071 0.3386
vn -0.7971 -0.5081 0.3263
vn -0.7964 -0.5254 0.2994
vn 0.7829 0.5129 -0.3522
vn 0.7986 0.5084 -0.3223
vn 0.7751 0.5210 -0.3573
vn -0.7725 -0.5238 0.3590
vn -0.7803 -0.5156 0.3539
vn 0.7639 0.5376 -0.3571
vn 0.7606 0.5468 -0.3499
vn -0.7595 -0.5499 0.3475
vn -0.7628 -0.5406 0.3547
vn 0.7607 0.5579 -0.3319
vn 0.7652 0.5589 -0.3196
vn -0.7667 -0.5592 0.3154
vn -0.7622 -0.5583 0.3278
vn 0.7765 0.5533 -0.3016
vn 0.7842 0.5450 -0.2967
vn -0.7867 -0.5422 0.2950
vn -0.7790 -0.5506 0.3000
vn 0.3185 0.0526 0.9465
vn 0.3191 0.0517 0.9463
vn 0.3178 0.0531 0.9467
vn 0.3174 0.0539 0.9467
vn 0.7119 -0.6044 0.3576
vn 0.7302 -0.5886 0.3468
vn 0.6742 -0.6361 0.3753
vn 0.6503 -0.6514 0.3910
vn 0.3707 -0.6844 -0.6278
vn 0.3916 -0.6671 -0.6337
vn 0.3327 -0.7166 -0.6130
vn 0.3035 -0.7344 -0.6071
vn -0.3480 -0.0821 -0.9339
vn -0.3474 -0.0824 -0.9341
vn -0.3491 -0.0809 -0.9336
vn -0.3496 -0.0802 -0.9334
vn -0.7398 0.5775 -0.3454
vn -0.7582 0.5596 -0.3348
vn -0.7028 0.6115 -0.3635
vn -0.6771 0.6305 -0.3796
vn -0.3992 0.6561 0.6404
vn -0.4188 0.6379 0.6463
vn -0.3602 0.6921 0.6255
vn -0.3322 0.7114 0.6193
vn 0.3172 0.0548 0.9468
vn 0.3169 0.0558 0.9468
vn 0.6178 -0.6738 0.4053
vn 0.6193 -0.6696 0.4101
vn 0.2712 -0.7570 -0.5945
vn 0.2660 -0.7556 -0.5986
vn -0.3499 -0.0792 -0.9334
vn -0.3506 -0.0787 -0.9332
vn -0.6446 0.6548 -0.3946
vn -0.6432 0.6530 -0.3999
vn -0.2979 0.7374 0.6063
vn -0.2961 0.7343 0.6109
vn 0.3042 0.1014 0.9472
vn 0.2720 0.1402 0.9520
vn 0.2704 0.1381 0.9528
vn 0.2950 0.1092 0.9492
vn 0.5103 -0.3671 0.7777
vn 0.4330 -0.1114 0.8945
vn 0.4315 -0.1717 0.8856
vn 0.4844 -0.4167 0.7692
vn 0.6009 -0.2633 0.7547
vn 0.5186 -0.1068 0.8483
vn 0.3108 0.0946 0.9458
vn 0.2720 0.1401 0.9521
vn 0.6751 -0.2264 0.7022
vn 0.4562 -0.0355 0.8892
vn 0.2894 0.1200 0.9497
vn 0.2721 0.1402 0.9520
vn -0.3621 -0.0327 -0.9316
vn -0.3709 -0.0248 -0.9283
vn -0.3935 0.0042 -0.9193
vn -0.3918 0.0064 -0.9200
vn -0.0696 -0.4915 -0.8681
vn -0.0817 -0.5400 -0.8377
vn -0.2110 -0.3036 -0.9292
vn -0.2184 -0.2440 -0.9449
vn 0.0104 -0.3870 -0.9220
vn -0.1225 -0.2373 -0.9637
vn -0.3558 -0.0395 -0.9337
vn -0.3918 0.0063 -0.9200
vn 0.0998 -0.3461 -0.9329
vn -0.2009 -0.1682 -0.9651
vn -0.3759 -0.0140 -0.9265
vn -0.3917 0.0065 -0.9201
vn -0.8900 -0.2992 0.3440
vn -0.9273 -0.1499 0.3431
vn -0.9118 -0.2233 0.3446
vn 0.4823 0.8394 -0.2506
vn 0.5705 0.7736 -0.2757
vn 0.3947 0.8910 -0.2244
vn 0.1851 0.7861 -0.5897
vn 0.3267 0.9432 0.0604
vn 0.2962 0.9377 -0.1817
vn 0.1111 0.6523 -0.7498
vn 0.2914 0.6802 0.6726
vn 0.3225 0.8086 0.4921
vn 0.1290 0.2047 0.9703
vn 0.1936 0.3772 0.9057
vn -0.0897 -0.3015 0.9492
vn -0.0107 -0.1298 0.9915
vn -0.3203 -0.7335 0.5995
vn -0.2441 -0.6035 0.7591
vn -0.4637 -0.8850 -0.0429
vn -0.4331 -0.8798 0.1959
vn -0.4232 -0.6308 -0.6504
vn -0.4558 -0.7557 -0.4703
vn -0.2557 -0.1635 -0.9528
vn -0.3216 -0.3341 -0.8860
vn -0.0389 0.3442 -0.9381
vn -0.1165 0.1709 -0.9784
vn -0.9462 0.3036 0.1122
vn 0.3012 0.6821 -0.6663
vn 0.6433 0.7597 -0.0947
vn 0.5118 0.8351 -0.2017
vn 0.1681 0.6395 -0.7502
vn 0.6668 0.5447 0.5086
vn 0.5981 0.6713 0.4377
vn 0.4174 0.1673 0.8932
vn 0.4083 0.2854 0.8671
vn -0.0018 -0.2355 0.9719
vn 0.0512 -0.1646 0.9850
vn -0.4718 -0.5321 0.7030
vn -0.3563 -0.5567 0.7504
vn -0.7953 -0.5860 0.1556
vn -0.6551 -0.7264 0.2079
vn -0.8245 -0.3806 -0.4188
vn -0.7092 -0.5839 -0.3950
vn -0.5913 -0.0295 -0.8059
vn -0.5405 -0.2267 -0.8102
vn -0.1818 0.3622 -0.9142
vn -0.2284 0.2187 -0.9487
vn -0.1819 0.3622 -0.9142
vn -0.2284 0.2188 -0.9487
vn 0.4640 0.5907 -0.6601
vn 0.8347 0.5273 -0.1586
vn 0.8614 0.3112 0.4015
vn 0.5657 0.0326 0.8240
vn 0.0344 -0.2144 0.9761
vn -0.5492 -0.3308 0.7674
vn -0.9250 -0.2639 0.2735
vn -0.9560 -0.0543 -0.2882
vn -0.6554 0.2194 -0.7227
vn -0.1166 0.4680 -0.8760
vn -0.1165 0.4680 -0.8760
vn 0.6156 0.3811 -0.6898
vn 0.9522 0.2085 -0.2232
vn 0.9457 0.0239 0.3243
vn 0.6091 -0.1160 0.7846
vn 0.0339 -0.1532 0.9876
vn -0.5540 -0.0649 0.8300
vn -0.9169 0.1078 0.3844
vn -0.9370 0.2992 -0.1803
vn -0.5921 0.4435 -0.6729
vn 0.0162 0.4767 -0.8789
vn 0.6882 -0.1543 0.7089
vn 0.7432 -0.1789 0.6447
vn 0.6884 -0.1534 0.7089
vn 0.6766 -0.1481 0.7213
vn -0.1798 0.0886 0.9797
vn -0.1312 0.0484 0.9902
vn -0.1897 0.0968 0.9771
vn -0.4770 0.7037 -0.5265
vn -0.4095 0.7113 -0.5712
vn -0.4886 0.7019 -0.5183
vn 0.4336 0.4274 -0.7933
vn 0.5225 0.4032 -0.7513
vn 0.4175 0.4312 -0.7998
vn -0.1851 0.7861 -0.5897
vn -0.1111 0.6523 -0.7498
vn -0.2953 0.9380 -0.1816
vn -0.3263 0.9433 0.0605
vn -0.3225 0.8086 0.4921
vn -0.2914 0.6802 0.6726
vn -0.1936 0.3772 0.9057
vn -0.1290 0.2047 0.9703
vn 0.0107 -0.1298 0.9915
vn 0.0897 -0.3015 0.9492
vn 0.2441 -0.6035 0.7591
vn 0.3203 -0.7335 0.5995
vn 0.4331 -0.8798 0.1959
vn 0.4637 -0.8850 -0.0429
vn 0.4568 -0.7552 -0.4701
vn 0.4232 -0.6308 -0.6504
vn 0.3215 -0.3341 -0.8860
vn 0.2557 -0.1635 -0.9528
vn 0.1164 0.1708 -0.9784
vn 0.0389 0.3442 -0.9381
vn 0.0388 0.3442 -0.9381
vn 0.1165 0.1708 -0.9784
vn -0.3012 0.6822 -0.6663
vn -0.1681 0.6395 -0.7502
vn -0.5118 0.8351 -0.2017
vn -0.6433 0.7597 -0.0947
vn -0.5981 0.6713 0.4377
vn -0.6668 0.5447 0.5086
vn -0.4083 0.2854 0.8671
vn -0.4174 0.1673 0.8932
vn -0.0512 -0.1646 0.9850
vn 0.0018 -0.2355 0.9719
vn 0.3563 -0.5567 0.7504
vn 0.4718 -0.5321 0.7030
vn 0.6551 -0.7264 0.2079
vn 0.7953 -0.5859 0.1556
vn 0.7092 -0.5839 -0.3950
vn 0.8245 -0.3806 -0.4188
vn 0.5406 -0.2267 -0.8102
vn 0.5913 -0.0295 -0.8059
vn 0.2284 0.2188 -0.9487
vn 0.1819 0.3621 -0.9142
vn 0.1818 0.3622 -0.9142
vn -0.8347 0.5273 -0.1586
vn -0.4640 0.5907 -0.6601
vn -0.8614 0.3112 0.4015
vn -0.5657 0.0326 0.8240
vn -0.0344 -0.2144 0.9761
vn 0.5492 -0.3308 0.7674
vn 0.9250 -0.2639 0.2735
vn 0.9560 -0.0543 -0.2882
vn 0.6554 0.2194 -0.7227
vn 0.1165 0.4680 -0.8760
vn -0.9522 0.2084 -0.2231
vn -0.6156 0.3811 -0.6898
vn -0.9457 0.0239 0.3243
vn -0.6090 -0.1160 0.7846
vn -0.0339 -0.1532 0.9876
vn 0.5540 -0.0649 0.8300
vn 0.9168 0.1078 0.3844
vn 0.9370 0.2992 -0.1802
vn 0.5921 0.4435 -0.6728
vn -0.0163 0.4767 -0.8789
vn -0.0162 0.4767 -0.8789
vn -0.6884 -0.1534 0.7089
vn -0.6767 -0.1481 0.7213
vn -0.6885 -0.1534 0.7088
vn -0.7433 -0.1789 0.6446
vn 0.1798 0.0886 0.9797
vn 0.1897 0.0968 0.9771
vn 0.1313 0.0484 0.9902
vn 0.4771 0.7037 -0.5265
vn 0.4886 0.7019 -0.5183
vn 0.4770 0.7037 -0.5265
vn 0.4093 0.7113 -0.5714
vn -0.4336 0.4274 -0.7933
vn -0.4174 0.4312 -0.7999
vn -0.5228 0.4031 -0.7512
vn 0.3489 -0.8584 -0.3759
vn 0.9535 0.0003 0.3012
vt 0.198708 0.637534
vt 0.234555 0.810452
vt 0.237885 0.660782
vt 0.156512 0.657538
vt 0.157310 0.809737
vt 0.032586 0.305514
vt 0.138994 0.214943
vt 0.032703 0.214805
vt 0.344498 0.305514
vt 0.344615 0.215210
vt 0.226915 0.215057
vt 0.344863 0.024180
vt 0.227035 0.122413
vt 0.344735 0.122566
vt 0.555366 0.620808
vt 0.525425 0.621990
vt 0.545979 0.640150
vt 0.703497 0.632040
vt 0.703766 0.644967
vt 0.709725 0.620711
vt 0.751722 0.631037
vt 0.745762 0.655292
vt 0.751990 0.643963
vt 0.408401 0.317210
vt 0.426405 0.315345
vt 0.390399 0.315345
vt 0.408393 0.317216
vt 0.426397 0.315351
vt 0.390392 0.315351
vt 0.627038 0.072824
vt 0.629668 0.078340
vt 0.650736 0.078532
vt 0.675500 0.071756
vt 0.672445 0.078298
vt 0.600993 0.074672
vt 0.579813 0.068877
vt 0.582426 0.074473
vt 0.621262 0.069791
vt 0.619012 0.074508
vt 0.220644 0.128904
vt 0.207065 0.139746
vt 0.220956 0.139618
vt 0.220638 0.128912
vt 0.220949 0.139623
vt 0.207062 0.139750
vt 0.949122 0.597231
vt 0.955406 0.598935
vt 0.961638 0.596347
vt 0.961430 0.578168
vt 0.955147 0.576465
vt 0.948914 0.579054
vt 0.949123 0.597232
vt 0.961638 0.596348
vt 0.860312 0.451857
vt 0.874741 0.453387
vt 0.868700 0.443409
vt 0.537019 0.284964
vt 0.536350 0.273283
vt 0.546464 0.281809
vt 0.204156 0.857615
vt 0.271518 0.856214
vt 0.271518 0.901396
vt 0.204156 0.899995
vt 0.010645 0.858310
vt 0.010645 0.899297
vt 0.008767 0.853584
vt 0.152514 0.854868
vt 0.147622 0.650113
vt 0.012735 0.644234
vt 0.059247 0.588517
vt 0.087227 0.575408
vt 0.204111 0.622597
vt 0.204330 0.573554
vt 0.009995 0.569599
vt 0.316824 0.570065
vt 0.316985 0.334568
vt 0.010155 0.334103
vt 0.566967 0.211539
vt 0.566967 0.239347
vt 0.629407 0.242384
vt 0.629108 0.214280
vt 0.705424 0.239521
vt 0.705742 0.213331
vt 0.773908 0.241927
vt 0.774203 0.215096
vt 0.822129 0.240247
vt 0.822129 0.214523
vt 0.514444 0.402537
vt 0.514444 0.415372
vt 0.526844 0.415372
vt 0.526844 0.402537
vt 0.551999 0.402537
vt 0.551999 0.415372
vt 0.564669 0.415372
vt 0.564669 0.402537
vt 0.481995 0.432843
vt 0.471706 0.449305
vt 0.481995 0.454792
vt 0.492285 0.449305
vt 0.492285 0.438331
vt 0.627840 0.440285
vt 0.649325 0.454437
vt 0.638135 0.450043
vt 0.587934 0.407259
vt 0.582871 0.420766
vt 0.588185 0.439122
vt 0.595805 0.411663
vt 0.576238 0.424739
vt 0.583448 0.435461
vt 0.645320 0.565656
vt 0.663068 0.565657
vt 0.663068 0.557037
vt 0.628080 0.565656
vt 0.645320 0.557037
vt 0.611505 0.565656
vt 0.628080 0.557037
vt 0.611503 0.557037
vt 0.595075 0.565662
vt 0.595073 0.557045
vt 0.579433 0.565670
vt 0.579431 0.557052
vt 0.682203 0.565656
vt 0.682203 0.557036
vt 0.680069 0.478679
vt 0.687342 0.468265
vt 0.658207 0.468260
vt 0.665470 0.478685
vt 0.665506 0.457893
vt 0.680029 0.457886
vt 0.616080 0.372041
vt 0.619967 0.373248
vt 0.622910 0.364541
vt 0.619586 0.360479
vt 0.576422 0.367054
vt 0.572607 0.369039
vt 0.574931 0.380349
vt 0.579220 0.380289
vt 0.618617 0.383510
vt 0.573607 0.390062
vt 0.578360 0.393861
vt 0.614474 0.383641
vt 0.615443 0.396067
vt 0.620348 0.393075
vt 0.573305 0.354868
vt 0.576423 0.367054
vt 0.569637 0.359136
vt 0.614475 0.383641
vt 0.573306 0.354868
vt 0.595079 0.577424
vt 0.611507 0.577419
vt 0.628080 0.577419
vt 0.645320 0.577419
vt 0.663068 0.577419
vt 0.579439 0.577431
vt 0.475770 0.455325
vt 0.466987 0.462784
vt 0.468340 0.475726
vt 0.478477 0.481208
vt 0.347338 0.540059
vt 0.364235 0.537567
vt 0.361352 0.520540
vt 0.342683 0.476976
vt 0.361217 0.475862
vt 0.362972 0.459025
vt 0.344748 0.457135
vt 0.344424 0.520271
vt 0.220222 0.595179
vt 0.232442 0.591968
vt 0.233884 0.586760
vt 0.219438 0.583879
vt 0.235697 0.577649
vt 0.221250 0.574774
vt 0.222594 0.604159
vt 0.234799 0.600948
vt 0.210959 0.595820
vt 0.210177 0.584519
vt 0.308714 0.586081
vt 0.310371 0.601710
vt 0.315830 0.600895
vt 0.317127 0.586207
vt 0.325129 0.601731
vt 0.326425 0.587016
vt 0.299412 0.587062
vt 0.301074 0.602722
vt 0.311744 0.611057
vt 0.317252 0.610242
vt 0.308859 0.577039
vt 0.317253 0.577163
vt 0.358855 0.609095
vt 0.358383 0.584027
vt 0.338193 0.584865
vt 0.338663 0.609932
vt 0.414243 0.614163
vt 0.418771 0.594355
vt 0.399013 0.589480
vt 0.394498 0.609284
vt 0.748398 0.675457
vt 0.748784 0.691477
vt 0.659783 0.688498
vt 0.660428 0.678715
vt 0.578565 0.691342
vt 0.579945 0.676595
vt 0.735680 0.392351
vt 0.834453 0.392351
vt 0.835030 0.382989
vt 0.735271 0.377828
vt 0.836912 0.346779
vt 0.737131 0.341597
vt 0.735672 0.428636
vt 0.834459 0.428636
vt 0.358854 0.609097
vt 0.338661 0.609932
vt 0.338191 0.584864
vt 0.358382 0.584027
vt 0.414245 0.614164
vt 0.394499 0.609285
vt 0.399014 0.589479
vt 0.418774 0.594355
vt 0.139115 0.122299
vt 0.032824 0.122161
vt 0.367259 0.122595
vt 0.367259 0.024180
vt 0.367259 0.215239
vt 0.367259 0.305514
vt 0.010555 0.024180
vt 0.010428 0.122132
vt 0.032951 0.024180
vt 0.010307 0.214776
vt 0.032980 0.001349
vt 0.344892 0.001754
vt 0.032557 0.327476
vt 0.344469 0.327881
vt 0.362282 0.405026
vt 0.362002 0.420574
vt 0.366540 0.420627
vt 0.366819 0.405137
vt 0.330516 0.419972
vt 0.344622 0.438430
vt 0.364777 0.424145
vt 0.373688 0.436665
vt 0.353504 0.450978
vt 0.330767 0.404645
vt 0.366541 0.420627
vt 0.364778 0.424144
vt 0.579622 0.625485
vt 0.557362 0.640988
vt 0.564761 0.662583
vt 0.580476 0.661685
vt 0.535133 0.601239
vt 0.526845 0.603327
vt 0.515615 0.633980
vt 0.533779 0.656167
vt 0.523988 0.718247
vt 0.550740 0.718669
vt 0.576483 0.581689
vt 0.554962 0.581699
vt 0.554955 0.597452
vt 0.576476 0.597484
vt 0.588662 0.581696
vt 0.588654 0.597490
vt 0.678338 0.581744
vt 0.669282 0.581740
vt 0.669273 0.597537
vt 0.678328 0.597542
vt 0.636647 0.581726
vt 0.608401 0.581707
vt 0.608393 0.597502
vt 0.636638 0.597515
vt 0.487466 0.581644
vt 0.487458 0.597440
vt 0.769639 0.651693
vt 0.776566 0.655127
vt 0.776876 0.635825
vt 0.767555 0.635563
vt 0.786196 0.636039
vt 0.769050 0.656354
vt 0.776390 0.660423
vt 0.783467 0.656971
vt 0.783360 0.652036
vt 0.789129 0.652754
vt 0.791961 0.636729
vt 0.763891 0.652210
vt 0.761781 0.636010
vt 0.721785 0.662257
vt 0.745028 0.619977
vt 0.733703 0.613746
vt 0.720782 0.614015
vt 0.710460 0.656026
vt 0.734706 0.661988
vt 0.600539 0.939346
vt 0.600318 0.907033
vt 0.611602 0.906953
vt 0.611815 0.939264
vt 0.918026 0.263616
vt 0.931187 0.286410
vt 0.957508 0.286196
vt 0.970667 0.263616
vt 0.957508 0.240822
vt 0.931187 0.240822
vt 0.239664 0.713314
vt 0.258710 0.746302
vt 0.296801 0.745992
vt 0.315846 0.713314
vt 0.296801 0.680327
vt 0.258710 0.680327
vt 0.621440 0.720752
vt 0.616770 0.720752
vt 0.616770 0.727266
vt 0.621440 0.727266
vt 0.982500 0.722041
vt 0.989364 0.722142
vt 0.988048 0.694953
vt 0.981184 0.694852
vt 0.995131 0.718586
vt 0.994168 0.698683
vt 0.975416 0.698408
vt 0.976380 0.718311
vt 0.972290 0.704667
vt 0.998258 0.712327
vt 0.997905 0.705042
vt 0.632629 0.660273
vt 0.632629 0.652215
vt 0.585126 0.652215
vt 0.632629 0.644505
vt 0.585126 0.644505
vt 0.632629 0.636445
vt 0.585126 0.636445
vt 0.632629 0.628080
vt 0.632629 0.620657
vt 0.585126 0.620657
vt 0.585126 0.628079
vt 0.632629 0.612305
vt 0.585126 0.612305
vt 0.664117 0.425566
vt 0.656733 0.437835
vt 0.664181 0.450016
vt 0.679015 0.449938
vt 0.686402 0.437669
vt 0.678953 0.425479
vt 0.862652 0.294818
vt 0.900958 0.295147
vt 0.901080 0.287611
vt 0.862738 0.287145
vt 0.900850 0.261062
vt 0.862513 0.260394
vt 0.901105 0.248424
vt 0.862745 0.247734
vt 0.908542 0.288975
vt 0.913220 0.263350
vt 0.850116 0.262865
vt 0.855231 0.288633
vt 0.968933 0.438529
vt 0.968933 0.541315
vt 0.990302 0.541315
vt 0.990302 0.438529
vt 0.990302 0.377804
vt 0.990301 0.275017
vt 0.968932 0.275017
vt 0.968933 0.377804
vt 0.838109 0.242946
vt 0.882559 0.242946
vt 0.882627 0.220025
vt 0.838109 0.220025
vt 0.882559 0.214516
vt 0.838109 0.214516
vt 0.761114 0.125281
vt 0.793028 0.125281
vt 0.793028 0.108849
vt 0.761162 0.108849
vt 0.888136 0.242947
vt 0.888136 0.220025
vt 0.755083 0.109138
vt 0.731835 0.108988
vt 0.729677 0.121890
vt 0.757076 0.122066
vt 0.919081 0.230139
vt 0.919296 0.175990
vt 0.893660 0.179994
vt 0.893562 0.225961
vt 0.891819 0.169066
vt 0.917552 0.164869
vt 0.891845 0.236798
vt 0.917357 0.240962
vt 0.743574 0.104480
vt 0.850272 0.102825
vt 0.850272 0.088665
vt 0.743574 0.088665
vt 0.850272 0.020501
vt 0.743574 0.020501
vt 0.850272 0.003030
vt 0.865709 0.090825
vt 0.865709 0.015405
vt 0.728224 0.016685
vt 0.727304 0.092105
vt 0.983460 0.080071
vt 0.883113 0.080071
vt 0.883113 0.088298
vt 0.983460 0.088298
vt 0.883113 0.147522
vt 0.983460 0.147522
vt 0.883113 0.154776
vt 0.983460 0.155066
vt 0.873752 0.076169
vt 0.992940 0.076169
vt 0.992940 0.005826
vt 0.873752 0.005826
vt 0.991462 0.147522
vt 0.991462 0.088298
vt 0.952457 0.996821
vt 0.970560 0.997140
vt 0.970981 0.973276
vt 0.955902 0.974128
vt 0.624658 0.959808
vt 0.613835 0.988165
vt 0.623014 0.991721
vt 0.633890 0.963368
vt 0.639268 0.971669
vt 0.632533 0.989195
vt 0.615092 0.962349
vt 0.608834 0.970042
vt 0.608284 0.979956
vt 0.223918 0.910653
vt 0.233000 0.910653
vt 0.233000 0.907305
vt 0.223918 0.907305
vt 0.242220 0.910653
vt 0.242220 0.907305
vt 0.251161 0.910653
vt 0.251160 0.907305
vt 0.260035 0.910653
vt 0.260035 0.907305
vt 0.268544 0.910653
vt 0.268544 0.907305
vt 0.277163 0.910653
vt 0.277163 0.907305
vt 0.207906 0.910653
vt 0.215683 0.910653
vt 0.215683 0.907305
vt 0.207906 0.907305
vt 0.853675 0.858557
vt 0.855302 0.845863
vt 0.843172 0.844352
vt 0.841518 0.857027
vt 0.649959 0.965912
vt 0.696430 0.965912
vt 0.696430 0.952047
vt 0.649959 0.952047
vt 0.696430 0.972673
vt 0.649959 0.972673
vt 0.649959 0.984788
vt 0.696430 0.984788
vt 0.649959 0.991922
vt 0.696430 0.991922
vt 0.958798 0.528001
vt 0.958798 0.513416
vt 0.892225 0.513416
vt 0.892225 0.528002
vt 0.892225 0.495377
vt 0.892225 0.507565
vt 0.958798 0.507565
vt 0.958798 0.495376
vt 0.958798 0.490659
vt 0.892225 0.490659
vt 0.650085 0.965852
vt 0.696430 0.965852
vt 0.650085 0.952047
vt 0.696430 0.972605
vt 0.650085 0.972605
vt 0.650085 0.984705
vt 0.696430 0.984705
vt 0.650085 0.991922
vt 0.958798 0.513415
vt 0.892225 0.513415
vt 0.892225 0.528001
vt 0.958798 0.490658
vt 0.892225 0.490658
vt 0.592711 0.965417
vt 0.588222 0.951603
vt 0.550219 0.951608
vt 0.545739 0.965419
vt 0.550215 0.979216
vt 0.588215 0.979224
vt 0.576476 0.987751
vt 0.561961 0.987757
vt 0.576475 0.943077
vt 0.561967 0.943074
vt 0.797692 0.676526
vt 0.795813 0.667596
vt 0.772302 0.670825
vt 0.773357 0.675835
vt 0.792431 0.659122
vt 0.770406 0.666076
vt 0.791452 0.693604
vt 0.795301 0.685331
vt 0.772017 0.680774
vt 0.769856 0.685414
vt 0.797702 0.676526
vt 0.795820 0.667591
vt 0.772294 0.670822
vt 0.773350 0.675834
vt 0.792437 0.659110
vt 0.770398 0.666069
vt 0.791458 0.693615
vt 0.795308 0.685336
vt 0.772010 0.680776
vt 0.769848 0.685420
vt 0.792437 0.659111
vt 0.791457 0.693615
vt 0.743085 0.844945
vt 0.745467 0.860837
vt 0.760808 0.858542
vt 0.758528 0.842570
vt 0.853675 0.858558
vt 0.452325 0.997102
vt 0.468568 0.991563
vt 0.467918 0.946644
vt 0.451523 0.941579
vt 0.435280 0.947116
vt 0.435936 0.992037
vt 0.478205 0.960378
vt 0.478449 0.977536
vt 0.425400 0.961144
vt 0.425649 0.978301
vt 0.397306 0.942556
vt 0.382211 0.947218
vt 0.381609 0.988578
vt 0.396562 0.993678
vt 0.412259 0.947656
vt 0.411657 0.989014
vt 0.421357 0.960570
vt 0.421130 0.976369
vt 0.372738 0.959864
vt 0.372511 0.975662
vt 0.798102 0.885738
vt 0.814208 0.917624
vt 0.826405 0.906006
vt 0.789242 0.887569
vt 0.786081 0.886458
vt 0.767554 0.919929
vt 0.782798 0.925228
vt 0.173513 0.155390
vt 0.183231 0.155676
vt 0.188423 0.147431
vt 0.168910 0.146914
vt 0.183467 0.139131
vt 0.174377 0.138546
vt 0.194991 0.179274
vt 0.207891 0.172147
vt 0.207779 0.158104
vt 0.194765 0.151186
vt 0.181864 0.158313
vt 0.181977 0.172356
vt 0.795787 0.887974
vt 0.456386 0.334431
vt 0.433241 0.334431
vt 0.433241 0.347763
vt 0.351838 0.334431
vt 0.325524 0.334431
vt 0.325524 0.347763
vt 0.351838 0.347763
vt 0.371053 0.334431
vt 0.371053 0.347763
vt 0.390364 0.334431
vt 0.390364 0.347763
vt 0.412002 0.334431
vt 0.412002 0.347763
vt 0.377220 0.266889
vt 0.372396 0.289371
vt 0.444407 0.289371
vt 0.439584 0.266889
vt 0.439584 0.306837
vt 0.377220 0.306837
vt 0.390363 0.347763
vt 0.390363 0.334431
vt 0.456386 0.347763
vt 0.478889 0.347763
vt 0.478889 0.334431
vt 0.559262 0.348354
vt 0.505244 0.347769
vt 0.505244 0.397436
vt 0.559262 0.397062
vt 0.456379 0.334437
vt 0.433234 0.334437
vt 0.433234 0.347769
vt 0.351830 0.334437
vt 0.325517 0.334437
vt 0.325517 0.347769
vt 0.351830 0.347769
vt 0.371046 0.334437
vt 0.390356 0.334437
vt 0.371046 0.347769
vt 0.390356 0.347769
vt 0.411994 0.334437
vt 0.411994 0.347769
vt 0.377213 0.266895
vt 0.372389 0.289377
vt 0.444399 0.289377
vt 0.439576 0.266895
vt 0.439576 0.306843
vt 0.377213 0.306843
vt 0.628535 0.029757
vt 0.650762 0.029757
vt 0.600970 0.032956
vt 0.619981 0.032956
vt 0.674432 0.029758
vt 0.580727 0.032956
vt 0.174822 0.136832
vt 0.189025 0.136979
vt 0.191327 0.128441
vt 0.176133 0.126594
vt 0.212013 0.185213
vt 0.222181 0.184952
vt 0.174829 0.136837
vt 0.176141 0.126603
vt 0.191329 0.128449
vt 0.189029 0.136985
vt 0.222174 0.184944
vt 0.212009 0.185205
vt 0.223976 0.196470
vt 0.213034 0.197378
vt 0.213019 0.206849
vt 0.223957 0.207798
vt 0.186358 0.196200
vt 0.152191 0.196168
vt 0.152185 0.207900
vt 0.186344 0.207939
vt 0.143715 0.195955
vt 0.143715 0.208114
vt 0.029076 0.989527
vt 0.085869 0.982982
vt 0.085950 0.973428
vt 0.028546 0.972752
vt 0.029073 0.919083
vt 0.086440 0.919348
vt 0.086530 0.909799
vt 0.029941 0.902334
vt 0.160624 0.973789
vt 0.161108 0.920146
vt 0.144866 0.920019
vt 0.144381 0.973663
vt 0.012803 0.918944
vt 0.012275 0.972612
vt 0.144329 0.903285
vt 0.143542 0.990387
vt 0.223956 0.207798
vt 0.223974 0.196470
vt 0.029941 0.902335
vt 0.945111 0.584944
vt 0.945189 0.591887
vt 0.965441 0.590457
vt 0.965362 0.583513
vt 0.965441 0.590458
vt 0.432887 0.915098
vt 0.447248 0.915094
vt 0.448154 0.849959
vt 0.431404 0.851894
vt 0.448393 0.833024
vt 0.533533 0.849959
vt 0.533772 0.833024
vt 0.535639 0.764845
vt 0.450253 0.764845
vt 0.450110 0.828183
vt 0.535500 0.828183
vt 0.432886 0.915347
vt 0.431404 0.851905
vt 0.532626 0.915094
vt 0.535638 0.764845
vt 0.535498 0.828183
vt 0.450254 0.764845
vt 0.549546 0.839804
vt 0.686557 0.839804
vt 0.686557 0.766420
vt 0.549546 0.766420
vt 0.551589 0.891219
vt 0.684735 0.891406
vt 0.728195 0.378410
vt 0.728242 0.345495
vt 0.712121 0.343125
vt 0.712069 0.380736
vt 0.695325 0.345451
vt 0.695278 0.378366
vt 0.940809 0.297498
vt 0.899813 0.300379
vt 0.899998 0.325679
vt 0.900832 0.373884
vt 0.939885 0.344344
vt 0.900142 0.343649
vt 0.868001 0.372721
vt 0.868660 0.345654
vt 0.866602 0.297789
vt 0.843504 0.298977
vt 0.844879 0.325713
vt 0.868319 0.324892
vt 0.844917 0.372430
vt 0.845249 0.345712
vt 0.939386 0.324138
vt 0.941715 0.371086
vt 0.944090 0.643423
vt 0.949905 0.657973
vt 0.988907 0.652063
vt 0.997019 0.642184
vt 0.941174 0.629693
vt 0.996136 0.628493
vt 0.947399 0.616345
vt 0.987859 0.615844
vt 0.975149 0.609363
vt 0.959784 0.608446
vt 0.977305 0.661967
vt 0.913207 0.453729
vt 0.911983 0.462700
vt 0.956080 0.463603
vt 0.957304 0.454633
vt 0.956794 0.479568
vt 0.913946 0.417646
vt 0.913480 0.437172
vt 0.957577 0.438075
vt 0.958044 0.418549
vt 0.912697 0.478665
vt 0.852377 0.444507
vt 0.844290 0.440132
vt 0.843951 0.458750
vt 0.836033 0.445066
vt 0.835864 0.454375
vt 0.993792 0.684717
vt 0.994203 0.671255
vt 0.983798 0.664368
vt 0.972933 0.670948
vt 0.972512 0.684500
vt 0.982962 0.691383
vt 0.726423 0.719640
vt 0.736393 0.719640
vt 0.736392 0.711134
vt 0.726423 0.711134
vt 0.717259 0.719640
vt 0.717259 0.711134
vt 0.706925 0.719640
vt 0.706925 0.711134
vt 0.696485 0.719640
vt 0.696485 0.711134
vt 0.685626 0.719640
vt 0.685627 0.711134
vt 0.746240 0.719640
vt 0.746240 0.711134
vt 0.962377 0.382209
vt 0.953389 0.409837
vt 0.962378 0.409832
vt 0.917808 0.382206
vt 0.908728 0.382209
vt 0.908733 0.409840
vt 0.917813 0.409832
vt 0.926084 0.382207
vt 0.926087 0.409835
vt 0.934492 0.382204
vt 0.934492 0.409835
vt 0.943949 0.382205
vt 0.943950 0.409833
vt 0.953388 0.382203
vt 0.765355 0.668489
vt 0.766762 0.663419
vt 0.756110 0.656121
vt 0.752188 0.659469
vt 0.761434 0.671836
vt 0.750782 0.664539
vt 0.756496 0.672182
vt 0.752426 0.669395
vt 0.765117 0.658563
vt 0.761048 0.655775
vt 0.755030 0.690070
vt 0.755121 0.691118
vt 0.767342 0.693549
vt 0.766882 0.688114
vt 0.752680 0.687988
vt 0.753539 0.688588
vt 0.761753 0.678759
vt 0.757282 0.675638
vt 0.929129 0.616217
vt 0.921653 0.618887
vt 0.920002 0.626975
vt 0.935022 0.621201
vt 0.925710 0.632243
vt 0.933476 0.629371
vt 0.857028 0.645947
vt 0.846384 0.658935
vt 0.853634 0.664879
vt 0.862578 0.661358
vt 0.864277 0.651892
vt 0.848080 0.649470
vt 0.836061 0.189941
vt 0.871098 0.177117
vt 0.853693 0.205576
vt 0.835760 0.168035
vt 0.848132 0.147715
vt 0.862902 0.142782
vt 0.852146 0.130615
vt 0.529300 0.311967
vt 0.529108 0.297958
vt 0.551706 0.303766
vt 0.540575 0.321965
vt 0.527892 0.933630
vt 0.538348 0.933583
vt 0.538309 0.923126
vt 0.527846 0.923165
vt 0.625545 0.417834
vt 0.616979 0.448089
vt 0.594928 0.445071
vt 0.655666 0.463990
vt 0.654573 0.448402
vt 0.565258 0.430230
vt 0.560053 0.438792
vt 0.569873 0.436974
vt 0.474983 0.279034
vt 0.497509 0.277984
vt 0.487295 0.270060
vt 0.476619 0.318946
vt 0.486572 0.327711
vt 0.494340 0.318109
vt 0.413139 0.551358
vt 0.417025 0.526779
vt 0.430646 0.563410
vt 0.389300 0.557957
vt 0.388884 0.402444
vt 0.421084 0.413119
vt 0.396349 0.432831
vt 0.468690 0.743511
vt 0.475418 0.747458
vt 0.478038 0.731446
vt 0.510176 0.746045
vt 0.501252 0.732821
vt 0.502587 0.749301
vt 0.506222 0.709553
vt 0.498085 0.704042
vt 0.499863 0.717505
vt 0.474427 0.709006
vt 0.480238 0.716706
vt 0.482262 0.703522
vt 0.502117 0.686692
vt 0.495074 0.681746
vt 0.496119 0.691673
vt 0.477232 0.686534
vt 0.483963 0.691341
vt 0.484430 0.681347
vt 0.500697 0.658278
vt 0.494735 0.654680
vt 0.494075 0.664108
vt 0.478454 0.657938
vt 0.485060 0.663744
vt 0.484474 0.654310
vt 0.500532 0.639841
vt 0.496369 0.635093
vt 0.494899 0.644346
vt 0.478967 0.639371
vt 0.484513 0.643967
vt 0.483350 0.634710
vt 0.503024 0.617634
vt 0.498736 0.615408
vt 0.497418 0.625613
vt 0.477373 0.617081
vt 0.482697 0.625220
vt 0.481834 0.614997
vt 0.481508 0.413066
vt 0.480532 0.414847
vt 0.480974 0.416919
vt 0.564173 0.517083
vt 0.559639 0.500179
vt 0.530028 0.514377
vt 0.551360 0.487118
vt 0.532862 0.478079
vt 0.523434 0.483948
vt 0.510684 0.484103
vt 0.498154 0.500666
vt 0.495473 0.519836
vt 0.501886 0.533329
vt 0.509988 0.544475
vt 0.525011 0.551055
vt 0.546770 0.546941
vt 0.559945 0.535375
vt 0.534909 0.661859
vt 0.534258 0.665116
vt 0.551174 0.674648
vt 0.532890 0.668571
vt 0.532254 0.671591
vt 0.532811 0.675943
vt 0.534498 0.679799
vt 0.552799 0.652439
vt 0.550855 0.652380
vt 0.547589 0.652918
vt 0.543878 0.653910
vt 0.540716 0.655090
vt 0.539240 0.656581
vt 0.536769 0.659202
vt 0.877978 0.856483
vt 0.877232 0.872658
vt 0.889929 0.851614
vt 0.905011 0.870715
vt 0.902126 0.972930
vt 0.877310 0.972490
vt 0.890365 0.983221
vt 0.878460 0.981310
vt 0.905096 0.852899
vt 0.901777 0.982274
vt 0.723741 0.946973
vt 0.722927 0.960191
vt 0.736016 0.945534
vt 0.736322 0.974965
vt 0.725525 0.973947
vt 0.828994 0.946923
vt 0.845428 0.959954
vt 0.843442 0.947405
vt 0.831004 0.976284
vt 0.844607 0.974824
vt 0.972286 0.964119
vt 0.943732 0.957997
vt 0.944710 0.863614
vt 0.970146 0.858760
vt 0.955654 0.852027
vt 0.968477 0.850066
vt 0.945665 0.969435
vt 0.945065 0.855897
vt 0.260362 0.824402
vt 0.258718 0.830026
vt 0.255089 0.827156
vt 0.256301 0.820871
vt 0.250601 0.822925
vt 0.248926 0.828532
vt 0.252981 0.832101
vt 0.252928 0.820876
vt 0.254644 0.815113
vt 0.248278 0.816496
vt 0.250476 0.811502
vt 0.244596 0.813614
vt 0.242846 0.819357
vt 0.247009 0.823010
vt 0.275191 0.846095
vt 0.272207 0.849169
vt 0.274373 0.844567
vt 0.276356 0.841025
vt 0.274536 0.839067
vt 0.271571 0.842145
vt 0.270407 0.847178
vt 0.259081 0.843251
vt 0.262060 0.840121
vt 0.259253 0.837672
vt 0.263258 0.834998
vt 0.261475 0.833043
vt 0.258515 0.836177
vt 0.257318 0.841262
vt 0.503285 0.920274
vt 0.497208 0.920274
vt 0.502118 0.935389
vt 0.492432 0.920274
vt 0.486946 0.920274
vt 0.492081 0.935389
vt 0.524836 0.920274
vt 0.519326 0.920274
vt 0.524730 0.935389
vt 0.480603 0.979707
vt 0.491431 0.994171
vt 0.506829 0.968376
vt 0.508694 0.999504
vt 0.525797 0.993671
vt 0.536202 0.978901
vt 0.535943 0.960833
vt 0.525109 0.946372
vt 0.507847 0.941039
vt 0.490749 0.946871
vt 0.480338 0.961641
vt 0.684567 0.662749
vt 0.696486 0.646341
vt 0.665273 0.636200
vt 0.696486 0.626060
vt 0.684567 0.609652
vt 0.665273 0.603384
vt 0.648314 0.612855
vt 0.637833 0.627283
vt 0.637833 0.645118
vt 0.648314 0.659545
vt 0.665273 0.665057
vt 0.850508 0.375082
vt 0.838249 0.383533
vt 0.850252 0.386839
vt 0.842025 0.128282
vt 0.850396 0.112569
vt 0.235704 0.841928
vt 0.156016 0.842307
vt 0.838848 0.293986
vt 0.836522 0.271306
vt 0.789349 0.276038
vt 0.788994 0.292912
vt 0.836139 0.250269
vt 0.790060 0.252294
vt 0.839620 0.315037
vt 0.790838 0.315774
vt 0.703195 0.252538
vt 0.701350 0.278026
vt 0.702717 0.294367
vt 0.705239 0.318423
vt 0.609743 0.278209
vt 0.612827 0.250235
vt 0.566104 0.247960
vt 0.561762 0.274868
vt 0.613589 0.295274
vt 0.561153 0.299301
vt 0.565614 0.326142
vt 0.617149 0.323913
vt 0.629533 0.183466
vt 0.566967 0.182011
vt 0.566967 0.126163
vt 0.566967 0.155223
vt 0.630310 0.156081
vt 0.631134 0.127271
vt 0.705984 0.185397
vt 0.706103 0.159074
vt 0.706733 0.130212
vt 0.774444 0.185479
vt 0.774579 0.158897
vt 0.775057 0.130741
vt 0.822129 0.186534
vt 0.822129 0.160647
vt 0.822129 0.132483
vt 0.577174 0.415372
vt 0.577174 0.402537
vt 0.502859 0.402537
vt 0.502859 0.415372
vt 0.539672 0.415372
vt 0.539672 0.402537
vt 0.471706 0.438331
vt 0.636580 0.476711
vt 0.635402 0.463953
vt 0.618635 0.472311
vt 0.617759 0.484532
vt 0.586407 0.477005
vt 0.589872 0.463947
vt 0.577521 0.450616
vt 0.570367 0.459338
vt 0.603285 0.468937
vt 0.600916 0.483027
vt 0.606649 0.448516
vt 0.610875 0.414923
vt 0.644722 0.427325
vt 0.626988 0.414531
vt 0.651492 0.439741
vt 0.526991 0.426368
vt 0.517179 0.429381
vt 0.520509 0.440363
vt 0.526439 0.438091
vt 0.508314 0.436417
vt 0.515598 0.445643
vt 0.501521 0.444148
vt 0.512137 0.450798
vt 0.550834 0.446378
vt 0.544670 0.438003
vt 0.536515 0.446600
vt 0.539503 0.452135
vt 0.536437 0.430110
vt 0.532131 0.440845
vt 0.596075 0.350114
vt 0.595279 0.364093
vt 0.596663 0.387825
vt 0.596749 0.401610
vt 0.596662 0.387825
vt 0.663136 0.518737
vt 0.663623 0.527478
vt 0.682644 0.526379
vt 0.682199 0.518654
vt 0.664859 0.537528
vt 0.683664 0.535253
vt 0.665810 0.546416
vt 0.684821 0.542976
vt 0.665566 0.491283
vt 0.664716 0.500080
vt 0.683415 0.502134
vt 0.684459 0.494459
vt 0.663572 0.510028
vt 0.682527 0.510949
vt 0.650936 0.398976
vt 0.674530 0.408171
vt 0.677767 0.395266
vt 0.652159 0.388592
vt 0.648781 0.407089
vt 0.670365 0.420597
vt 0.648387 0.353084
vt 0.650319 0.360342
vt 0.670686 0.351762
vt 0.666825 0.341071
vt 0.651689 0.369751
vt 0.674400 0.363557
vt 0.652289 0.378723
vt 0.676921 0.372844
vt 0.592214 0.524960
vt 0.590939 0.534915
vt 0.621449 0.540027
vt 0.620558 0.528554
vt 0.589752 0.547128
vt 0.622143 0.550196
vt 0.594670 0.490345
vt 0.594752 0.498591
vt 0.622521 0.497268
vt 0.623368 0.487949
vt 0.594036 0.507860
vt 0.621199 0.507995
vt 0.593124 0.516304
vt 0.620347 0.518145
vt 0.504364 0.430179
vt 0.515502 0.422763
vt 0.495900 0.438403
vt 0.549155 0.432091
vt 0.556986 0.441053
vt 0.538674 0.423660
vt 0.527252 0.419817
vt 0.682203 0.577419
vt 0.631173 0.386461
vt 0.628519 0.386594
vt 0.627696 0.394707
vt 0.630349 0.395717
vt 0.678766 0.408335
vt 0.682670 0.395377
vt 0.625912 0.401585
vt 0.628684 0.404191
vt 0.675939 0.418930
vt 0.629771 0.355089
vt 0.627119 0.357395
vt 0.628511 0.363821
vt 0.631029 0.362969
vt 0.674262 0.351414
vt 0.671635 0.342403
vt 0.628946 0.371478
vt 0.631482 0.371692
vt 0.678063 0.361880
vt 0.628892 0.378943
vt 0.631482 0.378980
vt 0.682244 0.374159
vt 0.645908 0.527751
vt 0.646756 0.537356
vt 0.647554 0.545266
vt 0.647633 0.492680
vt 0.646885 0.500323
vt 0.646005 0.509698
vt 0.645609 0.518685
vt 0.487257 0.473748
vt 0.485903 0.460807
vt 0.449069 0.329959
vt 0.448603 0.316962
vt 0.448902 0.277481
vt 0.450991 0.265335
vt 0.514716 0.278513
vt 0.512667 0.266454
vt 0.512826 0.330007
vt 0.514338 0.317901
vt 0.358009 0.500349
vt 0.344818 0.501772
vt 0.378054 0.519648
vt 0.377081 0.501295
vt 0.324464 0.502603
vt 0.324714 0.520542
vt 0.322774 0.478356
vt 0.378120 0.476568
vt 0.222063 0.640983
vt 0.232602 0.641656
vt 0.229869 0.626101
vt 0.224076 0.625716
vt 0.242917 0.638984
vt 0.237795 0.625314
vt 0.211398 0.638579
vt 0.216061 0.625036
vt 0.231040 0.609000
vt 0.223056 0.609127
vt 0.215592 0.609352
vt 0.238469 0.609318
vt 0.241387 0.594449
vt 0.242833 0.589244
vt 0.324357 0.638458
vt 0.323444 0.627585
vt 0.312039 0.627996
vt 0.311729 0.634709
vt 0.321996 0.615624
vt 0.311409 0.619644
vt 0.303156 0.626893
vt 0.301772 0.638365
vt 0.303036 0.619791
vt 0.302390 0.645062
vt 0.310686 0.643271
vt 0.321144 0.647155
vt 0.380656 0.590156
vt 0.378793 0.606734
vt 0.012612 0.615551
vt 0.032947 0.613055
vt 0.032996 0.596849
vt 0.016472 0.597515
vt 0.304228 0.684120
vt 0.324279 0.687030
vt 0.320886 0.671506
vt 0.304361 0.670512
vt 0.324497 0.651731
vt 0.304580 0.655376
vt 0.033075 0.578771
vt 0.013316 0.574716
vt 0.748480 0.702196
vt 0.659803 0.698968
vt 0.747992 0.664740
vt 0.660352 0.668247
vt 0.580222 0.666178
vt 0.578935 0.701757
vt 0.378793 0.606735
vt 0.380656 0.590154
vt 0.012613 0.615550
vt 0.016473 0.597515
vt 0.032945 0.613053
vt 0.304227 0.684121
vt 0.304360 0.670511
vt 0.324279 0.687032
vt 0.304578 0.655375
vt 0.324496 0.651730
vt 0.013317 0.574717
vt 0.033075 0.578772
vt 0.397326 0.525455
vt 0.377378 0.549829
vt 0.382728 0.483359
vt 0.404267 0.484518
vt 0.391658 0.460595
vt 0.412854 0.460201
vt 0.375531 0.411402
vt 0.379646 0.431434
vt 0.464447 0.403667
vt 0.464447 0.422788
vt 0.464447 0.453096
vt 0.464447 0.481306
vt 0.464447 0.522919
vt 0.464447 0.569581
vt 0.010190 0.305514
vt 0.460008 0.693674
vt 0.460009 0.657172
vt 0.442813 0.657173
vt 0.442813 0.693674
vt 0.460009 0.632714
vt 0.442813 0.632714
vt 0.460009 0.612313
vt 0.442813 0.612313
vt 0.651918 0.581730
vt 0.651909 0.597528
vt 0.460008 0.751131
vt 0.442812 0.751130
vt 0.812776 0.683445
vt 0.813882 0.685355
vt 0.818483 0.683168
vt 0.816824 0.680039
vt 0.814511 0.687440
vt 0.819374 0.686466
vt 0.814662 0.689588
vt 0.819492 0.689809
vt 0.814439 0.691373
vt 0.818891 0.692930
vt 0.813712 0.693053
vt 0.817568 0.695812
vt 0.812567 0.694474
vt 0.815588 0.698344
vt 0.811143 0.695494
vt 0.813017 0.700465
vt 0.809581 0.695998
vt 0.809852 0.702204
vt 0.808041 0.695903
vt 0.805861 0.703835
vt 0.805637 0.680477
vt 0.807485 0.680282
vt 0.807391 0.672942
vt 0.802386 0.671108
vt 0.809413 0.680776
vt 0.811276 0.674891
vt 0.811241 0.681879
vt 0.814402 0.677265
vt 0.823809 0.680791
vt 0.821558 0.676344
vt 0.824941 0.685510
vt 0.824999 0.690208
vt 0.824005 0.694745
vt 0.822035 0.698904
vt 0.819161 0.702605
vt 0.815456 0.705788
vt 0.810935 0.708504
vt 0.805497 0.710831
vt 0.808411 0.665482
vt 0.801715 0.662733
vt 0.813854 0.668651
vt 0.818242 0.672245
vt 0.830202 0.678209
vt 0.827367 0.672210
vt 0.831594 0.684488
vt 0.831524 0.690843
vt 0.830086 0.696914
vt 0.827377 0.702496
vt 0.823544 0.707391
vt 0.818698 0.711590
vt 0.812929 0.715186
vt 0.806296 0.718397
vt 0.810670 0.657642
vt 0.802657 0.653692
vt 0.817509 0.661920
vt 0.823095 0.666781
vt 0.838055 0.675248
vt 0.834566 0.667575
vt 0.839666 0.683448
vt 0.839417 0.691721
vt 0.837409 0.699631
vt 0.833841 0.706759
vt 0.828920 0.712903
vt 0.822842 0.718003
vt 0.815778 0.722248
vt 0.808002 0.726193
vt 0.814102 0.649457
vt 0.804901 0.644510
vt 0.822376 0.654653
vt 0.829290 0.660653
vt 0.847724 0.671826
vt 0.843520 0.662151
vt 0.849553 0.682315
vt 0.849007 0.692983
vt 0.846253 0.703090
vt 0.841608 0.712018
vt 0.835426 0.719424
vt 0.827944 0.725250
vt 0.819320 0.729601
vt 0.809824 0.732673
vt 0.818443 0.641044
vt 0.807332 0.637017
vt 0.828578 0.646584
vt 0.837071 0.653672
vt 0.494638 0.672668
vt 0.484639 0.672262
vt 0.500869 0.672188
vt 0.478404 0.671920
vt 0.882516 0.759686
vt 0.897602 0.759686
vt 0.894575 0.739550
vt 0.880596 0.739550
vt 0.912157 0.759686
vt 0.908064 0.739550
vt 0.926600 0.759686
vt 0.921447 0.739550
vt 0.939670 0.759686
vt 0.933559 0.739550
vt 0.772985 0.759686
vt 0.786521 0.759686
vt 0.791639 0.739550
vt 0.779096 0.739550
vt 0.800131 0.759686
vt 0.804252 0.739550
vt 0.812358 0.759686
vt 0.815583 0.739550
vt 0.825814 0.759686
vt 0.828051 0.739550
vt 0.839090 0.759686
vt 0.840355 0.739550
vt 0.853467 0.759686
vt 0.853677 0.739550
vt 0.868155 0.759686
vt 0.867288 0.739550
vt 0.492522 0.405842
vt 0.488491 0.410470
vt 0.490537 0.415106
vt 0.495655 0.414867
vt 0.483134 0.401702
vt 0.483671 0.408808
vt 0.473015 0.405270
vt 0.478481 0.409747
vt 0.469851 0.414277
vt 0.476164 0.414487
vt 0.472516 0.422852
vt 0.477526 0.419689
vt 0.479280 0.427938
vt 0.481529 0.422787
vt 0.487217 0.427894
vt 0.486123 0.422698
vt 0.493431 0.422925
vt 0.489479 0.419817
vt 0.485389 0.413277
vt 0.486353 0.415094
vt 0.483464 0.412509
vt 0.482561 0.418274
vt 0.484524 0.418317
vt 0.485997 0.417071
vt 0.588463 0.518375
vt 0.582757 0.491275
vt 0.570695 0.495881
vt 0.575900 0.516719
vt 0.566828 0.468381
vt 0.559197 0.477783
vt 0.535401 0.454759
vt 0.532256 0.465815
vt 0.516879 0.456777
vt 0.518735 0.470859
vt 0.499636 0.466084
vt 0.505757 0.472895
vt 0.473138 0.492132
vt 0.487052 0.495200
vt 0.470232 0.524442
vt 0.483049 0.521494
vt 0.481714 0.551020
vt 0.492030 0.541298
vt 0.495590 0.565471
vt 0.502472 0.553718
vt 0.521148 0.577834
vt 0.523453 0.564415
vt 0.558234 0.570570
vt 0.554978 0.558762
vt 0.580638 0.549861
vt 0.570313 0.541447
vt 0.564829 0.497612
vt 0.569874 0.516277
vt 0.555378 0.482994
vt 0.532035 0.473987
vt 0.522213 0.478517
vt 0.508946 0.479077
vt 0.495046 0.497752
vt 0.489829 0.519888
vt 0.496198 0.535370
vt 0.506121 0.548829
vt 0.524733 0.556142
vt 0.550366 0.551457
vt 0.565224 0.537461
vt 0.367978 0.622362
vt 0.370326 0.670884
vt 0.354199 0.672557
vt 0.349318 0.623464
vt 0.375342 0.711606
vt 0.360147 0.711872
vt 0.358820 0.757868
vt 0.345021 0.748431
vt 0.342426 0.802453
vt 0.325386 0.791696
vt 0.765206 0.813032
vt 0.741407 0.764660
vt 0.727179 0.778369
vt 0.746954 0.819947
vt 0.641326 0.908115
vt 0.641490 0.939059
vt 0.420575 0.670676
vt 0.420456 0.622477
vt 0.666350 0.911004
vt 0.666413 0.938950
vt 0.420661 0.711339
vt 0.687944 0.900943
vt 0.687880 0.938966
vt 0.420681 0.757066
vt 0.714393 0.889311
vt 0.714168 0.939083
vt 0.420616 0.803564
vt 0.726912 0.840712
vt 0.693998 0.819251
vt 0.843397 0.766143
vt 0.842668 0.814157
vt 0.420952 0.813491
vt 0.420519 0.919310
vt 0.342421 0.919310
vt 0.342421 0.813491
vt 0.325579 0.919310
vt 0.325562 0.813491
vt 0.321004 0.848879
vt 0.320796 0.903364
vt 0.278067 0.903008
vt 0.278421 0.848669
vt 0.367977 0.622359
vt 0.360147 0.711871
vt 0.375344 0.711606
vt 0.342426 0.802456
vt 0.741407 0.764661
vt 0.325574 0.813491
vt 0.325591 0.919310
vt 0.928846 0.238454
vt 0.955163 0.238449
vt 0.958342 0.201882
vt 0.925667 0.201882
vt 0.928846 0.238452
vt 0.955163 0.238456
vt 0.955119 0.169575
vt 0.928798 0.169575
vt 0.293485 0.577328
vt 0.255393 0.577328
vt 0.250861 0.624083
vt 0.298149 0.624083
vt 0.255462 0.677010
vt 0.293548 0.677003
vt 0.595373 0.720752
vt 0.595373 0.727266
vt 0.599532 0.727266
vt 0.599532 0.720752
vt 0.599532 0.713925
vt 0.595373 0.713925
vt 0.856994 0.676371
vt 0.856994 0.692316
vt 0.865952 0.692316
vt 0.865952 0.676370
vt 0.856993 0.669547
vt 0.865952 0.669547
vt 0.561124 0.713515
vt 0.561124 0.720739
vt 0.566061 0.720739
vt 0.566062 0.713515
vt 0.561124 0.707194
vt 0.566061 0.707194
vt 0.603626 0.727267
vt 0.603626 0.720752
vt 0.603626 0.713925
vt 0.874771 0.692316
vt 0.874771 0.676370
vt 0.874771 0.669547
vt 0.570922 0.720739
vt 0.570922 0.713515
vt 0.570922 0.707194
vt 0.607882 0.727266
vt 0.607882 0.720752
vt 0.607882 0.713925
vt 0.883941 0.692316
vt 0.883941 0.676370
vt 0.883941 0.669547
vt 0.575975 0.720739
vt 0.575975 0.713515
vt 0.575975 0.707194
vt 0.612524 0.713925
vt 0.612524 0.720752
vt 0.612524 0.727266
vt 0.893936 0.692316
vt 0.893938 0.676370
vt 0.893936 0.669547
vt 0.581485 0.720739
vt 0.581485 0.713515
vt 0.581485 0.707194
vt 0.616770 0.713925
vt 0.903084 0.692316
vt 0.903084 0.676370
vt 0.903084 0.669547
vt 0.586525 0.720739
vt 0.586525 0.713515
vt 0.586526 0.707194
vt 0.621440 0.713925
vt 0.913145 0.676371
vt 0.913145 0.692316
vt 0.913145 0.669547
vt 0.592071 0.713515
vt 0.592071 0.720739
vt 0.592071 0.707194
vt 0.561124 0.726221
vt 0.566062 0.726221
vt 0.586526 0.726221
vt 0.592071 0.726221
vt 0.581485 0.726221
vt 0.575975 0.726221
vt 0.570922 0.726221
vt 0.592071 0.705581
vt 0.586525 0.705581
vt 0.566061 0.705580
vt 0.561124 0.705581
vt 0.570922 0.705581
vt 0.575975 0.705580
vt 0.581485 0.705581
vt 0.561124 0.727869
vt 0.566062 0.727869
vt 0.586525 0.727869
vt 0.592071 0.727869
vt 0.581485 0.727869
vt 0.575975 0.727869
vt 0.570922 0.727869
vt 0.747637 0.758623
vt 0.756599 0.758623
vt 0.756599 0.747687
vt 0.747637 0.747687
vt 0.634474 0.758623
vt 0.645304 0.758623
vt 0.645304 0.747687
vt 0.634474 0.747687
vt 0.654934 0.758623
vt 0.654934 0.747687
vt 0.665270 0.758623
vt 0.665270 0.747687
vt 0.675491 0.758623
vt 0.675491 0.747687
vt 0.685636 0.758623
vt 0.685636 0.747687
vt 0.695509 0.758623
vt 0.695509 0.747687
vt 0.705178 0.758623
vt 0.705178 0.747687
vt 0.716021 0.758623
vt 0.716021 0.747687
vt 0.726917 0.758623
vt 0.726917 0.747687
vt 0.737640 0.758623
vt 0.737640 0.747687
vt 0.699611 0.737629
vt 0.709390 0.737629
vt 0.709390 0.728639
vt 0.699611 0.728639
vt 0.690890 0.737629
vt 0.690890 0.728639
vt 0.681985 0.737629
vt 0.681985 0.728639
vt 0.672836 0.737629
vt 0.672836 0.728639
vt 0.663617 0.737629
vt 0.663617 0.728639
vt 0.654295 0.737629
vt 0.654295 0.728639
vt 0.645609 0.737629
vt 0.645609 0.728639
vt 0.635841 0.737629
vt 0.635841 0.728639
vt 0.737905 0.737629
vt 0.745988 0.737629
vt 0.745988 0.728639
vt 0.737905 0.728639
vt 0.728889 0.737629
vt 0.728889 0.728639
vt 0.719217 0.737629
vt 0.719217 0.728639
vt 0.586105 0.759121
vt 0.595477 0.759121
vt 0.595477 0.731390
vt 0.586105 0.731390
vt 0.577747 0.759121
vt 0.577747 0.731390
vt 0.569212 0.759121
vt 0.569212 0.731390
vt 0.560443 0.759121
vt 0.560443 0.731390
vt 0.551607 0.759121
vt 0.551607 0.731390
vt 0.542673 0.759121
vt 0.542673 0.731390
vt 0.534348 0.759121
vt 0.534348 0.731390
vt 0.524987 0.759121
vt 0.524987 0.731390
vt 0.622807 0.759121
vt 0.630554 0.759121
vt 0.630554 0.731390
vt 0.622807 0.731390
vt 0.614165 0.759121
vt 0.614165 0.731390
vt 0.604896 0.759121
vt 0.604896 0.731390
vt 0.756599 0.743685
vt 0.747637 0.743685
vt 0.645304 0.743685
vt 0.634474 0.743685
vt 0.654934 0.743685
vt 0.665270 0.743685
vt 0.675491 0.743685
vt 0.685636 0.743685
vt 0.695509 0.743685
vt 0.705178 0.743685
vt 0.716021 0.743685
vt 0.726917 0.743685
vt 0.737640 0.743685
vt 0.699611 0.740018
vt 0.709390 0.740018
vt 0.690890 0.740018
vt 0.681985 0.740018
vt 0.672836 0.740018
vt 0.663617 0.740018
vt 0.654295 0.740018
vt 0.645609 0.740018
vt 0.635841 0.740018
vt 0.737905 0.740018
vt 0.745988 0.740018
vt 0.728889 0.740018
vt 0.719217 0.740018
vt 0.745988 0.723912
vt 0.737905 0.723912
vt 0.645609 0.723912
vt 0.635841 0.723912
vt 0.654295 0.723912
vt 0.663617 0.723912
vt 0.672836 0.723912
vt 0.681985 0.723912
vt 0.690890 0.723912
vt 0.699611 0.723912
vt 0.709390 0.723912
vt 0.719217 0.723912
vt 0.728889 0.723912
vt 0.972643 0.711952
vt 0.585126 0.660273
vt 0.968933 0.602040
vt 0.990302 0.602040
vt 0.832599 0.220025
vt 0.832599 0.242946
vt 0.743574 0.004685
vt 0.874107 0.088298
vt 0.874107 0.147522
vt 0.887681 0.834634
vt 0.872827 0.839011
vt 0.877263 0.993981
vt 0.889869 0.995168
vt 0.862885 0.858991
vt 0.868188 0.873530
vt 0.914042 0.872083
vt 0.920439 0.856190
vt 0.914115 0.980316
vt 0.911058 0.972195
vt 0.868396 0.971865
vt 0.865750 0.979998
vt 0.905493 0.835033
vt 0.902012 0.994943
vt 0.875440 0.921242
vt 0.903952 0.919621
vt 0.913021 0.919889
vt 0.866390 0.921260
vt 0.699648 0.948281
vt 0.703024 0.963093
vt 0.862856 0.959286
vt 0.861806 0.945918
vt 0.730020 0.993369
vt 0.738191 0.987277
vt 0.738020 0.932516
vt 0.729094 0.925627
vt 0.862882 0.974810
vt 0.705509 0.977442
vt 0.778391 0.975353
vt 0.779001 0.945164
vt 0.779225 0.932086
vt 0.778187 0.988191
vt 0.840872 0.929298
vt 0.827900 0.934040
vt 0.829627 0.988919
vt 0.842546 0.993311
vt 0.964984 0.833800
vt 0.951820 0.836633
vt 0.990713 0.968848
vt 0.984178 0.962364
vt 0.932031 0.956549
vt 0.925678 0.966767
vt 0.928983 0.858811
vt 0.933210 0.865106
vt 0.981805 0.859541
vt 0.985608 0.851314
vt 0.938975 0.992992
vt 0.940448 0.839911
vt 0.932698 0.907687
vt 0.944597 0.907822
vt 0.983276 0.912869
vt 0.971340 0.913129
vt 0.263387 0.820968
vt 0.260536 0.830772
vt 0.256313 0.814849
vt 0.246400 0.818415
vt 0.243450 0.828163
vt 0.250511 0.834400
vt 0.263341 0.817739
vt 0.260016 0.829144
vt 0.255109 0.810639
vt 0.243571 0.814783
vt 0.240112 0.826113
vt 0.248325 0.833374
vt 0.260162 0.815582
vt 0.257240 0.825524
vt 0.252981 0.809384
vt 0.242889 0.813007
vt 0.239864 0.822891
vt 0.247031 0.829211
vt 0.273779 0.846308
vt 0.268600 0.851651
vt 0.275811 0.837484
vt 0.272655 0.834114
vt 0.267535 0.839468
vt 0.265509 0.848181
vt 0.270482 0.845127
vt 0.264499 0.851328
vt 0.272847 0.834896
vt 0.269220 0.831016
vt 0.263314 0.837231
vt 0.260958 0.847313
vt 0.266182 0.842857
vt 0.261006 0.848258
vt 0.268246 0.833980
vt 0.265129 0.830614
vt 0.260012 0.836023
vt 0.257954 0.844789
vt 0.610201 0.993026
vt 0.622646 0.997530
vt 0.635725 0.994072
vt 0.644223 0.983536
vt 0.638750 0.981532
vt 0.644854 0.970053
vt 0.637480 0.958808
vt 0.624946 0.954015
vt 0.611984 0.957453
vt 0.603448 0.967843
vt 0.602536 0.981548
vt 0.223917 0.932574
vt 0.232999 0.932574
vt 0.233000 0.920753
vt 0.223917 0.920753
vt 0.242220 0.932574
vt 0.242221 0.920753
vt 0.251160 0.932574
vt 0.251160 0.920753
vt 0.260035 0.932574
vt 0.260035 0.920753
vt 0.268544 0.932574
vt 0.268544 0.920753
vt 0.277163 0.932574
vt 0.277163 0.920753
vt 0.207906 0.932574
vt 0.215683 0.932574
vt 0.215684 0.920753
vt 0.207906 0.920753
vt 0.515161 0.920274
vt 0.508480 0.920274
vt 0.513159 0.935389
vt 0.482685 0.920274
vt 0.482685 0.935389
vt 0.843661 0.831557
vt 0.819500 0.827674
vt 0.819713 0.842626
vt 0.821588 0.854563
vt 0.820635 0.869631
vt 0.838933 0.868515
vt 0.783801 0.855202
vt 0.763696 0.873734
vt 0.786416 0.871830
vt 0.782820 0.842597
vt 0.783786 0.825691
vt 0.759320 0.826753
vt 0.802566 0.854047
vt 0.803938 0.869997
vt 0.801575 0.826974
vt 0.800737 0.842863
vt 0.542787 0.946218
vt 0.536571 0.965426
vt 0.542788 0.984598
vt 0.559123 0.996488
vt 0.579316 0.996466
vt 0.595626 0.984618
vt 0.601901 0.965425
vt 0.595647 0.946198
vt 0.579308 0.934361
vt 0.559139 0.934348
vt 0.782819 0.842597
vt 0.224206 0.989148
vt 0.238950 0.989148
vt 0.238950 0.961720
vt 0.224206 0.961720
vt 0.255949 0.989148
vt 0.255949 0.961720
vt 0.272788 0.989148
vt 0.272788 0.961720
vt 0.288974 0.989148
vt 0.288974 0.961720
vt 0.306463 0.989148
vt 0.306463 0.961720
vt 0.323231 0.989148
vt 0.323231 0.961720
vt 0.339239 0.989148
vt 0.339239 0.961720
vt 0.355049 0.989148
vt 0.355049 0.961720
vt 0.368223 0.989148
vt 0.368223 0.961720
vt 0.207121 0.989148
vt 0.207121 0.961720
vt 0.207395 0.958377
vt 0.221277 0.958377
vt 0.221277 0.940272
vt 0.207395 0.940272
vt 0.236980 0.958377
vt 0.236980 0.940272
vt 0.252534 0.958377
vt 0.252534 0.940272
vt 0.267492 0.958377
vt 0.267492 0.940272
vt 0.282960 0.958377
vt 0.282960 0.940272
vt 0.297506 0.958377
vt 0.297506 0.940272
vt 0.312107 0.958377
vt 0.312107 0.940272
vt 0.326609 0.958377
vt 0.326609 0.940272
vt 0.340477 0.958377
vt 0.340477 0.940272
vt 0.353511 0.958377
vt 0.353511 0.940272
vt 0.244109 0.761706
vt 0.254564 0.761442
vt 0.254755 0.752994
vt 0.243283 0.752660
vt 0.265432 0.762039
vt 0.265848 0.753583
vt 0.276282 0.763408
vt 0.277002 0.753908
vt 0.286803 0.765604
vt 0.288526 0.754549
vt 0.296804 0.768765
vt 0.300125 0.756467
vt 0.246936 0.782374
vt 0.254690 0.781015
vt 0.262737 0.781821
vt 0.270448 0.784814
vt 0.277369 0.789342
vt 0.283527 0.794494
vt 0.248280 0.806800
vt 0.253085 0.805996
vt 0.257812 0.806614
vt 0.262222 0.808685
vt 0.266210 0.811780
vt 0.269832 0.815302
vt 0.792508 0.888345
vt 0.799010 0.924296
vt 0.783049 0.885021
vt 0.755406 0.909143
vt 0.780759 0.882646
vt 0.747574 0.894536
vt 0.433241 0.397430
vt 0.456386 0.397430
vt 0.325524 0.397430
vt 0.351838 0.397430
vt 0.371053 0.397430
vt 0.390364 0.397430
vt 0.412002 0.397430
vt 0.433587 0.254843
vt 0.445877 0.254833
vt 0.445709 0.192432
vt 0.434165 0.192550
vt 0.422955 0.254845
vt 0.424181 0.192806
vt 0.410655 0.254588
vt 0.412743 0.193408
vt 0.390056 0.254089
vt 0.391217 0.194966
vt 0.458216 0.255010
vt 0.468927 0.254922
vt 0.467250 0.192560
vt 0.457255 0.192394
vt 0.444716 0.005849
vt 0.427037 0.006031
vt 0.411726 0.006585
vt 0.394088 0.008055
vt 0.371787 0.010630
vt 0.478706 0.193054
vt 0.500278 0.194393
vt 0.517699 0.009834
vt 0.495369 0.007501
vt 0.477713 0.006223
vt 0.462396 0.005837
vt 0.390363 0.397430
vt 0.505253 0.397430
vt 0.505253 0.347763
vt 0.478889 0.397430
vt 0.458216 0.255011
vt 0.467249 0.192560
vt 0.481304 0.254550
vt 0.502013 0.253817
vt 0.500278 0.194392
vt 0.325523 0.334431
vt 0.325523 0.347763
vt 0.505253 0.334431
vt 0.517699 0.009835
vt 0.573963 0.010867
vt 0.546586 0.196227
vt 0.546586 0.196228
vt 0.546788 0.255153
vt 0.559262 0.334313
vt 0.505244 0.334437
vt 0.433234 0.397436
vt 0.456379 0.397436
vt 0.456379 0.347769
vt 0.478881 0.397436
vt 0.478881 0.347769
vt 0.325517 0.397436
vt 0.351830 0.397436
vt 0.371046 0.397436
vt 0.390356 0.397436
vt 0.411994 0.397436
vt 0.433579 0.254849
vt 0.445870 0.254839
vt 0.445702 0.192438
vt 0.434159 0.192556
vt 0.422947 0.254850
vt 0.424174 0.192811
vt 0.410648 0.254593
vt 0.412736 0.193413
vt 0.390049 0.254094
vt 0.391210 0.194972
vt 0.481297 0.254555
vt 0.502006 0.253823
vt 0.500270 0.194399
vt 0.478698 0.193060
vt 0.468920 0.254927
vt 0.467242 0.192566
vt 0.458209 0.255016
vt 0.457247 0.192400
vt 0.478881 0.334437
vt 0.444709 0.005856
vt 0.427029 0.006038
vt 0.411720 0.006592
vt 0.394081 0.008062
vt 0.371780 0.010637
vt 0.517692 0.009840
vt 0.495361 0.007508
vt 0.477706 0.006230
vt 0.462389 0.005844
vt 0.573080 0.111794
vt 0.617867 0.111794
vt 0.617853 0.089806
vt 0.573071 0.089806
vt 0.623897 0.111794
vt 0.647030 0.111794
vt 0.647029 0.089806
vt 0.623887 0.089806
vt 0.670910 0.111794
vt 0.670920 0.089806
vt 0.616463 0.083451
vt 0.573144 0.083451
vt 0.624826 0.083451
vt 0.647085 0.083451
vt 0.669990 0.083451
vt 0.573159 0.118205
vt 0.616489 0.118205
vt 0.647086 0.118205
vt 0.669977 0.118205
vt 0.624841 0.118205
vt 0.721801 0.089806
vt 0.678175 0.089806
vt 0.678162 0.111794
vt 0.721792 0.111794
vt 0.721708 0.083451
vt 0.679462 0.083451
vt 0.679434 0.118205
vt 0.721693 0.118205
vt 0.715725 0.056066
vt 0.715723 0.032352
vt 0.682043 0.032352
vt 0.682041 0.056066
vt 0.715726 0.078252
vt 0.682040 0.078251
vt 0.710043 0.029956
vt 0.687722 0.029957
vt 0.687718 0.080599
vt 0.710048 0.080599
vt 0.715724 0.056066
vt 0.682043 0.032353
vt 0.715722 0.032353
vt 0.715725 0.078251
vt 0.710043 0.029957
vt 0.687723 0.029957
vt 0.202559 0.197150
vt 0.202544 0.207042
vt 0.180225 0.157496
vt 0.168351 0.158737
vt 0.169209 0.175931
vt 0.179621 0.174454
vt 0.181754 0.189784
vt 0.187389 0.183595
vt 0.203120 0.194920
vt 0.202461 0.187693
vt 0.180231 0.157515
vt 0.179629 0.174456
vt 0.169227 0.175931
vt 0.168368 0.158755
vt 0.187388 0.183587
vt 0.181758 0.189769
vt 0.202444 0.187681
vt 0.203102 0.194901
vt 0.144716 0.126890
vt 0.143601 0.143303
vt 0.153187 0.143957
vt 0.155341 0.127980
vt 0.166833 0.147117
vt 0.167453 0.130088
vt 0.156468 0.130088
vt 0.157086 0.147117
vt 0.143677 0.162180
vt 0.151780 0.162337
vt 0.166138 0.159930
vt 0.157899 0.159930
vt 0.145001 0.185061
vt 0.150461 0.185078
vt 0.164736 0.176598
vt 0.157603 0.176598
vt 0.166909 0.908600
vt 0.166909 0.944868
vt 0.201591 0.944868
vt 0.201591 0.908600
vt 0.166909 0.981830
vt 0.201591 0.981830
vt 0.168368 0.158754
vt 0.151778 0.162337
vt 0.157900 0.159930
vt 0.890755 0.733858
vt 0.898922 0.733858
vt 0.898869 0.702745
vt 0.891741 0.702745
vt 0.907283 0.733858
vt 0.906193 0.702745
vt 0.915853 0.733858
vt 0.913663 0.702745
vt 0.924218 0.733858
vt 0.920871 0.702745
vt 0.932056 0.733858
vt 0.927442 0.702745
vt 0.849772 0.733858
vt 0.857324 0.733858
vt 0.862545 0.702745
vt 0.856201 0.702745
vt 0.865355 0.733858
vt 0.869515 0.702745
vt 0.873860 0.733858
vt 0.876967 0.702745
vt 0.882431 0.733858
vt 0.884482 0.702745
vt 0.877212 0.695801
vt 0.869967 0.695801
vt 0.863093 0.695801
vt 0.855827 0.695801
vt 0.927610 0.695801
vt 0.919918 0.695801
vt 0.912946 0.695801
vt 0.906382 0.695801
vt 0.899676 0.695801
vt 0.892485 0.695801
vt 0.884848 0.695801
vt 0.890755 0.733859
vt 0.898921 0.733859
vt 0.898869 0.702746
vt 0.891741 0.702746
vt 0.907283 0.733859
vt 0.906193 0.702746
vt 0.915852 0.733859
vt 0.913663 0.702746
vt 0.924219 0.733859
vt 0.920872 0.702746
vt 0.932056 0.733859
vt 0.927442 0.702746
vt 0.849772 0.733859
vt 0.857325 0.733859
vt 0.862545 0.702746
vt 0.856201 0.702746
vt 0.865356 0.733859
vt 0.869515 0.702746
vt 0.873860 0.733859
vt 0.876967 0.702746
vt 0.882430 0.733859
vt 0.884482 0.702746
vt 0.877212 0.695802
vt 0.869967 0.695802
vt 0.863093 0.695802
vt 0.855827 0.695802
vt 0.927610 0.695802
vt 0.919918 0.695802
vt 0.912946 0.695802
vt 0.906382 0.695802
vt 0.899675 0.695802
vt 0.892485 0.695802
vt 0.884849 0.695802
vt 0.532627 0.915094
vt 0.692740 0.609015
vt 0.717206 0.609015
vt 0.717206 0.593044
vt 0.692740 0.593044
vt 0.742813 0.609015
vt 0.742813 0.593044
vt 0.765585 0.609015
vt 0.765585 0.593044
vt 0.790694 0.609015
vt 0.790694 0.593044
vt 0.814694 0.609015
vt 0.814694 0.593044
vt 0.842015 0.609015
vt 0.842015 0.593044
vt 0.867997 0.609015
vt 0.867997 0.593044
vt 0.893928 0.609015
vt 0.893928 0.593044
vt 0.918320 0.609015
vt 0.918320 0.593044
vt 0.939929 0.609015
vt 0.939929 0.593044
vt 0.692740 0.557075
vt 0.717206 0.557075
vt 0.717206 0.549366
vt 0.692740 0.549445
vt 0.742813 0.557075
vt 0.742813 0.549430
vt 0.765585 0.557075
vt 0.765585 0.549427
vt 0.790694 0.557075
vt 0.790694 0.549449
vt 0.814694 0.557075
vt 0.814694 0.549420
vt 0.842015 0.557075
vt 0.842015 0.549403
vt 0.867997 0.557075
vt 0.867997 0.549417
vt 0.893928 0.557075
vt 0.893928 0.549408
vt 0.918320 0.557075
vt 0.918320 0.549438
vt 0.939929 0.557075
vt 0.939929 0.549388
vt 0.717206 0.539500
vt 0.692740 0.539500
vt 0.742813 0.539500
vt 0.765585 0.539500
vt 0.790694 0.539500
vt 0.814694 0.539500
vt 0.842015 0.539500
vt 0.867997 0.539500
vt 0.893928 0.539500
vt 0.918320 0.539500
vt 0.939929 0.539500
vt 0.867997 0.575341
vt 0.893928 0.575341
vt 0.842015 0.575341
vt 0.814694 0.575341
vt 0.790694 0.575341
vt 0.765585 0.575341
vt 0.742813 0.575341
vt 0.717206 0.575341
vt 0.692740 0.575341
vt 0.918320 0.575341
vt 0.939929 0.575341
vt 0.692520 0.407616
vt 0.692520 0.438477
vt 0.725542 0.438477
vt 0.725542 0.407616
vt 0.725542 0.502057
vt 0.725542 0.470710
vt 0.692520 0.470710
vt 0.692520 0.502057
vt 0.692520 0.453555
vt 0.725542 0.453555
vt 0.692520 0.518117
vt 0.692520 0.533770
vt 0.725542 0.533770
vt 0.725542 0.518117
vt 0.729861 0.438477
vt 0.729861 0.407616
vt 0.729861 0.453555
vt 0.729861 0.502057
vt 0.729861 0.470710
vt 0.729861 0.533770
vt 0.729861 0.518117
vt 0.734306 0.534676
vt 0.783426 0.534676
vt 0.783469 0.485554
vt 0.734878 0.485438
vt 0.832497 0.535082
vt 0.832123 0.485559
vt 0.783453 0.436543
vt 0.734464 0.436118
vt 0.832472 0.436098
vt 0.872792 0.613786
vt 0.853734 0.612237
vt 0.853944 0.628134
vt 0.870679 0.629661
vt 0.835799 0.613290
vt 0.838282 0.628773
vt 0.967861 0.746371
vt 0.969147 0.727937
vt 0.954108 0.728889
vt 0.952982 0.745012
vt 0.967303 0.710321
vt 0.952588 0.713255
vt 0.962781 0.693028
vt 0.948703 0.697853
vt 0.955664 0.677432
vt 0.942633 0.684041
vt 0.946876 0.660263
vt 0.935073 0.669134
vt 0.935251 0.646255
vt 0.924899 0.657066
vt 0.921006 0.634921
vt 0.912418 0.647359
vt 0.904397 0.625334
vt 0.897971 0.639224
vt 0.889902 0.617976
vt 0.885409 0.633104
vt 0.901593 0.655573
vt 0.912975 0.663108
vt 0.922153 0.673181
vt 0.928680 0.686158
vt 0.933454 0.698178
vt 0.936531 0.711408
vt 0.937902 0.724912
vt 0.937623 0.739175
vt 0.835075 0.645702
vt 0.848902 0.644436
vt 0.863596 0.644341
vt 0.876775 0.645744
vt 0.888347 0.649729
vt 0.962965 0.664735
vt 0.886088 0.455685
vt 0.908393 0.456087
vt 0.905257 0.438109
vt 0.894941 0.438976
vt 0.887521 0.462014
vt 0.884886 0.480072
vt 0.907170 0.479053
vt 0.897857 0.462595
vt 0.847207 0.533353
vt 0.855382 0.534309
vt 0.855548 0.527683
vt 0.848043 0.526833
vt 0.862861 0.534750
vt 0.862763 0.528041
vt 0.870463 0.534212
vt 0.870024 0.527636
vt 0.878425 0.532921
vt 0.877410 0.526607
vt 0.886229 0.530982
vt 0.884225 0.525367
vt 0.838944 0.531680
vt 0.840988 0.525864
vt 0.852208 0.453817
vt 0.962381 0.379198
vt 0.953391 0.379190
vt 0.953390 0.413333
vt 0.962382 0.413326
vt 0.917809 0.379193
vt 0.908728 0.379195
vt 0.908738 0.413338
vt 0.917814 0.413327
vt 0.926085 0.379194
vt 0.926086 0.413331
vt 0.934492 0.379190
vt 0.934492 0.413330
vt 0.943951 0.379193
vt 0.943950 0.413327
vt 0.868850 0.504464
vt 0.875480 0.503975
vt 0.874188 0.479446
vt 0.868089 0.479673
vt 0.862513 0.504601
vt 0.862369 0.479702
vt 0.856262 0.504404
vt 0.856737 0.479596
vt 0.849604 0.504006
vt 0.850631 0.479418
vt 0.843080 0.503581
vt 0.844681 0.479216
vt 0.881858 0.503313
vt 0.880025 0.479065
vt 0.873834 0.461243
vt 0.867888 0.461225
vt 0.862304 0.461148
vt 0.856808 0.461156
vt 0.850857 0.461215
vt 0.845260 0.461190
vt 0.879332 0.461065
vt 0.869830 0.402958
vt 0.889269 0.401140
vt 0.887019 0.394049
vt 0.865905 0.392227
vt 0.838928 0.405387
vt 0.852082 0.404251
vt 0.842487 0.424429
vt 0.855934 0.421234
vt 0.874402 0.417067
vt 0.892210 0.410176
vt 0.879060 0.431597
vt 0.896100 0.422242
vt 0.874402 0.417068
vt 0.888298 0.385681
vt 0.868699 0.380390
vt 0.886975 0.440720
vt 0.900786 0.429337
vt 0.633364 0.720187
vt 0.638579 0.720186
vt 0.638579 0.712444
vt 0.633364 0.712444
vt 0.644023 0.720186
vt 0.644023 0.712444
vt 0.649218 0.720186
vt 0.649218 0.712444
vt 0.654439 0.720187
vt 0.654439 0.712444
vt 0.659886 0.720187
vt 0.659886 0.712444
vt 0.664767 0.720187
vt 0.664767 0.712444
vt 0.669811 0.720187
vt 0.669811 0.712444
vt 0.674133 0.720187
vt 0.674133 0.712444
vt 0.678858 0.720187
vt 0.678858 0.712444
vt 0.628491 0.720187
vt 0.628491 0.712444
vt 0.792183 0.720849
vt 0.787280 0.722822
vt 0.792578 0.733394
vt 0.798474 0.732060
vt 0.781962 0.724601
vt 0.783205 0.735394
vt 0.776964 0.725977
vt 0.777420 0.736479
vt 0.772509 0.726942
vt 0.772195 0.738293
vt 0.768639 0.727374
vt 0.767334 0.739780
vt 0.765173 0.727165
vt 0.762744 0.740196
vt 0.761857 0.726292
vt 0.758332 0.739158
vt 0.758568 0.724783
vt 0.754157 0.736648
vt 0.755269 0.722753
vt 0.750471 0.733127
vt 0.796793 0.718681
vt 0.804814 0.731182
vt 0.784474 0.708630
vt 0.781942 0.710985
vt 0.778738 0.712706
vt 0.775456 0.713462
vt 0.772572 0.713380
vt 0.770099 0.712831
vt 0.767818 0.712139
vt 0.765544 0.711481
vt 0.763215 0.710934
vt 0.760759 0.710454
vt 0.786309 0.706096
vt 0.778292 0.701635
vt 0.777305 0.703052
vt 0.775945 0.704020
vt 0.774335 0.704328
vt 0.772685 0.704039
vt 0.771079 0.703415
vt 0.769474 0.702737
vt 0.767834 0.702192
vt 0.766168 0.701851
vt 0.764476 0.701658
vt 0.779008 0.700064
vt 0.754541 0.691970
vt 0.765745 0.698617
vt 0.751732 0.687455
vt 0.751968 0.674424
vt 0.754373 0.689200
vt 0.764915 0.683031
s 0
usemtl Texture1
f 1/1/1 2/2/1 3/3/1
f 4/4/1 5/5/1 1/1/1
f 1/1/1 5/5/1 2/2/1
f 44/6/2 45/7/2 46/8/2
f 50/9/2 51/10/2 52/11/2
f 53/12/2 54/13/2 55/14/2
f 56/15/1 57/16/1 58/17/1
f 59/15/1 60/17/1 61/16/1
f 98/18/3 99/19/3 100/20/3
f 101/21/4 102/22/4 103/23/4
f 224/24/2 225/25/2 226/26/2
f 227/24/2 228/25/2 229/26/2
f 230/27/2 231/28/2 232/29/2
f 233/30/2 234/31/2 235/32/2
f 236/33/2 235/32/2 237/34/2
f 238/35/5 239/36/5 240/37/5
f 241/38/5 238/35/5 242/39/5
f 243/30/2 244/31/2 245/32/2
f 246/33/2 245/32/2 247/34/2
f 248/35/5 249/36/5 250/37/5
f 251/38/5 248/35/5 252/39/5
f 253/30/2 254/32/2 255/31/2
f 256/33/2 257/34/2 254/32/2
f 258/35/5 259/37/5 260/36/5
f 261/38/5 262/39/5 258/35/5
f 263/40/6 264/41/6 265/42/6
f 266/43/7 267/44/7 268/45/7
f 269/40/6 270/41/6 271/42/6
f 272/43/7 273/44/7 274/45/7
f 275/40/6 276/41/6 277/42/6
f 278/40/7 279/42/7 280/41/7
f 281/40/6 282/41/6 283/42/6
f 284/40/7 285/42/7 286/41/7
f 287/46/8 288/47/8 289/48/8
f 290/49/9 291/50/9 292/51/9
f 293/52/10 294/47/10 295/53/10
f 296/49/11 297/50/11 298/51/11
f 313/54/12 314/55/12 315/56/12
f 328/57/13 329/58/13 330/59/13
f 334/57/14 335/58/14 336/59/14
f 337/57/15 338/59/15 339/58/15
f 344/60/16 4311/61/16 4310/62/16
f 344/60/16 4310/62/16 345/63/16
f 346/64/17 4476/60/17 4475/63/17
f 346/64/17 4475/63/17 347/65/17
f 4106/60/18 348/64/18 349/65/18
f 4106/60/18 349/65/18 4105/63/18
f 350/66/1 351/67/1 352/68/1
f 350/66/1 352/68/1 353/69/1
f 354/68/1 355/67/1 356/66/1
f 354/68/1 357/69/1 360/70/1
f 354/68/1 360/70/1 361/71/1
f 362/72/1 354/68/1 361/71/1
f 362/72/1 361/71/1 363/73/1
f 353/69/1 352/68/1 364/71/1
f 352/68/1 362/72/1 363/73/1
f 352/68/1 363/73/1 364/71/1
f 366/74/6 367/75/6 368/76/6
f 366/74/6 368/76/6 369/77/6
f 3602/78/6 398/79/6 399/80/6
f 3602/78/6 399/80/6 3599/81/6
f 3599/81/6 399/80/6 404/82/6
f 3599/81/6 404/82/6 3601/83/6
f 3601/83/6 404/82/6 409/84/6
f 3601/83/6 409/84/6 3603/85/6
f 3603/85/6 414/86/6 3600/87/6
f 4193/88/19 4191/89/19 423/90/19
f 4193/88/19 423/90/19 424/91/19
f 4240/92/20 4218/93/20 4217/94/20
f 4240/92/20 4217/94/20 4239/95/20
f 429/96/21 431/97/21 432/98/21
f 429/96/22 432/98/22 433/99/22
f 429/96/22 433/99/22 434/100/22
f 4200/101/23 4234/102/23 447/103/23
f 4199/101/24 458/103/24 4232/102/24
f 462/104/25 463/105/25 4138/106/25
f 462/104/25 4138/106/25 4174/107/25
f 4137/105/26 465/108/26 4127/109/26
f 4137/105/26 4127/109/26 4139/106/26
f 466/110/27 467/111/27 468/112/27
f 470/113/28 4456/110/28 4473/114/28
f 472/115/29 4448/113/29 4472/116/29
f 472/115/29 4472/116/29 473/117/29
f 474/118/30 4459/115/30 4474/117/30
f 474/118/30 4474/117/30 475/119/30
f 476/120/31 4465/118/31 4478/119/31
f 476/120/32 4478/119/32 477/121/32
f 4462/111/33 478/122/33 479/123/33
f 4462/111/33 479/123/33 4477/112/33
f 480/124/34 481/125/34 482/126/34
f 480/124/34 482/126/34 483/127/34
f 484/128/34 482/126/34 481/125/34
f 484/128/34 481/125/34 485/129/34
f 4238/130/35 558/131/35 559/132/35
f 4238/130/36 559/132/36 4246/133/36
f 560/134/37 561/135/37 562/136/37
f 560/134/38 562/136/38 563/137/38
f 4238/130/35 564/138/35 558/131/35
f 563/137/39 562/136/39 565/139/39
f 563/137/40 565/139/40 566/140/40
f 4222/141/35 4213/142/35 567/143/35
f 4222/141/36 567/143/36 564/138/36
f 568/133/41 570/131/41 571/130/41
f 4214/144/35 4224/145/35 572/135/35
f 4214/144/42 572/135/42 573/146/42
f 571/130/43 570/131/43 574/138/43
f 571/130/38 574/138/38 575/147/38
f 4224/145/35 4236/137/35 576/136/35
f 575/147/39 574/138/39 577/143/39
f 575/147/44 577/143/44 578/142/44
f 4236/137/36 4247/140/36 579/139/36
f 4236/137/35 579/139/35 576/136/35
f 560/134/44 580/148/44 581/146/44
f 560/134/39 581/146/39 561/135/39
f 589/149/45 4460/115/45 4466/118/45
f 4430/150/46 591/151/46 4449/113/46
f 4430/150/46 4449/113/46 4461/115/46
f 4426/151/47 592/152/47 4457/110/47
f 4426/151/47 4457/110/47 4450/113/47
f 4429/152/48 593/153/48 4463/111/48
f 4429/152/48 4463/111/48 4458/110/48
f 4435/153/49 4469/122/49 4464/111/49
f 595/154/50 4436/149/50 4467/118/50
f 627/155/51 628/156/51 629/157/51
f 627/155/51 629/157/51 624/158/51
f 638/159/52 639/160/52 640/161/52
f 644/162/53 645/163/53 646/164/53
f 644/162/53 646/164/53 647/165/53
f 654/160/54 655/159/54 656/166/54
f 654/160/55 656/166/55 657/161/55
f 660/163/56 662/165/56 663/164/57
f 682/167/1 683/168/1 684/169/1
f 4248/170/58 4291/169/58 686/171/58
f 4248/170/58 686/171/58 687/172/58
f 688/173/59 689/174/59 4278/168/59
f 688/173/59 4278/168/59 4244/167/59
f 692/175/60 4245/167/60 4249/170/60
f 692/175/60 4249/170/60 693/176/60
f 694/177/1 695/178/1 696/179/1
f 694/177/1 696/179/1 697/180/1
f 4341/180/61 4377/179/61 698/181/61
f 4341/180/61 698/181/61 699/182/61
f 700/183/62 701/184/62 4379/178/62
f 700/183/62 4379/178/62 4339/177/62
f 4380/178/63 702/185/63 703/186/63
f 4380/178/63 703/186/63 4378/179/63
f 704/187/64 4342/180/64 705/188/64
f 722/189/65 723/190/65 724/191/65
f 722/189/65 724/191/65 725/192/65
f 726/193/66 727/194/66 4494/195/66
f 726/193/66 4494/195/66 4425/196/66
f 740/197/1 741/198/1 742/199/1
f 740/197/1 742/199/1 743/200/1
f 743/200/1 742/199/1 748/201/1
f 743/200/1 748/201/1 749/202/1
f 752/197/1 753/200/1 754/199/1
f 753/200/1 760/202/1 761/201/1
f 764/203/1 765/204/1 766/205/1
f 764/203/1 766/205/1 767/206/1
f 4110/206/67 4471/205/67 768/207/67
f 4110/206/67 768/207/67 769/208/67
f 770/209/68 771/210/68 4468/204/68
f 770/209/68 4468/204/68 4115/203/68
f 776/211/69 777/212/69 778/213/69
f 776/211/69 778/213/69 779/214/69
f 780/215/70 4123/216/70 4087/217/70
f 780/215/70 4087/217/70 781/218/70
f 46/8/2 45/7/2 48/219/2
f 46/8/2 48/219/2 47/220/2
f 822/221/6 823/222/6 4670/12/6
f 822/221/6 4670/12/6 4672/14/6
f 824/223/6 822/221/6 4672/14/6
f 824/223/6 4672/14/6 4673/10/6
f 825/224/6 824/223/6 4673/10/6
f 825/224/6 4673/10/6 4674/9/6
f 826/225/7 827/226/7 3575/220/7
f 826/225/7 3575/220/7 3573/227/7
f 827/226/7 828/228/7 3576/8/7
f 827/226/7 3576/8/7 3575/220/7
f 828/228/7 3577/6/7 3576/8/7
f 44/6/2 50/9/2 52/11/2
f 49/227/2 48/219/2 54/13/2
f 49/227/2 54/13/2 53/12/2
f 830/229/71 3574/227/71 4671/12/71
f 830/229/71 4671/12/71 831/230/71
f 3578/6/1 832/231/1 833/232/1
f 3578/6/1 833/232/1 4675/9/1
f 54/13/2 52/11/2 51/10/2
f 54/13/2 51/10/2 55/14/2
f 834/233/72 835/234/72 836/235/72
f 834/233/72 836/235/72 837/236/72
f 4525/234/1 838/237/1 839/238/1
f 4525/234/1 839/238/1 840/239/1
f 841/240/73 4523/239/73 4500/238/73
f 841/240/73 4500/238/73 842/241/73
f 843/242/74 4515/237/74 4526/234/74
f 843/242/74 4526/234/74 4524/233/74
f 844/233/75 845/236/75 846/243/75
f 844/233/75 846/243/75 847/234/75
f 4063/234/1 848/244/1 849/238/1
f 4063/234/1 849/238/1 850/237/1
f 851/240/76 852/241/76 4083/238/76
f 851/240/76 4083/238/76 4067/244/76
f 853/242/77 4062/233/77 4064/234/77
f 853/242/77 4064/234/77 4071/237/77
f 854/245/1 855/246/1 856/247/1
f 854/245/1 856/247/1 857/248/1
f 56/15/1 58/17/1 855/246/1
f 56/15/1 858/249/1 859/250/1
f 56/15/1 859/250/1 57/16/1
f 57/16/1 860/251/1 861/252/1
f 862/245/1 863/248/1 864/247/1
f 862/245/1 864/247/1 865/246/1
f 59/15/1 862/245/1 865/246/1
f 59/15/1 865/246/1 60/17/1
f 59/15/1 61/16/1 866/250/1
f 61/16/1 60/17/1 868/252/1
f 61/16/1 868/252/1 869/251/1
f 857/248/1 856/247/1 870/253/1
f 864/247/1 863/248/1 871/254/1
f 864/247/1 871/254/1 870/253/1
f 872/255/78 873/256/78 874/257/78
f 872/255/78 874/257/78 875/258/78
f 880/259/79 4479/255/79 4480/258/79
f 880/259/79 4480/258/79 881/260/79
f 886/261/80 887/262/80 888/263/80
f 886/261/81 888/263/81 889/264/81
f 4492/265/82 894/266/82 895/267/82
f 4492/265/82 895/267/82 4493/268/82
f 4427/266/83 4481/259/83 4482/260/83
f 4427/266/83 4482/260/83 4428/267/83
f 4408/256/84 896/269/84 897/270/84
f 4408/256/84 897/270/84 4409/257/84
f 904/256/85 905/255/85 906/258/85
f 904/256/85 906/258/85 907/257/85
f 4068/262/86 916/261/86 917/264/86
f 4068/262/86 917/264/86 4069/263/86
f 4102/259/87 920/266/87 921/267/87
f 4102/259/87 921/267/87 4103/260/87
f 4135/266/88 922/265/88 923/268/88
f 4135/266/88 923/268/88 4136/267/88
f 924/271/89 925/272/89 926/273/89
f 924/271/89 926/273/89 927/274/89
f 925/272/89 929/275/89 926/273/89
f 930/276/90 931/277/90 4299/272/90
f 930/276/90 4299/272/90 4273/271/90
f 4298/277/91 932/278/91 4323/279/91
f 4298/277/91 4323/279/91 4300/272/91
f 4324/279/92 933/280/92 934/281/92
f 4324/279/92 934/281/92 4329/275/92
f 935/282/93 4274/271/93 4266/274/93
f 935/282/93 4266/274/93 936/283/93
f 1051/284/4 1053/285/4 1054/286/4
f 1054/286/3 1055/287/3 1056/288/3
f 1054/286/4 1056/288/4 1051/284/4
f 1052/289/4 102/22/4 101/21/4
f 1052/289/3 101/21/3 1053/285/3
f 1055/287/4 100/20/4 99/19/4
f 1055/287/3 99/19/3 1056/288/3
f 1134/290/5 1135/291/5 1136/292/5
f 1134/290/5 1136/292/5 1137/293/5
f 1179/290/5 1180/293/5 1181/292/5
f 1179/290/5 1181/292/5 1182/291/5
f 1230/294/2 1231/295/2 1232/296/2
f 1230/294/2 1232/296/2 1233/297/2
f 1230/294/2 1233/297/2 1234/298/2
f 1230/294/2 1234/298/2 1235/299/2
f 1270/300/2 1271/301/2 1272/302/2
f 1270/300/2 1272/302/2 1273/303/2
f 1270/300/2 1273/303/2 1274/304/2
f 1270/300/2 1274/304/2 1275/305/2
f 1342/306/94 4026/307/94 4009/308/94
f 1342/306/95 4009/308/95 1343/309/95
f 1489/310/96 1490/311/96 1491/312/96
f 1489/310/97 1491/312/97 1492/313/97
f 1490/311/97 1493/314/97 1494/315/97
f 1490/311/96 1494/315/96 1491/312/96
f 1492/313/96 1495/316/96 1496/317/96
f 1497/318/96 1496/317/96 1495/316/96
f 1494/315/96 1493/314/96 1499/319/96
f 1494/315/97 1499/319/97 1500/320/97
f 1501/321/98 1502/322/98 1503/323/98
f 4280/322/99 1505/324/99 1506/325/99
f 4280/322/99 1506/325/99 4253/323/99
f 4265/324/100 1507/326/100 1508/327/100
f 4265/324/100 1508/327/100 4227/325/100
f 4294/328/101 1511/329/101 1512/330/101
f 4294/328/101 1512/330/101 4259/331/101
f 4309/329/102 1513/332/102 1514/333/102
f 4309/329/102 1514/333/102 4284/330/102
f 1515/334/103 1516/335/103 1517/336/103
f 1515/334/103 1517/336/103 1518/337/103
f 1515/334/103 1518/337/103 1519/338/103
f 1515/334/103 1519/338/103 1520/339/103
f 1521/340/104 1522/341/104 1523/342/104
f 1521/340/104 1523/342/104 1524/343/104
f 4595/343/105 1525/344/105 1526/345/105
f 4602/345/106 4636/344/106 1527/346/106
f 4602/345/106 1527/346/106 1528/347/106
f 1529/348/107 1530/349/107 4637/344/107
f 1529/348/107 4637/344/107 4630/342/107
f 1531/350/108 1532/351/108 4596/343/108
f 1531/350/108 4596/343/108 4603/345/108
f 1533/352/108 1534/353/108 1535/354/108
f 1533/352/108 1535/354/108 1536/355/108
f 1537/356/109 1538/357/109 1539/358/109
f 1537/356/109 1539/358/109 1540/359/109
f 4648/359/106 4582/352/106 4583/355/106
f 4648/359/106 4583/355/106 4649/356/106
f 1543/360/110 1544/361/110 1545/362/110
f 1543/360/110 1545/362/110 1546/363/110
f 4662/363/109 4656/362/109 1547/364/109
f 4662/363/109 1547/364/109 1548/365/109
f 1549/366/111 1550/367/111 1551/368/111
f 1549/366/111 1551/368/111 1552/369/111
f 1553/370/104 1554/371/104 4657/362/104
f 1553/370/104 4657/362/104 4628/361/104
f 1557/372/108 1558/373/108 1559/374/108
f 1557/372/108 1559/374/108 1560/375/108
f 1561/376/109 1562/377/109 1563/378/109
f 1561/376/109 1563/378/109 1564/379/109
f 1565/380/112 4654/378/112 4651/377/112
f 1565/380/113 4651/377/113 1566/381/113
f 4660/379/114 1567/382/114 1568/383/114
f 4660/379/114 1568/383/114 4661/376/114
f 1569/384/115 1570/385/115 1571/386/115
f 1569/384/115 1571/386/115 1572/387/115
f 4576/387/2 4550/386/2 1573/388/2
f 4576/387/2 1573/388/2 1574/389/2
f 4658/389/116 4632/388/116 1575/390/116
f 1577/391/104 1578/392/104 4633/388/104
f 1577/391/104 4633/388/104 4551/386/104
f 1579/393/106 1580/394/106 4577/387/106
f 1579/393/106 4577/387/106 4659/389/106
f 1581/395/108 1582/396/108 1583/397/108
f 4580/398/2 4553/397/2 1585/399/2
f 4580/398/2 1585/399/2 1586/400/2
f 4652/400/109 4626/399/109 1587/401/109
f 4652/400/109 1587/401/109 1588/402/109
f 1589/403/117 1590/404/117 1591/405/117
f 1589/403/117 1591/405/117 1592/406/117
f 1595/407/106 1596/408/106 4581/398/106
f 1595/407/106 4581/398/106 4653/400/106
f 1633/409/118 1634/410/118 3607/411/118
f 1633/409/118 3607/411/118 3596/412/118
f 3742/413/119 3846/414/119 3858/415/119
f 3858/415/120 3759/416/120 3742/413/120
f 3788/417/120 3759/416/120 3848/418/120
f 3758/419/120 3785/420/120 3816/421/120
f 3758/419/120 3816/421/120 3846/414/120
f 1725/422/2 1726/423/2 1727/424/2
f 1725/422/2 1727/424/2 1728/425/2
f 1726/423/2 1729/426/2 1730/427/2
f 1726/423/2 1730/427/2 1727/424/2
f 1729/426/2 1731/428/2 1732/429/2
f 1729/426/2 1732/429/2 1730/427/2
f 1731/428/2 1733/430/2 1734/431/2
f 1731/428/2 1734/431/2 1732/429/2
f 1733/430/2 1735/432/2 1736/433/2
f 1733/430/2 1736/433/2 1734/431/2
f 1735/432/2 1737/434/2 1738/435/2
f 1735/432/2 1738/435/2 1736/433/2
f 1739/436/2 1740/437/2 1741/438/2
f 1739/436/2 1741/438/2 1742/439/2
f 1740/437/2 1725/422/2 1728/425/2
f 1740/437/2 1728/425/2 1741/438/2
f 1760/440/121 1761/441/121 3834/442/121
f 1760/440/122 3834/442/122 3890/443/122
f 1772/444/123 1773/445/123 1774/446/123
f 1772/444/123 1774/446/123 1775/447/123
f 1776/448/124 1777/449/124 1778/450/124
f 1776/448/124 1778/450/124 1779/451/124
f 3900/450/125 1780/452/125 1781/453/125
f 3900/450/125 1781/453/125 3868/451/125
f 3887/448/126 3853/445/126 3870/444/126
f 3887/448/126 3870/444/126 3920/449/126
f 1782/454/127 1783/455/127 1784/456/127
f 1782/454/127 1784/456/127 1785/457/127
f 1786/458/128 1787/459/128 1788/460/128
f 1786/458/128 1788/460/128 1789/461/128
f 3885/460/129 3912/459/129 3879/456/129
f 3885/460/129 3879/456/129 3855/455/129
f 3897/458/130 3872/461/130 1790/462/130
f 3897/458/130 1790/462/130 1791/463/130
f 1792/464/131 1793/465/131 1794/446/131
f 1792/464/132 1794/446/132 1795/466/132
f 1796/467/133 1797/468/133 1798/469/133
f 1796/467/133 1798/469/133 1799/470/133
f 3695/469/134 1800/471/134 1801/453/134
f 3695/469/134 1801/453/134 3669/470/134
f 3685/467/135 3644/465/135 3671/464/135
f 3685/467/135 3671/464/135 3712/468/135
f 1802/454/136 1803/472/136 1804/473/136
f 1802/454/136 1804/473/136 1805/474/136
f 1806/458/137 1807/459/137 1808/460/137
f 1806/458/137 1808/460/137 1809/461/137
f 3682/460/138 3706/459/138 3679/473/138
f 3682/460/138 3679/473/138 3652/472/138
f 3692/458/139 3670/461/139 1810/475/139
f 3692/458/139 1810/475/139 1811/476/139
f 3810/477/2 3825/478/2 3995/479/2
f 3810/477/2 3995/479/2 4011/480/2
f 4011/480/2 3996/481/2 3827/482/2
f 4011/480/2 3827/482/2 3810/477/2
f 3867/483/2 3827/482/2 3996/481/2
f 3867/483/2 3996/481/2 3946/484/2
f 3825/478/2 3861/485/2 3939/486/2
f 3825/478/2 3939/486/2 3995/479/2
f 1832/487/140 1833/488/140 1834/489/140
f 1832/487/140 1834/489/140 1835/490/140
f 3979/488/141 1836/491/141 1837/492/141
f 3979/488/141 1837/492/141 3959/489/141
f 1838/493/142 1839/494/142 1840/495/142
f 1838/493/142 1840/495/142 1841/496/142
f 3998/494/143 3981/490/143 3972/495/143
f 1842/497/144 1843/498/144 1844/499/144
f 1842/497/145 1844/499/145 1845/500/145
f 3843/498/146 1846/501/146 1847/502/146
f 1848/503/147 1849/504/147 1850/505/147
f 1848/503/147 1850/505/147 1851/506/147
f 3903/504/148 3860/497/148 3869/500/148
f 3903/504/148 3869/500/148 3896/505/148
f 1852/497/149 1853/498/149 1854/499/149
f 1852/497/150 1854/499/150 1855/500/150
f 3963/498/151 1856/507/151 1857/502/151
f 1858/508/152 1859/504/152 1860/505/152
f 1858/508/152 1860/505/152 1861/506/152
f 3891/504/153 3940/497/153 3926/500/153
f 3891/504/153 3926/500/153 3899/505/153
f 1862/487/154 1863/488/154 1864/489/154
f 1862/487/155 1864/489/155 1865/490/155
f 3831/488/156 1866/491/156 1867/492/156
f 3831/488/156 1867/492/156 3847/489/156
f 1868/493/157 1870/495/157 1871/496/157
f 3821/494/158 3801/487/158 3830/490/158
f 3821/494/158 3830/490/158 3837/495/158
f 1872/487/159 1873/488/159 1874/489/159
f 1872/487/149 1874/489/149 1875/490/149
f 3722/488/160 1876/491/160 1877/492/160
f 3722/488/160 1877/492/160 3711/489/160
f 1878/493/152 1879/494/152 1880/495/152
f 1878/493/161 1880/495/161 1881/496/161
f 3680/494/162 3707/487/162 3697/490/162
f 3621/477/2 3632/478/2 3728/479/2
f 3621/477/2 3728/479/2 3734/480/2
f 3734/480/2 3729/481/2 3633/482/2
f 3734/480/2 3633/482/2 3621/477/2
f 3663/483/2 3633/482/2 3729/481/2
f 3663/483/2 3729/481/2 3710/484/2
f 3632/478/2 3658/485/2 3705/486/2
f 3632/478/2 3705/486/2 3728/479/2
f 1902/487/145 1903/488/145 1904/489/145
f 1902/487/163 1904/489/163 1905/490/163
f 3643/488/146 1906/491/146 1907/492/146
f 3643/488/146 1907/492/146 3656/489/146
f 1908/493/147 1910/495/147 1911/496/147
f 3688/494/148 3657/487/148 3664/490/148
f 3688/494/164 3664/490/164 3683/495/164
f 1912/487/165 1913/488/165 1914/489/165
f 1912/487/166 1914/489/166 1915/490/166
f 3725/488/167 1917/492/167 3715/489/167
f 1918/493/142 1919/494/142 1920/495/142
f 1918/493/142 1920/495/142 1921/496/142
f 3730/494/143 3735/487/143 3726/490/143
f 3730/494/143 3726/490/143 3723/495/143
f 1922/487/155 1923/488/155 1924/489/155
f 1922/487/168 1924/489/168 1925/490/168
f 3641/488/156 1926/491/156 1927/492/156
f 3641/488/156 1927/492/156 3649/489/156
f 1928/493/157 1929/494/157 1930/495/157
f 1928/493/157 1930/495/157 1931/496/157
f 3629/494/169 3620/487/169 3640/490/169
f 3629/494/170 3640/490/170 3642/495/170
f 1940/509/171 1941/510/171 1942/511/171
f 1940/509/171 1942/511/171 1943/512/171
f 1944/513/172 1945/441/172 3638/442/172
f 1944/513/172 3638/442/172 3704/443/172
f 1978/514/2 1979/515/2 1980/516/2
f 1978/514/2 1980/516/2 1981/517/2
f 1981/517/2 1982/518/2 1983/519/2
f 1984/520/2 1980/516/2 1979/515/2
f 1984/520/2 1979/515/2 1985/521/2
f 1982/518/2 1986/522/2 1987/523/2
f 1982/518/2 1987/523/2 1983/519/2
f 1988/524/5 1989/525/5 1990/526/5
f 1988/524/5 1990/526/5 1991/527/5
f 1992/528/5 1988/524/5 1991/527/5
f 1992/528/5 1991/527/5 1993/529/5
f 1994/530/5 1992/528/5 1993/529/5
f 1994/530/5 1993/529/5 1995/531/5
f 1989/525/5 1996/532/5 1997/533/5
f 1989/525/5 1997/533/5 1990/526/5
f 2060/534/173 2062/535/173 2063/536/173
f 4643/537/174 2068/538/174 2069/539/174
f 4643/537/174 2069/539/174 4650/540/174
f 2074/541/175 2075/542/175 2076/543/175
f 2074/541/176 2076/543/176 2077/544/176
f 2078/545/177 2079/546/177 2077/544/177
f 2078/545/177 2077/544/177 2076/543/177
f 2080/547/178 2081/548/178 2082/549/178
f 2080/547/179 2083/550/179 2084/551/179
f 2080/547/180 2084/551/180 2085/552/180
f 2108/514/2 2109/515/2 2110/516/2
f 2108/514/2 2110/516/2 2111/517/2
f 2111/517/2 2112/518/2 2113/519/2
f 2111/517/2 2113/519/2 2108/514/2
f 2114/520/2 2110/516/2 2109/515/2
f 2114/520/2 2109/515/2 2115/521/2
f 2112/518/2 2116/522/2 2117/523/2
f 2112/518/2 2117/523/2 2113/519/2
f 2118/524/5 2120/526/5 2121/527/5
f 2122/528/5 2118/524/5 2121/527/5
f 2122/528/5 2121/527/5 2123/529/5
f 2124/530/5 2122/528/5 2123/529/5
f 2119/525/5 2126/532/5 2127/533/5
f 2119/525/5 2127/533/5 2120/526/5
f 2190/534/181 2191/553/181 2192/535/181
f 2190/534/182 2192/535/182 2193/536/182
f 3691/537/183 2198/538/183 2199/539/183
f 3691/537/183 2199/539/183 3672/540/183
f 2204/541/184 2205/542/184 2206/543/184
f 2204/541/185 2206/543/185 2207/544/185
f 2208/545/186 2207/544/186 2206/543/186
f 2210/547/187 2213/550/187 2214/551/187
f 2244/554/2 2245/555/2 3665/556/2
f 2246/557/2 2247/558/2 3580/559/2
f 2246/557/2 3580/559/2 3583/560/2
f 2248/561/2 2246/557/2 3583/560/2
f 2248/561/2 3583/560/2 3624/562/2
f 2249/563/2 2248/561/2 3624/562/2
f 2249/563/2 3624/562/2 3666/564/2
f 2250/565/2 2249/563/2 3666/564/2
f 2250/565/2 3666/564/2 3677/566/2
f 2245/555/2 2250/565/2 3677/566/2
f 2245/555/2 3677/566/2 3665/556/2
f 2262/567/2 2263/568/2 2264/569/2
f 2262/567/2 2264/569/2 2265/570/2
f 2266/571/2 2264/569/2 2263/568/2
f 2266/571/2 2263/568/2 2267/572/2
f 225/25/2 2266/571/2 2267/572/2
f 225/25/2 2267/572/2 226/26/2
f 2300/561/2 4621/573/2 2301/574/2
f 2308/554/2 4625/575/2 4647/576/2
f 2308/554/2 4647/576/2 2306/577/2
f 2309/555/2 4622/556/2 4625/575/2
f 2309/555/2 4625/575/2 2308/554/2
f 2310/565/2 4618/566/2 4622/556/2
f 2310/565/2 4622/556/2 2309/555/2
f 2301/574/2 4621/573/2 4618/566/2
f 2301/574/2 4618/566/2 2310/565/2
f 4667/578/188 4669/579/188 2326/580/188
f 4667/578/188 2326/580/188 2327/581/188
f 2330/570/2 2331/567/2 2332/568/2
f 2330/570/2 2332/568/2 2333/569/2
f 2334/572/2 2335/571/2 2333/569/2
f 2334/572/2 2333/569/2 2332/568/2
f 229/26/2 228/25/2 2335/571/2
f 229/26/2 2335/571/2 2334/572/2
f 2372/582/2 2373/583/2 3667/584/2
f 2376/585/2 2377/586/2 3581/587/2
f 2376/585/2 3581/587/2 3584/588/2
f 2378/589/2 2376/585/2 3584/588/2
f 2379/590/2 2378/589/2 3626/591/2
f 2379/590/2 3626/591/2 3668/592/2
f 2380/593/2 2379/590/2 3668/592/2
f 2380/593/2 3668/592/2 3678/594/2
f 2373/583/2 2380/593/2 3678/594/2
f 2373/583/2 3678/594/2 3667/584/2
f 2390/595/2 2391/596/2 2392/597/2
f 2390/595/2 2392/597/2 2393/598/2
f 2394/599/2 2392/597/2 2391/596/2
f 231/28/2 2394/599/2 2395/600/2
f 231/28/2 2395/600/2 232/29/2
f 2400/601/2 233/30/2 235/32/2
f 2400/601/2 235/32/2 2401/602/2
f 2402/603/5 238/35/5 241/38/5
f 2402/603/5 241/38/5 2403/604/5
f 2401/602/2 235/32/2 236/33/2
f 2401/602/2 236/33/2 2408/605/2
f 2409/606/5 239/36/5 238/35/5
f 2409/606/5 238/35/5 2402/603/5
f 2426/601/2 243/30/2 245/32/2
f 2426/601/2 245/32/2 2427/602/2
f 2432/603/5 248/35/5 251/38/5
f 2432/603/5 251/38/5 2433/604/5
f 2427/602/2 245/32/2 246/33/2
f 2427/602/2 246/33/2 2438/605/2
f 2439/606/5 249/36/5 248/35/5
f 2439/606/5 248/35/5 2432/603/5
f 2470/601/2 2471/602/2 254/32/2
f 2470/601/2 254/32/2 253/30/2
f 2472/603/5 2473/604/5 261/38/5
f 2472/603/5 261/38/5 258/35/5
f 2471/602/2 2478/605/2 256/33/2
f 2479/606/5 2472/603/5 258/35/5
f 2479/606/5 258/35/5 260/36/5
f 2502/607/6 2503/608/6 2504/609/6
f 2502/607/6 2504/609/6 2505/610/6
f 2504/609/6 2503/608/6 264/41/6
f 2504/609/6 264/41/6 263/40/6
f 265/42/6 264/41/6 2506/611/6
f 265/42/6 2506/611/6 2507/612/6
f 2508/613/7 2509/614/7 2510/615/7
f 2508/613/7 2510/615/7 2511/616/7
f 2510/615/7 266/43/7 268/45/7
f 2510/615/7 268/45/7 2511/616/7
f 267/44/7 2512/617/7 2513/618/7
f 267/44/7 2513/618/7 268/45/7
f 2518/619/189 3749/620/189 3778/621/189
f 2518/619/189 3778/621/189 2519/622/189
f 3750/623/190 2522/624/190 2523/625/190
f 3750/623/190 2523/625/190 3779/626/190
f 3748/624/5 2524/627/5 2525/628/5
f 3748/624/5 2525/628/5 3777/625/5
f 2558/629/1 2559/630/1 2560/631/1
f 2558/629/1 2560/631/1 2561/632/1
f 3718/633/71 3877/634/71 2564/635/71
f 3718/633/71 2564/635/71 2565/636/71
f 2570/637/6 2571/638/6 2572/639/6
f 2570/637/6 2572/639/6 2573/640/6
f 2574/641/7 2575/642/7 3721/632/7
f 2574/641/7 3721/632/7 3719/633/7
f 2564/635/71 3877/634/71 4076/639/71
f 2564/635/71 4076/639/71 2576/643/71
f 2560/631/1 2559/630/1 2579/644/1
f 2560/631/1 2579/644/1 4078/640/1
f 2580/607/6 2581/608/6 2582/609/6
f 2580/607/6 2582/609/6 2583/610/6
f 2582/609/6 2581/608/6 270/41/6
f 2582/609/6 270/41/6 269/40/6
f 271/42/6 270/41/6 2584/611/6
f 271/42/6 2584/611/6 2585/612/6
f 2586/613/7 2587/614/7 2588/615/7
f 2586/613/7 2588/615/7 2589/616/7
f 2588/615/7 272/43/7 274/45/7
f 2588/615/7 274/45/7 2589/616/7
f 273/44/7 2590/617/7 2591/618/7
f 273/44/7 2591/618/7 274/45/7
f 2596/619/189 4023/620/189 4060/621/189
f 2596/619/189 4060/621/189 2597/645/189
f 4024/623/190 2600/624/190 2601/625/190
f 4024/623/190 2601/625/190 4061/626/190
f 4022/624/5 2602/627/5 2603/628/5
f 4022/624/5 2603/628/5 4059/625/5
f 2636/607/6 2637/608/6 2638/609/6
f 2636/607/6 2638/609/6 2639/610/6
f 2638/609/6 2637/608/6 276/41/6
f 2638/609/6 276/41/6 275/40/6
f 277/42/6 276/41/6 2640/618/6
f 2642/607/7 2643/610/7 2644/609/7
f 2642/607/7 2644/609/7 2645/608/7
f 2644/609/7 278/40/7 280/41/7
f 2644/609/7 280/41/7 2645/608/7
f 279/42/7 2647/618/7 280/41/7
f 2652/646/191 4518/620/191 4534/621/191
f 2652/646/191 4534/621/191 2653/645/191
f 4519/623/192 2656/624/192 2657/625/192
f 4519/623/192 2657/625/192 4535/626/192
f 4517/624/5 2658/627/5 2659/628/5
f 4517/624/5 2659/628/5 4533/625/5
f 2692/629/1 2693/630/1 2694/631/1
f 2692/629/1 2694/631/1 2695/632/1
f 4505/633/71 4563/634/71 2698/635/71
f 4505/633/71 2698/635/71 2699/647/71
f 2704/637/6 2705/638/6 2706/639/6
f 2704/637/6 2706/639/6 2707/640/6
f 2708/641/7 2709/642/7 4508/632/7
f 2708/641/7 4508/632/7 4506/633/7
f 2698/635/71 4563/634/71 4611/639/71
f 2698/635/71 4611/639/71 2710/643/71
f 2694/631/1 2693/630/1 2713/644/1
f 2694/631/1 2713/644/1 4613/640/1
f 2714/607/6 2715/608/6 2716/609/6
f 2714/607/6 2716/609/6 2717/610/6
f 2716/609/6 2715/608/6 282/41/6
f 2716/609/6 282/41/6 281/40/6
f 283/42/6 282/41/6 2718/618/6
f 2720/607/7 2721/610/7 2722/609/7
f 2720/607/7 2722/609/7 2723/608/7
f 2722/609/7 284/40/7 286/41/7
f 2722/609/7 286/41/7 2723/608/7
f 285/42/7 2725/618/7 286/41/7
f 4590/623/192 2734/624/192 2735/625/192
f 4590/623/192 2735/625/192 4606/626/192
f 4588/624/5 2736/627/5 2737/628/5
f 4588/624/5 2737/628/5 4604/625/5
f 2803/648/193 2804/649/193 2805/650/193
f 2803/648/193 2805/650/193 2806/651/193
f 2804/649/193 287/46/193 289/48/193
f 2804/649/193 289/48/193 2805/650/193
f 292/51/193 2803/648/193 2806/651/193
f 292/51/193 2806/651/193 290/49/193
f 2840/648/194 2841/649/194 2842/652/194
f 2840/648/194 2842/652/194 2843/651/194
f 2841/649/11 293/52/11 295/53/11
f 2841/649/194 295/53/194 2842/652/194
f 298/51/194 2840/648/194 2843/651/194
f 298/51/11 2843/651/11 296/49/11
f 2844/653/1 2845/654/1 2846/655/1
f 2844/653/1 2846/655/1 2847/656/1
f 2848/657/195 4510/655/195 2849/658/195
f 2848/657/196 2849/658/196 2850/659/196
f 2852/660/197 2853/661/197 2854/662/197
f 2852/660/197 2854/662/197 2855/663/197
f 2856/664/1 2857/665/1 2858/655/1
f 2860/657/198 2861/659/198 2862/658/198
f 2860/657/199 2862/658/199 4073/655/199
f 4079/654/200 4074/655/200 4072/658/200
f 4079/654/200 4072/658/200 2863/666/200
f 2864/667/201 2865/668/201 2866/662/201
f 2864/667/201 2866/662/201 2867/669/201
f 2868/670/202 2869/671/202 2870/672/202
f 2868/670/202 2870/672/202 2871/673/202
f 4088/670/1 2872/674/1 2873/675/1
f 4088/670/1 2873/675/1 4495/671/1
f 2944/676/2 2945/677/2 2946/678/2
f 2944/676/2 2946/678/2 2947/679/2
f 2947/679/2 2946/678/2 2965/680/2
f 2947/679/2 2965/680/2 2966/681/2
f 2971/682/203 2972/683/203 4447/684/203
f 2973/685/204 4501/686/204 4502/687/204
f 2978/688/204 2973/685/204 4502/687/204
f 2978/688/204 4502/687/204 4503/689/204
f 2975/690/203 2979/691/203 2980/692/203
f 2975/690/203 2980/692/203 2976/693/203
f 2982/694/204 2978/688/204 4503/689/204
f 2982/694/204 4503/689/204 4504/695/204
f 2988/683/205 2991/690/205 2992/693/205
f 2988/683/205 2992/693/205 4252/684/205
f 2994/688/206 4254/687/206 4368/689/206
f 2991/690/205 2995/691/205 2996/692/205
f 2998/694/206 2994/688/206 4368/689/206
f 2998/694/206 4368/689/206 4445/695/206
f 3003/676/2 3004/677/2 3005/678/2
f 3003/676/2 3005/678/2 3006/679/2
f 3006/679/2 3005/678/2 3024/680/2
f 3006/679/2 3024/680/2 3025/681/2
f 3030/682/6 3031/683/6 4096/684/6
f 3030/682/6 4096/684/6 4095/696/6
f 3032/685/7 4057/686/7 4058/687/7
f 3031/683/6 3034/690/6 3035/693/6
f 3031/683/6 3035/693/6 4096/684/6
f 3037/688/7 3032/685/7 4058/687/7
f 3037/688/7 4058/687/7 4056/689/7
f 3046/676/2 3047/677/2 3048/678/2
f 3046/676/2 3048/678/2 3049/679/2
f 3049/679/2 3048/678/2 3067/680/2
f 3049/679/2 3067/680/2 3068/681/2
f 3073/682/207 3074/683/207 4318/684/207
f 3073/682/207 4318/684/207 4452/696/207
f 3075/685/208 3076/697/208 4446/686/208
f 3075/685/208 4446/686/208 4316/687/208
f 3074/683/207 3077/690/207 3078/693/207
f 3074/683/207 3078/693/207 4318/684/207
f 3080/688/208 4316/687/208 4186/689/208
f 3077/690/207 3081/691/207 3082/692/207
f 3077/690/207 3082/692/207 3078/693/207
f 3084/694/208 3080/688/208 4186/689/208
f 3084/694/208 4186/689/208 4091/695/208
f 3089/676/2 3090/677/2 3091/678/2
f 3089/676/2 3091/678/2 3092/679/2
f 3092/679/2 3091/678/2 3110/680/2
f 3092/679/2 3110/680/2 3111/681/2
f 3160/698/209 3161/699/209 3162/700/209
f 3160/698/209 3162/700/209 3163/701/209
f 3164/702/209 3160/698/209 3163/701/209
f 3164/702/209 3163/701/209 3165/703/209
f 3166/704/209 3164/702/209 3165/703/209
f 3166/704/209 3165/703/209 3167/705/209
f 3166/704/209 3167/705/209 3168/706/209
f 3166/704/209 3168/706/209 3169/707/209
f 3161/699/209 3171/708/209 3162/700/209
f 3172/709/210 3173/710/210 3174/711/210
f 3172/709/210 3174/711/210 3175/712/210
f 3774/710/211 3177/713/211 3932/711/211
f 3178/714/212 3179/715/212 3180/716/212
f 3178/714/212 3180/716/212 3181/717/212
f 3812/715/213 3799/709/213 3961/712/213
f 3812/715/214 3961/712/214 3980/716/214
f 3190/709/215 3191/710/215 3192/711/215
f 3906/710/216 3194/718/216 3195/713/216
f 3906/710/216 3195/713/216 3765/711/216
f 3196/714/217 3197/715/217 3198/716/217
f 3196/714/217 3198/716/217 3199/717/217
f 3953/715/218 3775/712/218 3795/716/218
f 3222/719/219 3223/720/219 3224/721/219
f 3226/722/220 3227/723/220 3224/721/220
f 3226/722/220 3224/721/220 3223/720/220
f 3228/724/221 3229/725/221 3230/726/221
f 3228/724/221 3231/727/221 3232/728/221
f 3228/724/221 3232/728/221 3233/729/221
f 3234/730/222 3235/731/222 3236/732/222
f 3234/730/222 3236/732/222 3237/733/222
f 3238/734/223 3767/730/223 3754/733/223
f 3238/734/224 3754/733/224 3239/735/224
f 3240/736/225 3764/734/225 3741/735/225
f 3240/736/226 3741/735/226 3241/737/226
f 3242/738/227 3752/736/227 3736/737/227
f 3242/738/228 3736/737/228 3243/739/228
f 3244/740/229 3753/738/229 3737/739/229
f 3244/740/230 3737/739/230 3245/741/230
f 3768/731/231 3246/742/231 3247/743/231
f 3768/731/232 3247/743/232 3755/732/232
f 3248/744/233 3250/745/233 3251/746/233
f 3252/747/234 3253/748/234 3254/749/234
f 3252/747/234 3254/749/234 3255/750/234
f 3256/751/235 3803/747/235 3760/750/235
f 3256/751/236 3760/750/236 3257/752/236
f 3258/753/237 3791/751/237 3744/752/237
f 3258/753/237 3744/752/237 3259/754/237
f 3260/755/238 3793/753/238 3746/754/238
f 3260/755/239 3746/754/239 3261/756/239
f 3819/757/240 3805/755/240 3762/756/240
f 3819/757/241 3762/756/241 3772/745/241
f 3347/758/242 3348/759/242 3349/760/242
f 3347/758/243 3349/760/243 3350/761/243
f 3351/762/242 3347/758/242 3350/761/242
f 3351/762/242 3350/761/242 3352/763/242
f 3353/764/242 3351/762/242 3352/763/242
f 3353/764/242 3352/763/242 3354/765/242
f 3348/759/242 3355/766/242 3356/767/242
f 3401/768/244 3402/769/244 3403/770/244
f 3401/768/245 3403/770/245 3404/771/245
f 4157/772/246 3411/773/246 3412/774/246
f 4157/772/247 3412/774/247 4140/775/247
f 3415/776/248 3416/777/248 3417/778/248
f 3415/776/249 3417/778/249 3418/779/249
f 3419/780/250 3420/781/250 3418/779/250
f 3419/780/251 3418/779/251 3417/778/251
f 3421/782/252 3423/783/252 3424/784/252
f 3421/782/252 3424/784/252 3425/785/252
f 3421/782/253 3425/785/253 3426/786/253
f 3449/758/254 3450/761/254 3451/760/254
f 3449/758/254 3451/760/254 3452/759/254
f 3453/762/255 3454/763/255 3450/761/255
f 3453/762/254 3450/761/254 3449/758/254
f 3455/764/254 3454/763/254 3453/762/254
f 3452/759/256 3451/760/256 3457/767/256
f 3452/759/254 3457/767/254 3458/766/254
f 3503/768/257 3504/771/257 3505/770/257
f 3503/768/258 3505/770/258 3506/769/258
f 4403/772/259 4416/775/259 3513/774/259
f 4403/772/260 3513/774/260 3514/773/260
f 3517/776/261 3518/779/261 3519/778/261
f 3517/776/262 3519/778/262 3520/777/262
f 3521/780/263 3519/778/263 3518/779/263
f 3521/780/262 3518/779/262 3522/781/262
f 3523/782/264 3525/783/264 3526/787/264
f 3523/782/265 3527/786/265 3528/785/265
f 3523/782/266 3528/785/266 3524/784/266
f 3529/788/267 3531/789/267 3532/790/267
f 3530/791/268 3533/792/268 3534/793/268
f 3530/791/267 3534/793/267 3531/789/267
f 3535/788/269 3536/790/269 3537/789/269
f 3535/788/269 3537/789/269 3538/791/269
f 3538/791/269 3537/789/269 3539/793/269
f 3538/791/269 3539/793/269 3540/792/269
f 3540/792/269 3539/793/269 320/794/270
f 3541/788/271 3542/791/271 3543/789/271
f 3542/791/272 3545/792/272 3546/793/272
f 3542/791/271 3546/793/271 3543/789/271
f 3547/788/273 3549/789/273 3550/791/273
f 3550/791/274 3551/793/274 3552/792/274
f 3552/792/273 3551/793/273 326/794/275
f 3553/795/13 3554/796/13 3555/797/13
f 3553/795/276 3555/797/276 3556/798/276
f 3554/796/277 328/57/277 330/59/277
f 3554/796/13 330/59/13 3555/797/13
f 3557/795/278 3558/798/278 3559/797/278
f 3557/795/278 3559/797/278 3560/796/278
f 3560/796/279 3559/797/279 332/59/279
f 3560/796/280 332/59/280 331/57/280
f 3561/795/281 3562/796/281 3563/797/281
f 3561/795/282 3563/797/282 3564/798/282
f 3562/796/283 334/57/283 336/59/283
f 3562/796/284 336/59/284 3563/797/284
f 3565/795/285 3566/798/285 3567/797/285
f 3565/795/286 3567/797/286 3568/796/286
f 3568/796/285 3567/797/285 338/59/285
f 3568/796/287 338/59/287 337/57/287
f 3569/799/2 3570/800/2 3571/801/2
f 3569/799/2 3571/801/2 3572/802/2
s 1
f 6/101/288 7/803/289 8/804/290
f 9/106/291 10/805/292 11/107/293
f 12/101/294 13/804/295 14/803/296
f 15/106/297 16/107/298 17/805/299
f 18/806/300 19/807/301 20/102/302
f 21/808/303 22/809/304 23/810/303
f 24/811/305 25/812/306 26/813/307
f 27/814/308 28/815/309 29/816/310
f 30/817/311 31/818/312 32/819/313
f 33/820/314 31/818/312 30/817/311
f 34/821/315 35/822/316 36/823/317
f 37/817/318 38/819/319 39/818/320
f 40/820/321 37/817/318 39/818/320
f 41/821/322 42/823/323 43/822/324
f 47/220/2 48/219/2 49/227/2
f 62/824/325 63/825/326 64/826/327
f 65/827/328 66/828/329 67/829/330
f 68/830/331 69/831/332 70/832/333
f 71/833/334 72/834/335 73/835/336
f 74/836/337 75/837/338 76/838/339
f 77/839/340 78/840/341 79/841/342
f 80/842/343 81/843/344 82/844/345
f 83/845/346 84/846/347 85/847/348
f 86/848/349 87/849/350 88/850/351
f 89/851/352 90/852/353 91/853/354
f 92/854/355 93/855/356 94/856/357
f 95/857/358 96/858/359 97/859/360
f 104/860/361 105/861/362 106/862/363
f 107/863/364 108/864/365 109/865/366
f 108/864/365 110/866/367 109/865/366
f 110/866/367 111/867/368 109/865/366
f 111/867/368 112/868/369 109/865/366
f 112/868/369 113/869/370 109/865/366
f 113/869/370 114/870/371 109/865/366
f 114/870/371 115/871/372 109/865/366
f 115/871/372 116/872/373 109/865/366
f 116/872/373 117/873/374 109/865/366
f 117/873/374 118/874/375 109/865/366
f 118/874/375 119/875/376 109/865/366
f 119/875/376 120/876/377 109/865/366
f 120/876/377 107/863/364 109/865/366
f 121/877/378 122/878/379 123/879/380
f 122/878/379 124/880/381 123/879/380
f 124/880/381 125/881/382 123/879/380
f 125/881/382 126/882/383 123/879/380
f 126/882/383 127/883/384 123/879/380
f 128/884/385 129/885/386 123/879/380
f 129/885/386 130/886/387 123/879/380
f 130/886/387 131/887/388 123/879/380
f 131/887/388 132/888/389 123/879/380
f 132/888/389 133/889/390 123/879/380
f 133/889/390 134/890/391 123/879/380
f 134/890/391 121/877/378 123/879/380
f 135/891/392 136/892/393 137/893/394
f 137/893/394 136/892/393 138/894/395
f 139/895/396 140/896/397 141/897/398
f 141/897/398 140/896/397 142/898/399
f 143/899/400 137/893/394 138/894/395
f 139/895/396 141/897/398 144/900/401
f 145/901/402 146/902/403 147/903/404
f 147/903/404 146/902/403 148/904/405
f 148/904/405 146/902/403 149/905/406
f 150/906/407 151/907/408 152/908/409
f 150/906/407 153/909/410 151/907/408
f 151/907/408 153/909/410 154/910/411
f 155/411/412 156/911/413 157/412/414
f 157/412/414 156/911/413 158/912/415
f 159/913/416 160/914/417 161/915/418
f 161/915/418 160/914/417 162/916/419
f 163/917/420 157/412/414 158/912/415
f 159/913/416 161/915/418 164/918/421
f 165/919/422 166/920/423 167/921/424
f 168/922/425 165/919/422 167/921/424
f 169/923/426 168/922/425 167/921/424
f 170/924/427 169/923/426 167/921/424
f 171/925/428 170/924/427 167/921/424
f 166/920/423 171/925/428 167/921/424
f 172/926/429 173/927/430 174/928/431
f 173/927/430 175/929/432 174/928/431
f 175/929/432 176/930/433 174/928/431
f 176/930/433 177/931/434 174/928/431
f 177/931/434 178/932/435 174/928/431
f 178/932/435 172/926/429 174/928/431
f 179/933/436 180/934/437 181/935/438
f 182/936/439 179/933/436 181/935/438
f 183/937/440 182/936/439 181/935/438
f 184/938/441 183/937/440 181/935/438
f 185/939/442 184/938/441 181/935/438
f 180/934/437 185/939/442 181/935/438
f 186/940/443 187/941/444 188/942/445
f 187/941/444 189/943/446 188/942/445
f 189/943/446 190/944/447 188/942/445
f 190/944/447 191/945/448 188/942/445
f 191/945/448 192/946/449 188/942/445
f 192/946/449 186/940/443 188/942/445
f 193/947/450 194/948/451 195/949/452
f 196/950/453 197/951/454 198/952/455
f 199/953/456 200/954/457 201/955/458
f 202/956/459 203/957/460 204/958/2
f 203/957/460 205/959/461 204/958/2
f 205/959/461 206/960/462 204/958/2
f 206/960/462 207/961/463 204/958/2
f 207/961/463 208/962/464 204/958/2
f 208/962/464 209/963/465 204/958/2
f 209/963/465 210/964/466 204/958/2
f 210/964/466 211/965/467 204/958/2
f 211/965/467 212/966/468 204/958/2
f 212/966/468 202/956/459 204/958/2
f 213/956/469 214/957/470 215/958/2
f 214/957/470 216/959/471 215/958/2
f 216/959/471 217/960/472 215/958/2
f 217/960/472 218/961/473 215/958/2
f 218/961/473 219/962/474 215/958/2
f 219/962/474 220/963/475 215/958/2
f 220/963/475 221/964/476 215/958/2
f 221/964/476 222/965/477 215/958/2
f 222/965/477 223/966/478 215/958/2
f 223/966/478 213/956/469 215/958/2
f 299/967/479 300/968/480 301/969/481
f 300/968/480 302/970/482 301/969/481
f 302/970/482 303/971/483 301/969/481
f 303/971/483 304/972/484 301/969/481
f 304/972/484 305/973/485 301/969/481
f 305/973/485 306/974/486 301/969/481
f 306/974/486 307/975/487 301/969/481
f 307/975/487 308/976/488 301/969/481
f 308/976/488 309/977/489 301/969/481
f 309/977/489 299/967/479 301/969/481
f 310/978/490 311/979/490 312/980/490
f 316/981/491 317/982/492 318/794/493
f 319/981/494 320/794/495 321/982/496
f 322/981/497 323/982/498 324/794/499
f 325/981/500 326/794/501 327/982/502
f 331/57/279 332/59/279 333/58/279
f 340/61/503 341/60/503 342/63/503
f 340/61/503 342/63/503 343/62/503
f 354/68/1 356/66/1 357/69/1
f 358/983/2 4453/2/2 4118/5/2
f 358/983/2 4118/5/2 359/984/2
f 353/69/1 364/71/1 365/70/1
f 370/985/504 371/986/505 372/987/506
f 370/985/504 372/987/506 373/988/507
f 3588/986/508 374/989/508 375/990/509
f 3588/986/508 375/990/509 3586/987/510
f 376/991/511 3587/985/511 3585/988/512
f 376/991/511 3585/988/512 377/992/513
f 3586/987/510 375/990/509 378/993/514
f 3586/987/510 378/993/514 379/994/515
f 3585/988/512 380/995/516 381/996/517
f 3585/988/512 381/996/517 377/992/513
f 372/987/506 3590/994/518 3589/995/519
f 372/987/506 3589/995/519 373/988/507
f 382/997/520 383/998/521 384/999/522
f 382/997/520 384/999/522 385/1000/523
f 386/1001/524 387/1002/525 388/1003/526
f 386/1001/524 388/1003/526 389/1004/527
f 3591/997/528 3594/1000/529 3593/1002/530
f 3591/997/528 3593/1002/530 3592/1001/531
f 379/994/515 378/993/514 383/998/521
f 379/994/515 383/998/521 382/997/520
f 380/995/516 386/1001/524 389/1004/527
f 380/995/516 389/1004/527 381/996/517
f 3590/994/518 3591/997/528 3592/1001/531
f 3590/994/518 3592/1001/531 3589/995/519
f 390/78/532 391/81/533 392/1005/534
f 390/78/532 392/1005/534 393/1006/532
f 394/1007/535 395/1008/535 396/1009/536
f 394/1007/535 396/1009/536 397/1010/537
f 391/81/533 400/83/538 401/1011/539
f 391/81/533 401/1011/539 392/1005/534
f 397/1010/537 396/1009/536 402/1012/540
f 397/1010/537 402/1012/540 403/1013/541
f 400/83/538 405/85/542 406/1014/543
f 400/83/538 406/1014/543 401/1011/539
f 403/1013/541 402/1012/540 407/1015/544
f 403/1013/541 407/1015/544 408/1016/545
f 405/85/542 410/87/546 411/1017/546
f 405/85/542 411/1017/546 406/1014/543
f 408/1016/545 407/1015/544 412/1018/547
f 408/1016/545 412/1018/547 413/1019/547
f 3603/85/6 409/84/6 414/86/6
f 415/95/548 416/94/549 417/1020/550
f 415/95/548 417/1020/550 418/1021/551
f 419/1022/552 420/1023/553 421/89/552
f 419/1022/552 421/89/552 422/88/554
f 4194/91/555 4192/90/556 425/1024/555
f 4194/91/555 425/1024/555 426/1025/557
f 4215/1025/558 4202/1024/559 427/93/558
f 4215/1025/558 427/93/558 428/92/560
f 429/96/21 430/1026/21 431/97/21
f 435/1027/561 436/1028/562 437/1029/563
f 435/1027/561 437/1029/563 438/1030/564
f 439/1031/565 440/1032/566 441/1033/567
f 439/1031/565 441/1033/567 442/1034/568
f 438/1030/564 437/1029/563 443/1035/569
f 438/1030/564 443/1035/569 444/1036/570
f 444/1036/570 443/1035/569 440/1032/566
f 444/1036/570 440/1032/566 439/1031/565
f 445/1037/571 8/804/290 7/803/289
f 445/1037/571 7/803/289 446/1038/572
f 10/805/292 445/1037/571 446/1038/572
f 10/805/292 446/1038/572 11/107/293
f 436/1028/562 435/1027/561 4242/806/573
f 436/1028/562 4242/806/573 4233/102/574
f 442/1034/568 441/1033/567 4116/810/575
f 442/1034/568 4116/810/575 4100/809/576
f 6/101/288 436/1028/562 4233/102/574
f 437/1029/563 436/1028/562 6/101/288
f 437/1029/563 6/101/288 8/804/290
f 443/1035/569 437/1029/563 8/804/290
f 443/1035/569 8/804/290 445/1037/571
f 440/1032/566 443/1035/569 445/1037/571
f 440/1032/566 445/1037/571 10/805/292
f 441/1033/567 440/1032/566 10/805/292
f 441/1033/567 10/805/292 9/106/291
f 4116/810/575 441/1033/567 9/106/291
f 4116/810/575 9/106/291 448/109/577
f 4196/1027/578 4177/1030/579 449/1029/580
f 4196/1027/578 449/1029/580 450/1028/581
f 4117/1031/582 4104/1034/583 451/1033/584
f 4117/1031/582 451/1033/584 452/1032/585
f 4177/1030/579 4134/1036/586 453/1035/587
f 4177/1030/579 453/1035/587 449/1029/580
f 4134/1036/586 4117/1031/582 452/1032/585
f 4134/1036/586 452/1032/585 453/1035/587
f 454/1037/588 455/1038/589 14/803/296
f 454/1037/588 14/803/296 13/804/295
f 17/805/299 16/107/298 455/1038/589
f 17/805/299 455/1038/589 454/1037/588
f 450/1028/581 456/102/590 4243/806/591
f 450/1028/581 4243/806/591 4196/1027/578
f 4104/1034/583 4101/809/592 457/810/593
f 4104/1034/583 457/810/593 451/1033/584
f 12/101/294 456/102/590 450/1028/581
f 449/1029/580 13/804/295 12/101/294
f 449/1029/580 12/101/294 450/1028/581
f 453/1035/587 454/1037/588 13/804/295
f 453/1035/587 13/804/295 449/1029/580
f 452/1032/585 17/805/299 454/1037/588
f 452/1032/585 454/1037/588 453/1035/587
f 451/1033/584 15/106/297 17/805/299
f 451/1033/584 17/805/299 452/1032/585
f 457/810/593 459/109/594 15/106/297
f 457/810/593 15/106/297 451/1033/584
f 460/1039/595 461/1040/596 4208/803/596
f 460/1039/595 4208/803/596 4201/101/597
f 19/807/301 464/1041/598 4216/103/599
f 19/807/301 4216/103/599 20/102/302
f 464/1041/598 460/1039/595 4201/101/597
f 464/1041/598 4201/101/597 4216/103/599
f 4126/108/303 21/808/303 23/810/303
f 4126/108/303 23/810/303 4128/109/303
f 466/110/27 468/112/27 469/114/27
f 470/113/28 4473/114/28 471/116/28
f 486/1042/600 487/1043/601 488/1044/602
f 486/1042/600 488/1044/602 489/1045/603
f 4148/1043/604 490/1046/605 491/1047/606
f 4148/1043/604 491/1047/606 4176/1044/607
f 4142/1046/608 492/1048/609 493/1049/610
f 4142/1046/608 493/1049/610 4173/1047/611
f 494/1050/612 495/1051/613 496/1052/614
f 494/1050/612 496/1052/614 497/1053/615
f 4141/1051/616 498/1054/617 499/1055/618
f 4141/1051/616 499/1055/618 4172/1052/619
f 4147/1054/620 4149/1042/621 4182/1045/622
f 4147/1054/620 4182/1045/622 4175/1055/623
f 500/1056/624 501/1057/625 502/130/626
f 500/1056/624 502/130/626 503/133/627
f 4198/1057/628 504/1058/629 505/141/630
f 4198/1057/628 505/141/630 4237/130/631
f 4189/1058/632 506/1059/633 507/142/634
f 4189/1058/632 507/142/634 4221/141/635
f 508/1056/636 509/1057/637 510/145/638
f 508/1056/636 510/145/638 511/144/639
f 4188/1057/640 512/1060/641 513/137/642
f 4188/1057/640 513/137/642 4223/145/643
f 4197/1060/644 514/1059/645 515/140/646
f 4197/1060/644 515/140/646 4235/137/647
f 516/1061/648 517/1062/649 518/1063/650
f 516/1061/648 518/1063/650 519/1064/651
f 4333/1062/652 520/1065/653 521/1066/654
f 4333/1062/652 521/1066/654 4352/1063/654
f 4331/1065/655 522/1067/656 523/1068/657
f 4331/1065/655 523/1068/657 4348/1066/657
f 524/1069/658 525/1070/659 526/1071/660
f 524/1069/658 526/1071/660 527/1072/660
f 4330/1070/661 528/1073/662 529/1074/663
f 4330/1070/661 529/1074/663 4347/1071/663
f 4332/1073/664 4334/1061/665 4357/1064/666
f 4332/1073/664 4357/1064/666 4351/1074/666
f 530/1075/667 531/1076/668 532/1077/669
f 530/1075/667 532/1077/669 533/1078/670
f 4386/1075/671 534/1079/672 535/1080/673
f 4386/1075/671 535/1080/673 4422/1076/674
f 536/1081/675 537/1082/676 538/1083/677
f 536/1081/675 538/1083/677 539/1084/677
f 4385/1082/678 540/1085/679 541/1086/680
f 4385/1082/678 541/1086/680 4420/1083/681
f 4388/1085/682 542/1087/683 543/1088/684
f 4388/1085/682 543/1088/684 4433/1086/684
f 4390/1087/685 4387/1078/686 4431/1077/687
f 4390/1087/685 4431/1077/687 4437/1088/687
f 544/1089/688 545/1090/689 546/1091/690
f 544/1089/688 546/1091/690 547/1092/691
f 4226/1090/692 548/1093/693 549/1094/694
f 4226/1090/692 549/1094/694 4258/1091/695
f 550/1095/696 551/1096/697 552/1097/698
f 550/1095/696 552/1097/698 553/1098/699
f 4225/1096/700 554/1099/701 555/1100/702
f 4225/1096/700 555/1100/702 4257/1097/703
f 4230/1099/704 556/1101/705 557/1102/706
f 4230/1099/704 557/1102/706 4261/1100/707
f 4231/1089/708 4262/1092/709 4264/1102/710
f 4231/1089/708 4264/1102/710 4241/1101/711
f 4238/130/35 4222/141/35 564/138/35
f 568/133/40 569/132/40 570/131/40
f 4224/145/35 576/136/35 572/135/35
f 4180/134/712 4169/137/713 504/1058/629
f 4180/134/712 504/1058/629 4198/1057/628
f 4170/137/714 4163/140/715 506/1059/633
f 4170/137/714 506/1059/633 4189/1058/632
f 4164/133/716 4167/130/717 509/1057/637
f 4164/133/716 509/1057/637 508/1056/636
f 4168/130/718 4178/147/719 512/1060/641
f 4168/130/718 512/1060/641 4188/1057/640
f 4179/147/720 4183/142/721 514/1059/645
f 4179/147/720 514/1059/645 4197/1060/644
f 4181/134/722 501/1057/625 500/1056/624
f 4181/134/722 500/1056/624 4184/148/723
f 582/1103/724 490/1046/605 4148/1043/604
f 582/1103/724 4148/1043/604 583/1104/725
f 584/1105/726 492/1048/609 4142/1046/608
f 584/1105/726 4142/1046/608 4120/1103/727
f 585/1106/728 495/1051/613 494/1050/612
f 585/1106/728 494/1050/612 586/1107/729
f 587/1108/730 498/1054/617 4141/1051/616
f 587/1108/730 4141/1051/616 4119/1106/731
f 4132/1108/732 588/1109/733 4149/1042/621
f 4132/1108/732 4149/1042/621 4147/1054/620
f 4133/1104/734 487/1043/601 486/1042/600
f 4133/1104/734 486/1042/600 4144/1109/735
f 589/149/45 590/150/45 4460/115/45
f 4435/153/736 594/1110/736 4469/122/736
f 595/154/737 4467/118/737 4470/120/737
f 596/1111/738 597/1112/739 598/1113/740
f 596/1111/738 598/1113/740 599/1114/741
f 4432/1077/742 4423/1076/743 600/1115/744
f 4432/1077/742 600/1115/744 601/1116/745
f 599/1114/741 598/1113/740 602/1117/746
f 599/1114/741 602/1117/746 603/1118/747
f 4423/1076/743 4418/1080/748 604/1119/749
f 4423/1076/743 604/1119/749 600/1115/744
f 605/1120/747 606/1121/750 607/1122/751
f 605/1120/747 607/1122/751 608/1123/752
f 4419/1084/748 4421/1083/753 609/1124/754
f 4419/1084/748 609/1124/754 610/1125/755
f 608/1123/752 607/1122/751 611/1126/756
f 608/1123/752 611/1126/756 612/1127/757
f 4421/1083/753 4434/1086/758 613/1128/759
f 4421/1083/753 613/1128/759 609/1124/754
f 612/1127/757 611/1126/756 614/1129/760
f 612/1127/757 614/1129/760 615/1130/761
f 4434/1086/758 4438/1088/762 616/1131/763
f 4434/1086/758 616/1131/763 613/1128/759
f 615/1130/761 614/1129/760 597/1112/739
f 615/1130/761 597/1112/739 596/1111/738
f 4438/1088/762 4432/1077/742 601/1116/745
f 4438/1088/762 601/1116/745 616/1131/763
f 617/1132/764 618/1133/765 520/1065/653
f 617/1132/764 520/1065/653 4333/1062/652
f 4297/1133/766 619/1134/767 522/1067/656
f 4297/1133/766 522/1067/656 4331/1065/655
f 620/1135/768 621/1136/769 525/1070/659
f 620/1135/768 525/1070/659 524/1069/658
f 4296/1136/770 622/1137/771 528/1073/662
f 4296/1136/770 528/1073/662 4330/1070/661
f 4301/1137/772 623/1138/773 4334/1061/665
f 4301/1137/772 4334/1061/665 4332/1073/664
f 4303/1138/774 4302/1132/775 517/1062/649
f 4303/1138/774 517/1062/649 516/1061/648
f 4360/1111/776 4355/1114/777 530/1075/667
f 4360/1111/776 530/1075/667 533/1078/670
f 4356/1114/778 4349/1118/779 534/1079/672
f 4356/1114/778 534/1079/672 4386/1075/671
f 4350/1120/780 4353/1123/781 537/1082/676
f 4350/1120/780 537/1082/676 536/1081/675
f 4354/1123/782 4358/1127/783 540/1085/679
f 4354/1123/782 540/1085/679 4385/1082/678
f 4359/1127/784 4362/1130/785 542/1087/683
f 4359/1127/784 542/1087/683 4388/1085/682
f 4363/1130/786 4361/1111/787 4387/1078/686
f 4363/1130/786 4387/1078/686 4390/1087/685
f 547/1092/691 546/1091/690 618/1133/765
f 547/1092/691 618/1133/765 617/1132/764
f 4258/1091/695 549/1094/694 619/1134/767
f 4258/1091/695 619/1134/767 4297/1133/766
f 553/1098/699 552/1097/698 621/1136/769
f 553/1098/699 621/1136/769 620/1135/768
f 4257/1097/703 555/1100/702 622/1137/771
f 4257/1097/703 622/1137/771 4296/1136/770
f 4261/1100/707 557/1102/706 623/1138/773
f 4261/1100/707 623/1138/773 4301/1137/772
f 4264/1102/710 4262/1092/709 4302/1132/775
f 4264/1102/710 4302/1132/775 4303/1138/774
f 624/158/51 625/1139/51 626/1140/51
f 624/158/51 626/1140/51 627/155/51
f 630/1141/788 28/815/309 27/814/308
f 630/1141/788 27/814/308 631/1142/789
f 4204/1142/790 4295/814/791 4287/811/792
f 4204/1142/790 4287/811/792 632/1143/793
f 4203/1143/794 24/811/305 26/813/307
f 4203/1143/794 26/813/307 633/1144/795
f 4287/811/792 4295/814/791 4337/816/796
f 4287/811/792 4337/816/796 4338/812/797
f 25/812/306 634/1145/71 635/1146/798
f 25/812/306 635/1146/798 26/813/307
f 29/816/310 28/815/309 636/1147/799
f 29/816/310 636/1147/799 637/1148/800
f 4338/812/797 4337/816/796 4383/1148/801
f 4338/812/797 4383/1148/801 4382/1145/802
f 638/159/52 640/161/52 641/166/52
f 4154/166/803 4209/161/804 642/1149/805
f 4154/166/803 642/1149/805 643/1150/806
f 648/1151/807 649/1152/808 4206/1149/809
f 648/1151/807 4206/1149/809 4210/161/807
f 650/1153/810 651/1154/811 4155/166/811
f 650/1153/810 4155/166/811 4162/1150/812
f 652/1155/813 650/1153/810 4162/1150/812
f 652/1155/813 4162/1150/812 4152/162/813
f 4206/1149/809 649/1152/808 653/1156/814
f 4206/1149/809 653/1156/814 4219/163/814
f 643/1150/806 642/1149/805 4220/163/815
f 643/1150/806 4220/163/815 4153/162/816
f 4373/161/817 4414/166/818 658/1150/819
f 4373/161/817 658/1150/819 659/1149/820
f 660/163/821 661/162/822 662/165/821
f 664/1154/823 665/1153/824 4406/1150/824
f 664/1154/823 4406/1150/824 4415/166/823
f 666/1152/825 667/1151/826 4374/161/826
f 666/1152/825 4374/161/826 4381/1149/827
f 659/1149/820 658/1150/819 4410/162/828
f 659/1149/820 4410/162/828 4375/163/829
f 668/1156/830 666/1152/825 4381/1149/827
f 668/1156/830 4381/1149/827 4376/163/830
f 4406/1150/824 665/1153/824 669/1155/831
f 4406/1150/824 669/1155/831 4411/162/831
f 670/1157/832 671/1158/833 672/1159/834
f 670/1157/832 672/1159/834 673/1160/835
f 4275/1158/836 674/1161/836 675/1162/837
f 4275/1158/836 675/1162/837 4263/1159/838
f 676/1163/839 4250/1157/839 4255/1160/840
f 676/1163/839 4255/1160/840 677/1164/841
f 673/1160/835 672/1159/834 678/1165/842
f 673/1160/835 678/1165/842 679/1166/842
f 677/1164/841 4255/1160/840 4251/1166/843
f 677/1164/841 4251/1166/843 680/1167/843
f 4263/1159/838 675/1162/837 681/1168/844
f 4263/1159/838 681/1168/844 4270/1165/844
f 682/167/1 684/169/1 685/170/1
f 4279/168/845 690/1169/845 691/1170/845
f 4279/168/845 691/1170/845 4292/169/845
f 704/187/64 4340/177/64 4342/180/64
f 706/1171/846 707/1172/847 708/1173/848
f 706/1171/846 708/1173/848 709/1174/849
f 4371/1172/850 710/1175/850 711/1176/851
f 4371/1172/850 711/1176/851 4369/1173/852
f 709/1174/849 708/1173/848 712/1177/853
f 709/1174/849 712/1177/853 713/1178/853
f 4369/1173/852 711/1176/851 714/1179/854
f 4369/1173/852 714/1179/854 4372/1177/854
f 4366/1174/855 4346/1178/856 715/1180/856
f 4366/1174/855 715/1180/856 716/1181/857
f 716/1181/857 717/1182/858 4345/1171/858
f 716/1181/857 4345/1171/858 4366/1174/855
f 718/196/859 719/195/860 720/1183/861
f 718/196/859 720/1183/861 721/1184/862
f 728/1185/863 729/1186/864 730/1187/865
f 728/1185/863 730/1187/865 731/1188/866
f 732/1189/867 733/1190/868 734/1191/869
f 732/1189/867 734/1191/869 735/1192/870
f 721/1184/862 720/1183/861 4496/190/871
f 721/1184/862 4496/190/871 4412/189/872
f 735/1192/870 734/1191/869 736/1193/873
f 735/1192/870 736/1193/873 737/1194/874
f 731/1188/866 730/1187/865 738/1195/875
f 731/1188/866 738/1195/875 739/1196/876
f 4124/198/877 744/1197/877 745/1198/878
f 4124/198/877 745/1198/878 4121/199/879
f 746/1199/880 4097/197/880 4099/200/881
f 746/1199/880 4099/200/881 747/1200/882
f 747/1200/882 4099/200/881 4098/202/883
f 747/1200/882 4098/202/883 750/1201/883
f 4121/199/879 745/1198/878 751/1202/884
f 4121/199/879 751/1202/884 4125/201/884
f 752/197/1 754/199/1 755/198/1
f 4424/198/885 4440/199/886 756/1198/887
f 4424/198/885 756/1198/887 757/1197/885
f 758/1199/888 759/1200/889 4483/200/890
f 758/1199/888 4483/200/890 4486/197/888
f 753/200/1 761/201/1 754/199/1
f 759/1200/889 762/1201/891 4491/202/891
f 759/1200/889 4491/202/891 4483/200/890
f 4440/199/886 4439/201/892 763/1202/892
f 4440/199/886 763/1202/892 756/1198/887
f 772/216/893 773/1203/894 774/1204/895
f 772/216/893 774/1204/895 775/217/896
f 782/1205/897 783/1206/898 784/1187/899
f 782/1205/897 784/1187/899 785/1207/900
f 786/1208/901 787/1209/902 788/1191/903
f 786/1208/901 788/1191/903 789/1210/904
f 773/1203/894 4143/211/905 4084/214/906
f 773/1203/894 4084/214/906 774/1204/895
f 787/1209/902 790/1211/907 791/1212/908
f 787/1209/902 791/1212/908 788/1191/903
f 783/1206/898 792/1213/909 793/1214/910
f 783/1206/898 793/1214/910 784/1187/899
f 794/1215/911 31/818/312 33/820/314
f 794/1215/911 33/820/314 795/1216/912
f 796/1217/913 797/1218/914 31/818/312
f 796/1217/913 31/818/312 794/1215/911
f 798/1219/915 799/1220/916 797/1218/914
f 798/1219/915 797/1218/914 796/1217/913
f 800/1221/917 34/821/315 36/823/317
f 800/1221/917 36/823/317 801/1222/918
f 35/822/316 802/1223/919 803/1224/920
f 35/822/316 803/1224/920 36/823/317
f 797/1218/914 799/1220/916 804/1225/921
f 797/1218/914 804/1225/921 805/1226/922
f 31/818/312 797/1218/914 805/1226/922
f 31/818/312 805/1226/922 806/1227/923
f 32/819/313 31/818/312 806/1227/923
f 32/819/313 806/1227/923 807/1228/924
f 801/1222/918 36/823/317 799/1220/916
f 801/1222/918 799/1220/916 798/1219/915
f 804/1225/921 799/1220/916 36/823/317
f 804/1225/921 36/823/317 803/1224/920
f 808/1215/925 809/1216/912 4538/820/926
f 808/1215/925 4538/820/926 39/818/320
f 810/1217/927 808/1215/925 39/818/320
f 810/1217/927 39/818/320 811/1218/928
f 812/1219/929 810/1217/927 811/1218/928
f 812/1219/929 811/1218/928 813/1220/930
f 814/1221/931 815/1222/932 42/823/323
f 814/1221/931 42/823/323 41/821/322
f 43/822/324 42/823/323 816/1224/933
f 43/822/324 816/1224/933 817/1223/919
f 811/1218/928 818/1226/922 819/1225/921
f 811/1218/928 819/1225/921 813/1220/930
f 39/818/320 820/1227/923 818/1226/922
f 39/818/320 818/1226/922 811/1218/928
f 38/819/319 821/1228/924 820/1227/923
f 38/819/319 820/1227/923 39/818/320
f 815/1222/932 812/1219/929 813/1220/930
f 815/1222/932 813/1220/930 42/823/323
f 819/1225/921 816/1224/933 42/823/323
f 819/1225/921 42/823/323 813/1220/930
f 828/228/7 829/1229/7 3577/6/7
f 44/6/2 52/11/2 45/7/2
f 56/15/1 855/246/1 854/245/1
f 57/16/1 861/252/1 58/17/1
f 59/15/1 866/250/1 867/249/1
f 857/248/1 870/253/1 871/254/1
f 876/1230/934 877/1231/935 878/1232/935
f 876/1230/934 878/1232/935 879/1233/936
f 4497/1231/937 882/1234/938 883/1235/939
f 4497/1231/937 883/1235/939 4498/1232/937
f 882/1234/938 884/1236/940 885/1237/940
f 882/1234/938 885/1237/940 883/1235/939
f 4520/262/941 890/1238/942 891/1239/943
f 4520/262/941 891/1239/943 4521/263/941
f 890/1238/942 892/265/944 893/268/944
f 890/1238/942 893/268/944 891/1239/943
f 898/1240/945 876/1230/934 879/1233/936
f 898/1240/945 879/1233/936 899/1241/945
f 900/1231/946 901/1230/947 902/1233/948
f 900/1231/946 902/1233/948 903/1232/946
f 908/1234/949 4085/1231/950 4086/1232/950
f 908/1234/949 4086/1232/950 909/1235/951
f 4107/255/952 910/259/952 911/260/952
f 4107/255/952 911/260/952 4108/258/952
f 912/1238/953 913/262/954 914/263/954
f 912/1238/953 914/263/954 915/1239/955
f 918/1236/956 908/1234/949 909/1235/951
f 918/1236/956 909/1235/951 919/1237/956
f 4111/265/957 912/1238/953 915/1239/955
f 4111/265/957 915/1239/955 4112/268/957
f 901/1230/947 4304/1240/958 4305/1241/958
f 901/1230/947 4305/1241/958 902/1233/948
f 4307/269/959 4158/256/959 4159/257/959
f 4307/269/959 4159/257/959 4308/270/959
f 925/272/89 928/279/89 929/275/89
f 937/1242/960 938/1243/961 939/1244/962
f 937/1242/960 939/1244/962 940/1245/963
f 938/1243/961 941/1246/964 942/1247/965
f 938/1243/961 942/1247/965 939/1244/962
f 941/1246/964 943/1248/966 944/1249/967
f 941/1246/964 944/1249/967 942/1247/965
f 943/1248/966 945/1250/968 946/1251/969
f 943/1248/966 946/1251/969 944/1249/967
f 945/1250/968 947/1252/970 948/1253/971
f 945/1250/968 948/1253/971 946/1251/969
f 947/1252/970 949/1254/972 950/1255/973
f 947/1252/970 950/1255/973 948/1253/971
f 949/1254/972 951/1256/974 952/1257/975
f 949/1254/972 952/1257/975 950/1255/973
f 951/1256/974 953/1258/976 954/1259/977
f 951/1256/974 954/1259/977 952/1257/975
f 953/1258/976 955/1260/978 956/1261/979
f 953/1258/976 956/1261/979 954/1259/977
f 957/1262/980 958/1263/981 959/1264/982
f 957/1262/980 959/1264/982 960/1265/983
f 958/1263/981 961/1266/984 962/1267/985
f 958/1263/981 962/1267/985 959/1264/982
f 961/1266/984 963/1268/986 964/1269/987
f 961/1266/984 964/1269/987 962/1267/985
f 963/1268/986 937/1242/960 940/1245/963
f 963/1268/986 940/1245/963 964/1269/987
f 940/1245/963 939/1244/962 965/1270/988
f 940/1245/963 965/1270/988 966/1271/989
f 939/1244/962 942/1247/965 967/1272/990
f 939/1244/962 967/1272/990 965/1270/988
f 942/1247/965 944/1249/967 968/1273/991
f 942/1247/965 968/1273/991 967/1272/990
f 944/1249/967 946/1251/969 969/1274/992
f 944/1249/967 969/1274/992 968/1273/991
f 946/1251/969 948/1253/971 970/1275/993
f 946/1251/969 970/1275/993 969/1274/992
f 948/1253/971 950/1255/973 971/1276/994
f 948/1253/971 971/1276/994 970/1275/993
f 950/1255/973 952/1257/975 972/1277/995
f 950/1255/973 972/1277/995 971/1276/994
f 952/1257/975 954/1259/977 973/1278/996
f 952/1257/975 973/1278/996 972/1277/995
f 954/1259/977 956/1261/979 974/1279/997
f 954/1259/977 974/1279/997 973/1278/996
f 960/1265/983 959/1264/982 975/1280/998
f 960/1265/983 975/1280/998 976/1281/999
f 959/1264/982 962/1267/985 977/1282/1000
f 959/1264/982 977/1282/1000 975/1280/998
f 962/1267/985 964/1269/987 978/1283/1001
f 962/1267/985 978/1283/1001 977/1282/1000
f 964/1269/987 940/1245/963 966/1271/989
f 964/1269/987 966/1271/989 978/1283/1001
f 966/1271/989 965/1270/988 979/1284/1002
f 966/1271/989 979/1284/1002 980/1285/1003
f 965/1270/988 967/1272/990 981/1286/1004
f 965/1270/988 981/1286/1004 979/1284/1002
f 967/1272/990 968/1273/991 982/1287/1005
f 967/1272/990 982/1287/1005 981/1286/1004
f 968/1273/991 969/1274/992 983/1288/1006
f 968/1273/991 983/1288/1006 982/1287/1005
f 969/1274/992 970/1275/993 984/1289/1007
f 969/1274/992 984/1289/1007 983/1288/1006
f 970/1275/993 971/1276/994 985/1290/1008
f 970/1275/993 985/1290/1008 984/1289/1007
f 971/1276/994 972/1277/995 986/1291/1009
f 971/1276/994 986/1291/1009 985/1290/1008
f 972/1277/995 973/1278/996 987/1292/1010
f 972/1277/995 987/1292/1010 986/1291/1009
f 973/1278/996 974/1279/997 988/1293/1011
f 973/1278/996 988/1293/1011 987/1292/1010
f 976/1281/999 975/1280/998 989/1294/1012
f 976/1281/999 989/1294/1012 990/1295/1011
f 975/1280/998 977/1282/1000 991/1296/1013
f 975/1280/998 991/1296/1013 989/1294/1012
f 977/1282/1000 978/1283/1001 992/1297/1014
f 977/1282/1000 992/1297/1014 991/1296/1013
f 978/1283/1001 966/1271/989 980/1285/1003
f 978/1283/1001 980/1285/1003 992/1297/1014
f 980/1285/1003 979/1284/1002 993/1298/1015
f 980/1285/1003 993/1298/1015 994/1299/1016
f 979/1284/1002 981/1286/1004 995/1300/1017
f 979/1284/1002 995/1300/1017 993/1298/1015
f 981/1286/1004 982/1287/1005 996/1301/1018
f 981/1286/1004 996/1301/1018 995/1300/1017
f 982/1287/1005 983/1288/1006 997/1302/1019
f 982/1287/1005 997/1302/1019 996/1301/1018
f 983/1288/1006 984/1289/1007 998/1303/1020
f 983/1288/1006 998/1303/1020 997/1302/1019
f 984/1289/1007 985/1290/1008 999/1304/1021
f 984/1289/1007 999/1304/1021 998/1303/1020
f 985/1290/1008 986/1291/1009 1000/1305/1022
f 985/1290/1008 1000/1305/1022 999/1304/1021
f 986/1291/1009 987/1292/1010 1001/1306/1023
f 986/1291/1009 1001/1306/1023 1000/1305/1022
f 987/1292/1010 988/1293/1011 1002/1307/1024
f 987/1292/1010 1002/1307/1024 1001/1306/1023
f 990/1295/1011 989/1294/1012 1003/1308/1025
f 990/1295/1011 1003/1308/1025 1004/1309/1026
f 989/1294/1012 991/1296/1013 1005/1310/1027
f 989/1294/1012 1005/1310/1027 1003/1308/1025
f 991/1296/1013 992/1297/1014 1006/1311/1028
f 991/1296/1013 1006/1311/1028 1005/1310/1027
f 992/1297/1014 980/1285/1003 994/1299/1016
f 992/1297/1014 994/1299/1016 1006/1311/1028
f 994/1299/1016 993/1298/1015 1007/1312/1029
f 994/1299/1016 1007/1312/1029 1008/1313/1030
f 993/1298/1015 995/1300/1017 1009/1314/1031
f 993/1298/1015 1009/1314/1031 1007/1312/1029
f 995/1300/1017 996/1301/1018 1010/1315/1032
f 995/1300/1017 1010/1315/1032 1009/1314/1031
f 996/1301/1018 997/1302/1019 1011/1316/1033
f 996/1301/1018 1011/1316/1033 1010/1315/1032
f 997/1302/1019 998/1303/1020 1012/1317/1034
f 997/1302/1019 1012/1317/1034 1011/1316/1033
f 998/1303/1020 999/1304/1021 1013/1318/1035
f 998/1303/1020 1013/1318/1035 1012/1317/1034
f 999/1304/1021 1000/1305/1022 1014/1319/1036
f 999/1304/1021 1014/1319/1036 1013/1318/1035
f 1000/1305/1022 1001/1306/1023 1015/1320/1037
f 1000/1305/1022 1015/1320/1037 1014/1319/1036
f 1001/1306/1023 1002/1307/1024 1016/1321/1038
f 1001/1306/1023 1016/1321/1038 1015/1320/1037
f 1004/1309/1026 1003/1308/1025 1017/1322/1039
f 1004/1309/1026 1017/1322/1039 1018/1323/1038
f 1003/1308/1025 1005/1310/1027 1019/1324/1040
f 1003/1308/1025 1019/1324/1040 1017/1322/1039
f 1005/1310/1027 1006/1311/1028 1020/1325/1041
f 1005/1310/1027 1020/1325/1041 1019/1324/1040
f 1006/1311/1028 994/1299/1016 1008/1313/1030
f 1006/1311/1028 1008/1313/1030 1020/1325/1041
f 4271/826/1042 4268/825/1043 4327/829/1043
f 4271/826/1042 4327/829/1043 4325/828/1044
f 4271/826/1042 4325/828/1044 4321/832/1045
f 4271/826/1042 4321/832/1045 4276/834/1046
f 4276/834/1046 4321/832/1045 4319/831/1047
f 4276/834/1046 4319/831/1047 4281/835/1048
f 4281/835/1048 4319/831/1047 4315/838/1049
f 4281/835/1048 4315/838/1049 4285/840/1050
f 4285/840/1050 4315/838/1049 4313/837/1051
f 4285/840/1050 4313/837/1051 4288/841/1052
f 4288/841/1052 4313/837/1051 1021/1326/1053
f 4288/841/1052 1021/1326/1053 1022/1327/1054
f 1022/1327/1054 1021/1326/1053 4314/844/1055
f 1022/1327/1054 4314/844/1055 4289/846/1056
f 4289/846/1056 4314/844/1055 4317/843/1057
f 4289/846/1056 4317/843/1057 4286/847/1058
f 4286/847/1058 4317/843/1057 4320/850/1059
f 4286/847/1058 4320/850/1059 4282/852/1060
f 4282/852/1060 4320/850/1059 4322/849/1061
f 4282/852/1060 4322/849/1061 4277/853/1062
f 4277/853/1062 4322/849/1061 4326/856/1063
f 4277/853/1062 4326/856/1063 4272/858/1064
f 4272/858/1064 4326/856/1063 4328/855/1065
f 4272/858/1064 4328/855/1065 4269/859/1065
f 65/827/328 68/830/331 70/832/333
f 65/827/328 70/832/333 66/828/329
f 71/833/334 62/824/325 64/826/327
f 71/833/334 64/826/327 72/834/335
f 68/830/331 74/836/337 76/838/339
f 68/830/331 76/838/339 69/831/332
f 77/839/340 71/833/334 73/835/336
f 77/839/340 73/835/336 78/840/341
f 74/836/337 1023/1328/1066 4312/1326/1067
f 74/836/337 4312/1326/1067 75/837/338
f 1024/1329/1068 77/839/340 79/841/342
f 1024/1329/1068 79/841/342 4290/1327/1069
f 1023/1328/1066 80/842/343 82/844/345
f 1023/1328/1066 82/844/345 4312/1326/1067
f 83/845/346 1024/1329/1068 4290/1327/1069
f 83/845/346 4290/1327/1069 84/846/347
f 80/842/343 86/848/349 88/850/351
f 80/842/343 88/850/351 81/843/344
f 89/851/352 83/845/346 85/847/348
f 89/851/352 85/847/348 90/852/353
f 86/848/349 92/854/355 94/856/357
f 86/848/349 94/856/357 87/849/350
f 95/857/358 89/851/352 91/853/354
f 95/857/358 91/853/354 96/858/359
f 1025/1330/1070 1026/1331/1071 1027/1332/1072
f 1025/1330/1070 1027/1332/1072 1028/1333/1073
f 1026/1331/1071 1029/1334/1074 1030/1335/1075
f 1026/1331/1071 1030/1335/1075 1027/1332/1072
f 1029/1334/1074 1031/1336/1076 1032/1337/1077
f 1029/1334/1074 1032/1337/1077 1030/1335/1075
f 1031/1336/1076 1033/1338/1078 1034/1339/1079
f 1031/1336/1076 1034/1339/1079 1032/1337/1077
f 1035/1340/1080 1036/1341/1081 1037/1342/1082
f 1035/1340/1080 1037/1342/1082 1038/1343/1079
f 1036/1341/1081 1039/1344/1083 1040/1345/1084
f 1036/1341/1081 1040/1345/1084 1037/1342/1082
f 1039/1344/1083 1041/1346/1085 1042/1347/1086
f 1039/1344/1083 1042/1347/1086 1040/1345/1084
f 1041/1346/1085 1043/1348/1087 1044/1349/1088
f 1041/1346/1085 1044/1349/1088 1042/1347/1086
f 1043/1348/1087 1045/1350/1089 1046/1351/1090
f 1043/1348/1087 1046/1351/1090 1044/1349/1088
f 1045/1350/1089 1047/1352/1091 1048/1353/1092
f 1045/1350/1089 1048/1353/1092 1046/1351/1090
f 1047/1352/1091 1049/1354/1093 1050/1355/1094
f 1047/1352/1091 1050/1355/1094 1048/1353/1092
f 1049/1354/1093 1025/1330/1070 1028/1333/1073
f 1049/1354/1093 1028/1333/1073 1050/1355/1094
f 1051/284/3 1052/289/3 1053/285/3
f 1057/1356/1095 1058/1357/1096 1059/1358/1097
f 1057/1356/1095 1059/1358/1097 1060/1359/1098
f 1061/1360/1099 1062/1361/1100 1058/1357/1096
f 1061/1360/1099 1058/1357/1096 1057/1356/1095
f 1063/1362/1101 1064/1363/1102 1062/1361/1100
f 1063/1362/1101 1062/1361/1100 1061/1360/1099
f 1065/1364/1103 1066/1365/1104 1064/1363/1102
f 1065/1364/1103 1064/1363/1102 1063/1362/1101
f 1067/1366/1105 1068/1367/1106 1066/1365/1104
f 1067/1366/1105 1066/1365/1104 1065/1364/1103
f 1069/1368/1107 1070/1369/1108 1068/1367/1106
f 1069/1368/1107 1068/1367/1106 1067/1366/1105
f 1071/1370/1109 1072/1371/1110 1070/1369/1108
f 1071/1370/1109 1070/1369/1108 1069/1368/1107
f 1073/1372/1111 1074/1373/1112 1072/1371/1110
f 1073/1372/1111 1072/1371/1110 1071/1370/1109
f 1060/1359/1098 1059/1358/1097 1074/1373/1112
f 1060/1359/1098 1074/1373/1112 1073/1372/1111
f 4575/1358/1113 1058/1357/1096 1075/1374/1114
f 4575/1358/1113 1075/1374/1114 1076/1375/1115
f 1058/1357/1096 1062/1361/1100 1077/1376/1116
f 1058/1357/1096 1077/1376/1116 1075/1374/1114
f 1062/1361/1100 1064/1363/1102 104/860/361
f 1062/1361/1100 104/860/361 1077/1376/1116
f 1064/1363/1102 1066/1365/1104 105/861/362
f 1064/1363/1102 105/861/362 104/860/361
f 1066/1365/1104 1068/1367/1106 106/862/363
f 1066/1365/1104 106/862/363 105/861/362
f 1068/1367/1106 1070/1369/1108 1078/1377/1117
f 1068/1367/1106 1078/1377/1117 106/862/363
f 1070/1369/1108 1072/1371/1110 1079/1378/1118
f 1070/1369/1108 1079/1378/1118 1078/1377/1117
f 1072/1371/1110 4572/1373/1119 1080/1379/1120
f 1072/1371/1110 1080/1379/1120 1079/1378/1118
f 4572/1373/1119 4575/1358/1113 1076/1375/1115
f 4572/1373/1119 1076/1375/1115 1080/1379/1120
f 1078/1377/1117 1079/1378/1118 1075/1374/1114
f 1078/1377/1117 1075/1374/1114 1077/1376/1116
f 1079/1378/1118 1080/1379/1120 1076/1375/1115
f 1079/1378/1118 1076/1375/1115 1075/1374/1114
f 1077/1376/1116 104/860/361 106/862/363
f 1077/1376/1116 106/862/363 1078/1377/1117
f 1081/1380/1121 1082/1381/1122 1083/1382/1123
f 1081/1380/1121 1083/1382/1123 1084/1383/1124
f 1082/1381/1122 1085/1384/1125 1086/1385/1126
f 1082/1381/1122 1086/1385/1126 1083/1382/1123
f 1085/1384/1125 1087/1386/1127 1088/1387/1128
f 1085/1384/1125 1088/1387/1128 1086/1385/1126
f 4571/1386/1129 1089/1388/1130 1090/1389/1131
f 4571/1386/1129 1090/1389/1131 4567/1387/1132
f 1089/1388/1130 1091/1390/1133 1092/1391/1134
f 1089/1388/1130 1092/1391/1134 1090/1389/1131
f 4541/1390/1135 1093/1392/1136 1094/1393/1137
f 4541/1390/1135 1094/1393/1137 4542/1391/1138
f 1093/1392/1136 1095/1394/1139 1096/1395/1140
f 1093/1392/1136 1096/1395/1140 1094/1393/1137
f 1095/1394/1139 1097/1396/1141 1098/1397/1142
f 1095/1394/1139 1098/1397/1142 1096/1395/1140
f 1097/1396/1141 1099/1398/1143 1100/1399/1144
f 1097/1396/1141 1100/1399/1144 1098/1397/1142
f 1099/1398/1143 1101/1400/1145 1102/1401/1146
f 1099/1398/1143 1102/1401/1146 1100/1399/1144
f 1101/1400/1145 1103/1402/1147 1104/1403/1148
f 1101/1400/1145 1104/1403/1148 1102/1401/1146
f 1103/1402/1147 1105/1404/1149 1106/1405/1150
f 1103/1402/1147 1106/1405/1150 1104/1403/1148
f 1105/1404/1149 1081/1380/1121 1084/1383/1124
f 1105/1404/1149 1084/1383/1124 1106/1405/1150
f 4607/1383/1151 4601/1382/1152 1107/1406/1153
f 4607/1383/1151 1107/1406/1153 1108/1407/1154
f 4601/1382/1152 4587/1385/1155 1109/1408/1156
f 4601/1382/1152 1109/1408/1156 1107/1406/1153
f 4587/1385/1155 4568/1387/1157 1110/1409/1158
f 4587/1385/1155 1110/1409/1158 1109/1408/1156
f 4568/1387/1157 4552/1389/1159 1111/1410/1160
f 4568/1387/1157 1111/1410/1160 1110/1409/1158
f 4552/1389/1159 4543/1391/1161 1112/1411/1162
f 4552/1389/1159 1112/1411/1162 1111/1410/1160
f 4543/1391/1161 4527/1393/1163 1113/1412/1164
f 4543/1391/1161 1113/1412/1164 1112/1411/1162
f 4527/1393/1163 4516/1395/1165 1114/1413/1166
f 4527/1393/1163 1114/1413/1166 1113/1412/1164
f 4516/1395/1165 4531/1397/1167 1115/1414/1168
f 4516/1395/1165 1115/1414/1168 1114/1413/1166
f 4531/1397/1167 4539/1399/1169 1116/1415/1170
f 4531/1397/1167 1116/1415/1170 1115/1414/1168
f 4539/1399/1169 4555/1401/1171 1117/1416/1172
f 4539/1399/1169 1117/1416/1172 1116/1415/1170
f 4555/1401/1171 4584/1403/1173 1118/1417/1174
f 4555/1401/1171 1118/1417/1174 1117/1416/1172
f 4584/1403/1173 4599/1405/1175 1119/1418/1176
f 4584/1403/1173 1119/1418/1176 1118/1417/1174
f 4599/1405/1175 4607/1383/1151 1108/1407/1154
f 4599/1405/1175 1108/1407/1154 1119/1418/1176
f 4600/1407/1177 4594/1406/1178 4593/864/1179
f 4600/1407/1177 4593/864/1179 4598/863/1180
f 4594/1406/1178 4586/1408/1181 4585/866/1182
f 4594/1406/1178 4585/866/1182 4593/864/1179
f 4586/1408/1181 4565/1409/1183 4569/867/1184
f 4586/1408/1181 4569/867/1184 4585/866/1182
f 4566/1409/1185 4558/1410/1186 4556/868/1187
f 4566/1409/1185 4556/868/1187 4570/867/1188
f 4558/1410/1186 4548/1411/1189 4546/869/1189
f 4558/1410/1186 4546/869/1189 4556/868/1187
f 4549/1411/1190 4532/1412/1191 4530/870/1192
f 4549/1411/1190 4530/870/1192 4547/869/1193
f 4532/1412/1191 4529/1413/1194 4528/871/1195
f 4532/1412/1191 4528/871/1195 4530/870/1192
f 4529/1413/1194 4537/1414/1196 4536/872/1197
f 4529/1413/1194 4536/872/1197 4528/871/1195
f 4537/1414/1196 4545/1415/1198 4544/873/1199
f 4537/1414/1196 4544/873/1199 4536/872/1197
f 4545/1415/1198 4559/1416/1200 4557/874/1201
f 4545/1415/1198 4557/874/1201 4544/873/1199
f 4559/1416/1200 4579/1417/1202 4578/875/1203
f 4559/1416/1200 4578/875/1203 4557/874/1201
f 4579/1417/1202 4592/1418/1204 4591/876/1205
f 4579/1417/1202 4591/876/1205 4578/875/1203
f 4592/1418/1204 4600/1407/1177 4598/863/1180
f 4592/1418/1204 4598/863/1180 4591/876/1205
f 1120/1419/1206 1121/1420/1207 1122/1421/1208
f 1120/1419/1206 1122/1421/1208 1123/1422/1206
f 1121/1420/1207 1124/1423/1209 1125/1424/1210
f 1121/1420/1207 1125/1424/1210 1122/1421/1208
f 1124/1423/1209 1126/1425/1211 1127/1426/1212
f 1124/1423/1209 1127/1426/1212 1125/1424/1210
f 1126/1425/1211 1128/1427/1213 1129/1428/1214
f 1126/1425/1211 1129/1428/1214 1127/1426/1212
f 1130/1429/1215 1131/1430/1216 1132/1431/1217
f 1130/1429/1215 1132/1431/1217 1133/1432/1214
f 4619/293/1218 4620/292/1218 1138/1433/1219
f 4619/293/1218 1138/1433/1219 1139/1434/1220
f 1140/1435/1221 4635/1420/1222 4634/1419/6
f 1140/1435/1221 4634/1419/6 1141/1436/6
f 1139/1434/1220 1138/1433/1219 1142/1437/1223
f 1139/1434/1220 1142/1437/1223 1143/1438/1224
f 1144/1439/1225 4631/1423/1226 4635/1420/1222
f 1144/1439/1225 4635/1420/1222 1140/1435/1221
f 1143/1438/1224 1142/1437/1223 1145/1440/1227
f 1143/1438/1224 1145/1440/1227 1146/1441/1228
f 1147/1442/1229 4623/1425/1230 4631/1423/1226
f 1147/1442/1229 4631/1423/1226 1144/1439/1225
f 1146/1441/1228 1145/1440/1227 1148/1443/1231
f 1146/1441/1228 1148/1443/1231 1149/1444/1232
f 1150/1445/1233 4608/1427/1234 4623/1425/1230
f 1150/1445/1233 4623/1425/1230 1147/1442/1229
f 1151/1446/1235 4597/1432/1231 4562/1431/1236
f 1151/1446/1235 4562/1431/1236 1152/1447/1237
f 1153/1448/1238 4573/1430/1239 4609/1429/1240
f 1153/1448/1238 4609/1429/1240 1154/1449/1241
f 1155/1450/1238 1156/1451/1242 1157/1452/1243
f 1155/1450/1238 1157/1452/1243 4574/1453/1244
f 1158/1453/1216 4306/1452/1 1159/1454/1
f 1158/1453/1216 1159/1454/1 1160/1455/1245
f 1161/1456/1246 1162/1457/1247 1163/1458/1248
f 1161/1456/1246 1163/1458/1248 1164/1459/1249
f 1165/1460/1206 1166/1422/1206 1167/1421/1250
f 1165/1460/1206 1167/1421/1250 1168/1420/1251
f 1168/1420/1251 1167/1421/1250 1169/1461/1252
f 1168/1420/1251 1169/1461/1252 1170/1462/1253
f 1170/1462/1253 1169/1461/1252 1171/1426/1254
f 1170/1462/1253 1171/1426/1254 1172/1425/1255
f 1172/1425/1255 1171/1426/1254 1173/1428/1256
f 1172/1425/1255 1173/1428/1256 1174/1463/1257
f 1175/1429/1257 1176/1432/1256 1177/1431/1258
f 1175/1429/1257 1177/1431/1258 1178/1464/1259
f 3673/293/1260 1183/1434/1261 1184/1433/1262
f 3673/293/1260 1184/1433/1262 3674/292/1260
f 1185/1435/1263 1186/1436/7 3612/1460/7
f 1185/1435/1263 3612/1460/7 3613/1420/1264
f 1183/1434/1261 1187/1438/1265 1188/1437/1266
f 1183/1434/1261 1188/1437/1266 1184/1433/1262
f 1189/1439/1267 1185/1435/1263 3613/1420/1264
f 1189/1439/1267 3613/1420/1264 3618/1462/1268
f 1187/1438/1265 1190/1441/1269 1191/1440/1270
f 1187/1438/1265 1191/1440/1270 1188/1437/1266
f 1192/1442/1271 1189/1439/1267 3618/1462/1268
f 1192/1442/1271 3618/1462/1268 3651/1425/1272
f 1190/1441/1269 1193/1444/1273 1194/1443/1274
f 1190/1441/1269 1194/1443/1274 1191/1440/1270
f 1195/1445/1275 1192/1442/1271 3651/1425/1272
f 1195/1445/1275 3651/1425/1272 3739/1463/1276
f 1196/1446/1277 1197/1447/1278 3888/1431/1279
f 1196/1446/1277 3888/1431/1279 3784/1432/1280
f 1198/1448/1281 1199/1449/1282 3740/1429/1276
f 1198/1448/1281 3740/1429/1276 3862/1464/1283
f 1200/1450/1281 3863/1453/1283 1157/1452/1243
f 1200/1450/1281 1157/1452/1243 1156/1451/1242
f 1201/1453/1284 1202/1465/1258 1203/1466/1
f 1201/1453/1284 1203/1466/1 4306/1452/1
f 1204/1456/1279 1205/1459/1285 1163/1458/1248
f 1204/1456/1279 1163/1458/1248 1162/1457/1247
f 1206/1467/1286 1207/1468/1286 1208/1469/1287
f 1206/1467/1286 1208/1469/1287 1209/1470/1288
f 1210/1471/1289 1211/1472/1289 1212/1469/1290
f 1210/1471/1289 1212/1469/1290 1213/1470/1291
f 1214/1471/1292 1215/1472/1293 1216/1469/1294
f 1214/1471/1292 1216/1469/1294 1217/1470/1295
f 1218/1471/1296 1219/1472/1296 1220/1469/1297
f 1218/1471/1296 1220/1469/1297 1221/1470/1298
f 1222/1471/1299 1223/1472/1299 1224/1469/1300
f 1222/1471/1299 1224/1469/1300 1225/1470/1301
f 1226/1471/1302 1227/1472/1302 1228/1469/1303
f 1226/1471/1302 1228/1469/1303 1229/1470/1304
f 1221/1470/1298 1220/1469/1297 1236/1473/1305
f 1221/1470/1298 1236/1473/1305 1237/1474/1305
f 1217/1470/1295 1216/1469/1294 1238/1473/1306
f 1217/1470/1295 1238/1473/1306 1239/1474/1306
f 1213/1470/1291 1212/1469/1290 1240/1473/1307
f 1213/1470/1291 1240/1473/1307 1241/1474/1307
f 1209/1470/1288 1208/1469/1287 1242/1473/1308
f 1209/1470/1288 1242/1473/1308 1243/1474/1308
f 1229/1470/1304 1228/1469/1303 1244/1473/1309
f 1229/1470/1304 1244/1473/1309 1245/1474/1309
f 1225/1470/1301 1224/1469/1300 1246/1473/1310
f 1225/1470/1301 1246/1473/1310 1247/1474/1310
f 1248/1475/1311 1249/1476/1311 1250/1477/1312
f 1248/1475/1311 1250/1477/1312 1251/1478/1313
f 1252/1479/1314 1253/1480/1314 1254/1478/1315
f 1252/1479/1314 1254/1478/1315 4522/1477/1316
f 1255/1479/1317 1256/1480/1317 1257/1478/1318
f 1255/1479/1317 1257/1478/1318 1258/1477/1319
f 1259/1479/1320 1260/1480/1320 1261/1478/1321
f 1259/1479/1320 1261/1478/1321 1262/1477/1322
f 1263/1479/1323 1264/1480/1323 1265/1478/1324
f 1263/1479/1323 1265/1478/1324 1266/1477/1325
f 1267/1479/1326 1268/1480/1326 4540/1478/1327
f 1267/1479/1326 4540/1478/1327 1269/1477/1328
f 1262/1477/1322 1261/1478/1321 1276/1475/1329
f 1262/1477/1322 1276/1475/1329 1277/1476/1329
f 1258/1477/1319 1257/1478/1318 1278/1475/1330
f 1258/1477/1319 1278/1475/1330 1279/1476/1330
f 4522/1477/1316 1254/1478/1315 1280/1475/1331
f 4522/1477/1316 1280/1475/1331 1281/1476/1331
f 1251/1478/1313 1250/1477/1312 1282/1479/1332
f 1251/1478/1313 1282/1479/1332 1283/1480/1332
f 1269/1477/1328 4540/1478/1327 1284/1475/1333
f 1269/1477/1328 1284/1475/1333 1285/1476/1333
f 1266/1477/1325 1265/1478/1324 1286/1475/1334
f 1266/1477/1325 1286/1475/1334 1287/1476/1334
f 1288/1481/1335 1289/1482/1336 1290/1483/1337
f 1288/1481/1335 1290/1483/1337 1291/1484/1338
f 1292/1485/1339 1293/1486/1340 1288/1481/1335
f 1292/1485/1339 1288/1481/1335 1291/1484/1338
f 1294/1487/1341 1295/1488/1342 1296/1489/1343
f 1294/1487/1341 1296/1489/1343 1297/1490/1344
f 1298/1491/1345 1294/1487/1341 1297/1490/1344
f 1298/1491/1345 1297/1490/1344 1299/1492/1346
f 1300/1493/1347 1301/1494/1348 1302/1495/1349
f 1300/1493/1347 1302/1495/1349 1303/1496/1350
f 1304/1497/1351 1300/1493/1347 1303/1496/1350
f 1304/1497/1351 1303/1496/1350 1305/1498/1352
f 4044/1484/1353 4025/1483/1354 1306/1499/1355
f 4044/1484/1353 1306/1499/1355 1307/1500/1356
f 1308/1501/1357 4039/1485/1358 4044/1484/1353
f 1308/1501/1357 4044/1484/1353 1307/1500/1356
f 3915/1490/1359 3883/1489/1360 1309/1502/1361
f 3915/1490/1359 1309/1502/1361 1310/1503/1362
f 1311/1504/1363 3937/1492/1364 3915/1490/1359
f 1311/1504/1363 3915/1490/1359 1310/1503/1362
f 4000/1496/1365 3968/1495/1366 1312/1505/1367
f 4000/1496/1365 1312/1505/1367 1313/1506/1368
f 4028/1498/1369 4000/1496/1365 1313/1506/1368
f 4028/1498/1369 1313/1506/1368 1314/1507/1370
f 4050/1500/1371 4035/1499/1372 1315/1508/1373
f 4050/1500/1371 1315/1508/1373 1316/1509/1374
f 4046/1501/1375 4050/1500/1371 1316/1509/1374
f 4046/1501/1375 1316/1509/1374 1317/1510/1376
f 3908/1503/1377 3864/1502/1378 1318/1511/1379
f 3908/1503/1377 1318/1511/1379 1319/1512/1380
f 3928/1504/1381 3908/1503/1377 1319/1512/1380
f 3928/1504/1381 1319/1512/1380 1320/1513/1382
f 1313/1506/1368 3970/1505/1383 1321/1514/1384
f 1313/1506/1368 1321/1514/1384 1322/1515/1385
f 1314/1507/1370 1313/1506/1368 1322/1515/1385
f 1314/1507/1370 1322/1515/1385 1323/1516/1386
f 1324/1517/1387 4047/1510/1388 4048/1509/1389
f 1324/1517/1387 4048/1509/1389 1325/1518/1390
f 4048/1509/1389 4034/1508/1391 1326/1519/1392
f 4048/1509/1389 1326/1519/1392 1325/1518/1390
f 1319/1512/1380 1318/1511/1379 1327/1520/1393
f 1319/1512/1380 1327/1520/1393 1328/1521/1394
f 1329/1522/1395 3923/1513/1396 1319/1512/1380
f 1329/1522/1395 1319/1512/1380 1328/1521/1394
f 3999/1515/1397 3964/1514/1398 1330/1523/1399
f 3999/1515/1397 1330/1523/1399 1331/1524/1400
f 4037/1516/1401 3999/1515/1397 1331/1524/1400
f 4037/1516/1401 1331/1524/1400 1332/1525/1402
f 4036/1518/1403 4017/1519/1404 1333/308/1405
f 4036/1518/1403 1333/308/1405 1334/307/1406
f 1335/1526/1407 4030/1517/1408 4036/1518/1403
f 1335/1526/1407 4036/1518/1403 1334/307/1406
f 3907/1521/1409 3873/1520/1410 1336/1527/1411
f 3907/1521/1409 1336/1527/1411 1337/1528/1412
f 1338/1529/1413 3927/1522/1414 3907/1521/1409
f 1338/1529/1413 3907/1521/1409 1337/1528/1412
f 3993/1524/1415 3958/1523/1416 1339/1530/1417
f 3993/1524/1415 1339/1530/1417 1340/1531/1418
f 4012/1525/1419 3993/1524/1415 1340/1531/1418
f 4012/1525/1419 1340/1531/1418 1341/1532/1420
f 1344/1533/1421 4018/1526/1421 4027/307/1421
f 1344/1533/1421 4027/307/1421 4033/306/1421
f 1345/1534/1422 3910/1528/1423 3892/1527/1424
f 1345/1534/1422 3892/1527/1424 1346/1535/1424
f 1347/1536/1425 3934/1529/1425 3910/1528/1423
f 1347/1536/1425 3910/1528/1423 1345/1534/1422
f 1348/1537/1426 3985/1531/1427 3960/1530/1428
f 1348/1537/1426 3960/1530/1428 1349/1538/1429
f 1350/1539/1430 4001/1532/1431 3985/1531/1427
f 1350/1539/1430 3985/1531/1427 1348/1537/1426
f 1301/1494/1348 1351/1540/1432 1352/1541/1433
f 1301/1494/1348 1352/1541/1433 1302/1495/1349
f 1349/1538/1429 3960/1530/1428 1353/1542/1434
f 1349/1538/1429 1353/1542/1434 1354/1543/1435
f 3958/1523/1416 1355/1544/1436 3935/1542/1437
f 3958/1523/1416 3935/1542/1437 1339/1530/1417
f 3964/1514/1398 1356/1545/1438 3924/1544/1439
f 3964/1514/1398 3924/1544/1439 1330/1523/1399
f 3970/1505/1383 1357/1546/1440 3921/1545/1441
f 3970/1505/1383 3921/1545/1441 1321/1514/1384
f 3968/1495/1366 3942/1541/1442 3930/1546/1443
f 3968/1495/1366 3930/1546/1443 1312/1505/1367
f 4007/1539/1444 1358/1547/1445 1359/1548/1446
f 4007/1539/1444 1359/1548/1446 4002/1532/1447
f 4006/1497/1448 4029/1498/1449 1360/1549/1450
f 4006/1497/1448 1360/1549/1450 1361/1550/1445
f 4029/1498/1449 4043/1507/1451 1362/1551/1452
f 4029/1498/1449 1362/1551/1452 1360/1549/1450
f 1363/1552/1453 1362/1551/1452 4043/1507/1451
f 1363/1552/1453 4043/1507/1451 4038/1516/1454
f 4038/1516/1454 4013/1525/1455 1364/1553/1456
f 4038/1516/1454 1364/1553/1456 1363/1552/1453
f 4013/1525/1455 4002/1532/1447 1359/1548/1446
f 4013/1525/1455 1359/1548/1446 1364/1553/1456
f 3944/1540/1457 1365/1554/1458 1366/1555/1459
f 3944/1540/1457 1366/1555/1459 3943/1541/1460
f 3945/1543/1461 3936/1542/1462 1367/1556/1463
f 3945/1543/1461 1367/1556/1463 1368/1557/1458
f 3936/1542/1462 3925/1544/1464 1369/1558/1465
f 3936/1542/1462 1369/1558/1465 1367/1556/1463
f 3925/1544/1464 3922/1545/1466 1370/1559/1467
f 3925/1544/1464 1370/1559/1467 1369/1558/1465
f 1371/1560/1468 1370/1559/1467 3922/1545/1466
f 1371/1560/1468 3922/1545/1466 3931/1546/1469
f 3931/1546/1469 3943/1541/1460 1366/1555/1459
f 3931/1546/1469 1366/1555/1459 1371/1560/1468
f 1372/1561/1470 1373/1562/1471 1374/1563/1472
f 1372/1561/1470 1374/1563/1472 1375/1564/1473
f 1376/1565/1471 1377/1566/1474 1378/1567/1475
f 1376/1565/1471 1378/1567/1475 1379/1568/1476
f 1377/1566/1474 1380/1569/1477 1381/1570/1478
f 1377/1566/1474 1381/1570/1478 1378/1567/1475
f 1380/1569/1477 1382/1571/1479 1383/1572/1480
f 1380/1569/1477 1383/1572/1480 1381/1570/1478
f 1382/1571/1479 1384/1573/1481 1385/1574/1482
f 1382/1571/1479 1385/1574/1482 1383/1572/1480
f 1384/1573/1481 1386/1575/1483 1387/1576/1484
f 1384/1573/1481 1387/1576/1484 1385/1574/1482
f 1386/1575/1483 1388/1577/1485 1389/1578/1486
f 1386/1575/1483 1389/1578/1486 1387/1576/1484
f 1388/1577/1485 1390/1579/1487 1391/1580/1488
f 1388/1577/1485 1391/1580/1488 1389/1578/1486
f 1390/1579/1487 1392/1581/1489 1393/1582/1490
f 1390/1579/1487 1393/1582/1490 1391/1580/1488
f 1392/1581/1489 1394/1583/1491 1395/1584/1492
f 1392/1581/1489 1395/1584/1492 1393/1582/1490
f 1394/1583/1491 1396/1585/1493 1397/1586/1494
f 1394/1583/1491 1397/1586/1494 1395/1584/1492
f 1396/1585/1493 1372/1561/1470 1375/1564/1473
f 1396/1585/1493 1375/1564/1473 1397/1586/1494
f 1398/1587/1495 1399/1588/1496 1400/1589/1497
f 1398/1587/1495 1400/1589/1497 1401/1590/1498
f 1402/1591/1499 1398/1587/1495 1401/1590/1498
f 1402/1591/1499 1401/1590/1498 1403/1592/1500
f 1404/1593/1501 1402/1591/1499 1403/1592/1500
f 1404/1593/1501 1403/1592/1500 1405/1594/1502
f 1406/1595/1503 1404/1593/1501 1405/1594/1502
f 1406/1595/1503 1405/1594/1502 1407/1596/1504
f 1408/1597/1505 1406/1595/1503 1407/1596/1504
f 1408/1597/1505 1407/1596/1504 1409/1598/1506
f 1410/1599/1507 1408/1597/1505 1409/1598/1506
f 1410/1599/1507 1409/1598/1506 1411/1600/1508
f 1412/1601/1509 1410/1599/1507 1411/1600/1508
f 1412/1601/1509 1411/1600/1508 1413/1602/1510
f 1414/1603/1511 1412/1601/1509 1413/1602/1510
f 1414/1603/1511 1413/1602/1510 1415/1604/1512
f 1416/1605/1513 1417/1606/1511 1418/1607/1512
f 1416/1605/1513 1418/1607/1512 1419/1608/1514
f 1420/1609/1515 1416/1605/1513 1419/1608/1514
f 1420/1609/1515 1419/1608/1514 1421/1610/1516
f 1422/1611/1517 1420/1609/1515 1421/1610/1516
f 1422/1611/1517 1421/1610/1516 1423/1612/1518
f 1399/1588/1496 1422/1611/1517 1423/1612/1518
f 1399/1588/1496 1423/1612/1518 1400/1589/1497
f 1424/1613/1519 1425/1614/1520 1426/1615/1521
f 1424/1613/1519 1426/1615/1521 1427/1616/1522
f 1428/1617/1523 1424/1613/1519 1427/1616/1522
f 1428/1617/1523 1427/1616/1522 1429/1618/1524
f 1430/1619/1525 1428/1617/1523 1429/1618/1524
f 1430/1619/1525 1429/1618/1524 1431/1620/1526
f 1432/1621/1527 1430/1619/1525 1431/1620/1526
f 1432/1621/1527 1431/1620/1526 1433/1622/1528
f 1434/1623/1529 1432/1621/1527 1433/1622/1528
f 1434/1623/1529 1433/1622/1528 1435/1624/1530
f 1436/1625/1531 1434/1623/1529 1435/1624/1530
f 1436/1625/1531 1435/1624/1530 1437/1626/1532
f 1438/1627/1533 1436/1625/1531 1437/1626/1532
f 1438/1627/1533 1437/1626/1532 1439/1628/1534
f 1440/1629/1535 1438/1627/1533 1439/1628/1534
f 1440/1629/1535 1439/1628/1534 1441/1630/1536
f 1442/1631/1537 1443/1632/1538 1444/1633/1536
f 1442/1631/1537 1444/1633/1536 1445/1634/1539
f 1446/1635/1540 1442/1631/1537 1445/1634/1539
f 1446/1635/1540 1445/1634/1539 1447/1636/1541
f 1448/1637/1542 1446/1635/1540 1447/1636/1541
f 1448/1637/1542 1447/1636/1541 1449/1638/1543
f 1425/1614/1520 1448/1637/1542 1449/1638/1543
f 1425/1614/1520 1449/1638/1543 1426/1615/1521
f 1450/1639/1544 1451/1640/1545 3886/1564/1546
f 1450/1639/1544 3886/1564/1546 3865/1563/1547
f 1452/1641/1548 1453/1642/1549 3866/1568/1547
f 1452/1641/1548 3866/1568/1547 3851/1567/1550
f 1454/1643/1551 1452/1641/1548 3851/1567/1550
f 1454/1643/1551 3851/1567/1550 3841/1570/1552
f 1455/1644/1553 1454/1643/1551 3841/1570/1552
f 1455/1644/1553 3841/1570/1552 3836/1572/1554
f 1456/1645/1555 1455/1644/1553 3836/1572/1554
f 1456/1645/1555 3836/1572/1554 3844/1574/1556
f 1457/1646/1557 1456/1645/1555 3844/1574/1556
f 1457/1646/1557 3844/1574/1556 3856/1576/1558
f 1458/1647/1559 1457/1646/1557 3856/1576/1558
f 1458/1647/1559 3856/1576/1558 3876/1578/1560
f 1459/1648/1561 1458/1647/1559 3876/1578/1560
f 1459/1648/1561 3876/1578/1560 3893/1580/1562
f 1460/1649/1563 1459/1648/1561 3893/1580/1562
f 1460/1649/1563 3893/1580/1562 3909/1582/1564
f 1461/1650/1565 1460/1649/1563 3909/1582/1564
f 1461/1650/1565 3909/1582/1564 3911/1584/1566
f 1462/1651/1567 1461/1650/1565 3911/1584/1566
f 1462/1651/1567 3911/1584/1566 3902/1586/1568
f 1451/1640/1545 1462/1651/1567 3902/1586/1568
f 1451/1640/1545 3902/1586/1568 3886/1564/1546
f 1463/1652/1569 1464/1653/1570 4019/1588/1571
f 1463/1652/1569 4019/1588/1571 4010/1587/1572
f 1465/1654/1573 1463/1652/1569 4010/1587/1572
f 1465/1654/1573 4010/1587/1572 3997/1591/1574
f 1466/1655/1575 1465/1654/1573 3997/1591/1574
f 1466/1655/1575 3997/1591/1574 3982/1593/1576
f 1467/1656/1577 1466/1655/1575 3982/1593/1576
f 1467/1656/1577 3982/1593/1576 3971/1595/1578
f 1468/1657/1579 1467/1656/1577 3971/1595/1578
f 1468/1657/1579 3971/1595/1578 3962/1597/1580
f 1469/1658/1581 1468/1657/1579 3962/1597/1580
f 1469/1658/1581 3962/1597/1580 3967/1599/1582
f 1470/1659/1583 1469/1658/1581 3967/1599/1582
f 1470/1659/1583 3967/1599/1582 3978/1601/1584
f 1471/1660/1585 1470/1659/1583 3978/1601/1584
f 1471/1660/1585 3978/1601/1584 3990/1603/1586
f 1472/1661/1587 1473/1662/1585 3991/1606/1586
f 1472/1661/1587 3991/1606/1586 4003/1605/1588
f 1474/1663/1589 1472/1661/1587 4003/1605/1588
f 1474/1663/1589 4003/1605/1588 4015/1609/1590
f 1475/1664/1591 1474/1663/1589 4015/1609/1590
f 1475/1664/1591 4015/1609/1590 4021/1611/1592
f 1464/1653/1570 1475/1664/1591 4021/1611/1592
f 1464/1653/1570 4021/1611/1592 4019/1588/1571
f 4045/1608/1593 4032/1607/1594 1476/1665/1595
f 4045/1608/1593 1476/1665/1595 1477/1666/1596
f 4031/1604/1594 4014/1602/1597 1478/1667/1598
f 4031/1604/1594 1478/1667/1598 1479/1668/1595
f 4014/1602/1597 4005/1600/1599 1480/1669/1600
f 4014/1602/1597 1480/1669/1600 1478/1667/1598
f 4005/1600/1599 4004/1598/1601 1481/1670/1602
f 4005/1600/1599 1481/1670/1602 1480/1669/1600
f 4004/1598/1601 4008/1596/1603 1482/1671/1604
f 4004/1598/1601 1482/1671/1604 1481/1670/1602
f 4008/1596/1603 4020/1594/1605 1483/1672/1606
f 4008/1596/1603 1483/1672/1606 1482/1671/1604
f 4020/1594/1605 4040/1592/1607 1484/1673/1608
f 4020/1594/1605 1484/1673/1608 1483/1672/1606
f 4040/1592/1607 4051/1590/1609 1485/1674/1610
f 4040/1592/1607 1485/1674/1610 1484/1673/1608
f 4051/1590/1609 4053/1589/1611 1486/1675/1612
f 4051/1590/1609 1486/1675/1612 1485/1674/1610
f 4053/1589/1611 4054/1612/1613 1487/1676/1614
f 4053/1589/1611 1487/1676/1614 1486/1675/1612
f 4054/1612/1613 4052/1610/1615 1488/1677/1616
f 4054/1612/1613 1488/1677/1616 1487/1676/1614
f 4052/1610/1615 4045/1608/1593 1477/1666/1596
f 4052/1610/1615 1477/1666/1596 1488/1677/1616
f 1492/313/96 1496/317/96 1489/310/96
f 1497/318/97 1498/1678/97 1496/317/97
f 1501/321/98 1503/323/98 1504/1679/98
f 4267/326/1617 1509/328/1617 1510/331/1617
f 4267/326/1617 1510/331/1617 4229/327/1617
f 4595/343/105 4629/342/105 1525/344/105
f 4560/353/104 1541/1680/104 1542/1681/104
f 4560/353/104 1542/1681/104 4561/354/104
f 1555/1682/106 1556/1683/106 4641/360/106
f 1555/1682/106 4641/360/106 4663/363/106
f 4658/389/116 1575/390/116 1576/1684/116
f 1581/395/108 1583/397/108 1584/398/108
f 1593/1685/104 1594/1686/104 4627/399/104
f 1593/1685/104 4627/399/104 4554/397/104
f 1597/1687/1618 1598/1688/1619 3614/891/1619
f 1597/1687/1618 3614/891/1619 3598/893/1620
f 3987/897/1621 3983/898/1622 1599/1689/1622
f 3987/897/1621 1599/1689/1622 1600/1690/1623
f 1601/1691/1624 1602/1692/1625 3650/892/1626
f 1601/1691/1624 3650/892/1626 3615/891/1624
f 1603/1693/1627 1604/1694/1628 3604/899/1628
f 1603/1693/1627 3604/899/1628 3635/894/1629
f 1605/1695/1630 1606/1696/1631 3938/895/1632
f 1605/1695/1630 3938/895/1632 3974/900/1630
f 3950/896/1633 1607/1697/1634 1608/1698/1635
f 3950/896/1633 1608/1698/1635 3984/898/1635
f 1609/1699/1636 1597/1687/1618 3598/893/1620
f 1609/1699/1636 3598/893/1620 3605/899/1636
f 3975/900/1637 3987/897/1621 1600/1690/1623
f 3975/900/1637 1600/1690/1623 1610/1700/1637
f 138/894/395 136/892/393 1611/1701/1638
f 138/894/395 1611/1701/1638 1612/1702/2
f 1613/1703/1639 1603/1693/1627 3635/894/1629
f 1613/1703/1639 3635/894/1629 3766/1702/1628
f 3650/892/1626 1602/1692/1625 1614/1704/1640
f 3650/892/1626 1614/1704/1640 3776/1701/1641
f 139/895/396 1612/1702/2 1611/1701/1638
f 139/895/396 1611/1701/1638 140/896/397
f 3776/1701/1641 1614/1704/1640 1607/1697/1634
f 3776/1701/1641 1607/1697/1634 3950/896/1633
f 3938/895/1632 1606/1696/1631 1613/1703/1639
f 3938/895/1632 1613/1703/1639 3766/1702/1628
f 1615/1705/1642 1616/1706/1643 3606/902/1644
f 1615/1705/1642 3606/902/1644 3610/901/1642
f 3965/908/1645 3986/907/1646 1617/1707/1647
f 3965/908/1645 1617/1707/1647 1618/1708/1645
f 1619/1709/1648 1620/1710/1649 3639/904/1650
f 1619/1709/1648 3639/904/1650 3616/905/1648
f 1621/1711/1651 1622/1712/1628 3611/901/1628
f 1621/1711/1651 3611/901/1628 3630/903/1652
f 3986/907/1646 3988/910/1653 1623/1713/1653
f 3986/907/1646 1623/1713/1653 1617/1707/1647
f 3606/902/1644 1616/1706/1643 1624/1714/1654
f 3606/902/1644 1624/1714/1654 3617/905/1654
f 1625/1715/1655 1626/1716/1656 147/903/404
f 1625/1715/1655 147/903/404 148/904/405
f 1627/1717/1657 1621/1711/1651 3630/903/1652
f 1627/1717/1657 3630/903/1652 3743/1716/1658
f 3639/904/1650 1620/1710/1649 1628/1718/1659
f 3639/904/1650 1628/1718/1659 3756/1715/1660
f 1629/1719/1661 1630/1720/1662 3901/906/1663
f 1629/1719/1661 3901/906/1663 3966/908/1661
f 3933/909/1664 1631/1721/1665 1632/1722/1666
f 3933/909/1664 1632/1722/1666 3989/910/1666
f 1630/1720/1662 1627/1717/1657 3743/1716/1658
f 1630/1720/1662 3743/1716/1658 3901/906/1663
f 3756/1715/1660 1628/1718/1659 1631/1721/1665
f 3756/1715/1660 1631/1721/1665 3933/909/1664
f 153/909/410 150/906/407 1626/1716/1656
f 153/909/410 1626/1716/1656 1625/1715/1655
f 3948/915/1667 3955/916/1668 1635/1723/1668
f 3948/915/1667 1635/1723/1668 1636/1724/1669
f 1637/1725/1670 1638/1726/1671 3619/911/1672
f 1637/1725/1670 3619/911/1672 3608/411/1670
f 1639/1727/1673 1640/1728/1674 3609/917/1675
f 1639/1727/1673 3609/917/1675 3622/912/1676
f 1641/1729/1677 1642/1730/1678 3884/913/1679
f 1641/1729/1677 3884/913/1679 3917/918/1677
f 3919/914/1680 1643/1731/1681 1644/1732/1682
f 3919/914/1680 1644/1732/1682 3956/916/1682
f 1645/1733/1683 3595/409/1684 3597/412/1684
f 1645/1733/1683 3597/412/1684 3609/917/1685
f 3918/918/1686 3948/915/1667 1636/1724/1669
f 3918/918/1686 1636/1724/1669 1646/1734/1686
f 1647/1735/1687 1639/1727/1673 3622/912/1676
f 1647/1735/1687 3622/912/1676 1648/1736/1688
f 3619/911/1672 1638/1726/1671 1649/1737/1689
f 3619/911/1672 1649/1737/1689 1650/1738/1690
f 158/912/415 156/911/413 3751/1738/1691
f 158/912/415 3751/1738/1691 3757/1736/2
f 159/913/416 3757/1736/2 3751/1738/1691
f 159/913/416 3751/1738/1691 160/914/417
f 1650/1738/1690 1649/1737/1689 1643/1731/1681
f 1650/1738/1690 1643/1731/1681 3919/914/1680
f 3884/913/1679 1642/1730/1678 1647/1735/1687
f 3884/913/1679 1647/1735/1687 1648/1736/1688
f 166/920/423 165/919/422 1651/1739/1692
f 166/920/423 1651/1739/1692 1652/1740/1693
f 165/919/422 168/922/425 1653/1741/1694
f 165/919/422 1653/1741/1694 1651/1739/1692
f 168/922/425 169/923/426 1654/1742/1695
f 168/922/425 1654/1742/1695 1653/1741/1694
f 169/923/426 170/924/427 1655/1743/1696
f 169/923/426 1655/1743/1696 1654/1742/1695
f 170/924/427 171/925/428 1656/1744/1697
f 170/924/427 1656/1744/1697 1655/1743/1696
f 171/925/428 166/920/423 1652/1740/1693
f 171/925/428 1652/1740/1693 3828/1744/1698
f 1652/1740/1693 1651/1739/1692 1657/1745/1699
f 1652/1740/1693 1657/1745/1699 1658/1746/1700
f 1651/1739/1692 1653/1741/1694 1659/1747/1701
f 1651/1739/1692 1659/1747/1701 3835/1745/1702
f 1653/1741/1694 1654/1742/1695 1660/1748/1703
f 1653/1741/1694 1660/1748/1703 3822/1747/1704
f 1654/1742/1695 1655/1743/1696 1661/1749/1705
f 1654/1742/1695 1661/1749/1705 3809/1748/1706
f 1655/1743/1696 1656/1744/1697 1662/1750/1707
f 1655/1743/1696 1662/1750/1707 3811/1749/1708
f 3828/1744/1698 1652/1740/1693 3838/1746/1709
f 3828/1744/1698 3838/1746/1709 3829/1750/1710
f 1658/1746/1700 1657/1745/1699 1663/1751/1711
f 1658/1746/1700 1663/1751/1711 1664/1752/1712
f 3835/1745/1702 1659/1747/1701 1665/1753/1713
f 3835/1745/1702 1665/1753/1713 1663/1751/1711
f 3822/1747/1704 1660/1748/1703 1666/1754/1714
f 3822/1747/1704 1666/1754/1714 3823/1753/1715
f 3809/1748/1706 1661/1749/1705 1667/1755/1716
f 3809/1748/1706 1667/1755/1716 1666/1754/1714
f 3811/1749/1708 1662/1750/1707 1668/1756/1717
f 3811/1749/1708 1668/1756/1717 1667/1755/1716
f 3829/1750/1710 3838/1746/1709 1664/1752/1712
f 3829/1750/1710 1664/1752/1712 1668/1756/1717
f 1664/1752/1712 1663/1751/1711 173/927/430
f 1664/1752/1712 173/927/430 172/926/429
f 1663/1751/1711 1665/1753/1713 175/929/432
f 1663/1751/1711 175/929/432 173/927/430
f 3823/1753/1715 1666/1754/1714 176/930/433
f 3823/1753/1715 176/930/433 175/929/432
f 1666/1754/1714 1667/1755/1716 177/931/434
f 1666/1754/1714 177/931/434 176/930/433
f 1667/1755/1716 1668/1756/1717 178/932/435
f 1667/1755/1716 178/932/435 177/931/434
f 1668/1756/1717 1664/1752/1712 172/926/429
f 1668/1756/1717 172/926/429 178/932/435
f 180/934/437 179/933/436 1669/1757/1718
f 180/934/437 1669/1757/1718 1670/1758/1719
f 179/933/436 182/936/439 1671/1759/1720
f 179/933/436 1671/1759/1720 1669/1757/1718
f 182/936/439 183/937/440 1672/1760/1721
f 182/936/439 1672/1760/1721 1671/1759/1720
f 183/937/440 184/938/441 1673/1761/1722
f 183/937/440 1673/1761/1722 1672/1760/1721
f 184/938/441 185/939/442 1674/1762/1723
f 184/938/441 1674/1762/1723 1673/1761/1722
f 185/939/442 180/934/437 1670/1758/1719
f 185/939/442 1670/1758/1719 3790/1762/1724
f 1670/1758/1719 1669/1757/1718 1675/1763/1725
f 1670/1758/1719 1675/1763/1725 1676/1764/1726
f 1669/1757/1718 1671/1759/1720 1677/1765/1727
f 1669/1757/1718 1677/1765/1727 3802/1763/1728
f 1671/1759/1720 1672/1760/1721 1678/1766/1729
f 1671/1759/1720 1678/1766/1729 3800/1765/1730
f 1672/1760/1721 1673/1761/1722 1679/1767/1731
f 1672/1760/1721 1679/1767/1731 3789/1766/1732
f 1673/1761/1722 1674/1762/1723 1680/1768/1733
f 1673/1761/1722 1680/1768/1733 3780/1767/1734
f 3790/1762/1724 1670/1758/1719 3797/1764/1735
f 3790/1762/1724 3797/1764/1735 3786/1768/1736
f 1676/1764/1726 1675/1763/1725 1681/1769/1737
f 1676/1764/1726 1681/1769/1737 1682/1770/1738
f 3802/1763/1728 1677/1765/1727 1683/1771/1739
f 3802/1763/1728 1683/1771/1739 1681/1769/1737
f 3800/1765/1730 1678/1766/1729 1684/1772/1740
f 3800/1765/1730 1684/1772/1740 3796/1771/1741
f 3789/1766/1732 1679/1767/1731 1685/1773/1742
f 3789/1766/1732 1685/1773/1742 1684/1772/1740
f 3780/1767/1734 1680/1768/1733 1686/1774/1743
f 3780/1767/1734 1686/1774/1743 1685/1773/1742
f 3786/1768/1736 3797/1764/1735 1682/1770/1738
f 3786/1768/1736 1682/1770/1738 1686/1774/1743
f 1682/1770/1738 1681/1769/1737 187/941/444
f 1682/1770/1738 187/941/444 186/940/443
f 1681/1769/1737 1683/1771/1739 189/943/446
f 1681/1769/1737 189/943/446 187/941/444
f 3796/1771/1741 1684/1772/1740 190/944/447
f 3796/1771/1741 190/944/447 189/943/446
f 1684/1772/1740 1685/1773/1742 191/945/448
f 1684/1772/1740 191/945/448 190/944/447
f 1685/1773/1742 1686/1774/1743 192/946/449
f 1685/1773/1742 192/946/449 191/945/448
f 1686/1774/1743 1682/1770/1738 186/940/443
f 1686/1774/1743 186/940/443 192/946/449
f 1687/1775/1744 1688/1776/1745 1689/415/1746
f 1687/1775/1744 1689/415/1746 1690/414/1747
f 1688/1776/1745 1691/1777/1748 1692/418/1749
f 1688/1776/1745 1692/418/1749 1689/415/1746
f 1691/1777/1748 1693/1778/1750 1694/1779/1751
f 1691/1777/1748 1694/1779/1751 1692/418/1749
f 1693/1778/1750 1695/1780/1752 1696/417/1753
f 1693/1778/1750 1696/417/1753 1694/1779/1751
f 1695/1780/1752 1697/1781/1754 1698/416/1755
f 1695/1780/1752 1698/416/1755 1696/417/1753
f 1697/1781/1754 1699/1782/1756 1700/413/1757
f 1697/1781/1754 1700/413/1757 1698/416/1755
f 1699/1782/1756 1701/1783/1758 1702/419/1759
f 1699/1782/1756 1702/419/1759 1700/413/1757
f 1701/1783/1758 1703/1784/1760 1704/420/1761
f 1701/1783/1758 1704/420/1761 1702/419/1759
f 1703/1784/1760 1705/1785/1762 1706/421/1763
f 1703/1784/1760 1706/421/1763 1704/420/1761
f 1705/1785/1762 1687/1775/1744 1690/414/1747
f 1705/1785/1762 1690/414/1747 1706/421/1763
f 3742/413/120 3758/419/120 3846/414/120
f 3858/415/120 3848/418/120 3759/416/120
f 3788/417/120 3848/418/120 3824/1779/120
f 1707/1786/1764 1708/1787/1765 1709/1788/1766
f 1707/1786/1764 1709/1788/1766 1710/1789/1767
f 1708/1787/1765 1711/1790/1768 1712/1791/1769
f 1708/1787/1765 1712/1791/1769 1709/1788/1766
f 1711/1790/1768 1713/1792/1770 1714/1793/1771
f 1711/1790/1768 1714/1793/1771 1712/1791/1769
f 1713/1792/1770 1715/1794/1772 1716/1795/1773
f 1713/1792/1770 1716/1795/1773 1714/1793/1771
f 1715/1794/1772 1717/1796/1774 1718/1797/1775
f 1715/1794/1772 1718/1797/1775 1716/1795/1773
f 1717/1796/1774 1719/1798/1776 1720/1799/1777
f 1717/1796/1774 1720/1799/1777 1718/1797/1775
f 1721/1800/1776 1722/1801/1778 1723/1802/1779
f 1721/1800/1776 1723/1802/1779 1724/1803/1777
f 1722/1801/1778 1707/1786/1764 1710/1789/1767
f 1722/1801/1778 1710/1789/1767 1723/1802/1779
f 1743/1804/1780 1744/1805/1781 1745/1806/1782
f 1744/1805/1781 193/947/450 195/949/452
f 1744/1805/1781 195/949/452 1745/1806/1782
f 194/948/451 196/950/453 198/952/455
f 194/948/451 198/952/455 195/949/452
f 197/951/454 1746/1807/1783 1747/1808/1784
f 197/951/454 1747/1808/1784 198/952/455
f 200/954/457 1743/1804/1780 1745/1806/1782
f 200/954/457 1745/1806/1782 201/955/458
f 1718/1797/1775 1720/1799/1777 3700/434/1785
f 1718/1797/1775 3700/434/1785 3687/432/1786
f 1716/1795/1773 1718/1797/1775 3687/432/1786
f 1716/1795/1773 3687/432/1786 3689/430/1787
f 1714/1793/1771 1716/1795/1773 3689/430/1787
f 1714/1793/1771 3689/430/1787 3709/428/1788
f 1712/1791/1769 1714/1793/1771 3709/428/1788
f 1712/1791/1769 3709/428/1788 3727/426/1789
f 1709/1788/1766 1712/1791/1769 3727/426/1789
f 1709/1788/1766 3727/426/1789 3732/423/1790
f 1710/1789/1767 1709/1788/1766 3732/423/1790
f 1710/1789/1767 3732/423/1790 3731/422/1791
f 1723/1802/1779 1710/1789/1767 3731/422/1791
f 1723/1802/1779 3731/422/1791 3724/437/1792
f 1724/1803/1777 1723/1802/1779 3724/437/1792
f 1724/1803/1777 3724/437/1792 3701/436/1793
f 1748/1809/1794 1749/1810/1795 1750/1811/1796
f 1748/1809/1794 1750/1811/1796 1751/442/1794
f 3833/442/1797 3840/1811/1798 1752/1812/1799
f 3833/442/1797 1752/1812/1799 1753/443/1800
f 3889/443/1801 3882/1812/1802 1754/1813/1803
f 3889/443/1801 1754/1813/1803 1755/1814/1801
f 1756/509/1804 1757/510/1804 1758/511/1804
f 1756/509/1804 1758/511/1804 1759/512/1804
f 1762/1815/1805 3951/511/1806 1763/1816/1806
f 1762/1815/1805 1763/1816/1806 1764/1817/1807
f 1765/1818/1808 1766/1819/1809 1767/1820/1810
f 1765/1818/1808 1767/1820/1810 3874/512/1810
f 3914/1815/1811 3857/1818/1812 3875/512/1813
f 3914/1815/1811 3875/512/1813 3952/511/1814
f 3882/1812/1802 1768/1821/1815 1769/1822/1816
f 3882/1812/1802 1769/1822/1816 1754/1813/1803
f 1750/1811/1796 1749/1810/1795 1770/1823/1817
f 1750/1811/1796 1770/1823/1817 1771/1824/1818
f 1752/1812/1799 3840/1811/1798 3849/1824/1819
f 1752/1812/1799 3849/1824/1819 3895/1821/1820
f 1768/1821/1815 1762/1815/1805 1764/1817/1807
f 1768/1821/1815 1764/1817/1807 1769/1822/1816
f 1771/1824/1818 1770/1823/1817 1766/1819/1809
f 1771/1824/1818 1766/1819/1809 1765/1818/1808
f 3895/1821/1820 3849/1824/1819 3857/1818/1812
f 3895/1821/1820 3857/1818/1812 3914/1815/1811
f 1812/1825/1821 1813/1826/1822 1814/480/1823
f 1812/1825/1821 1814/480/1823 1815/479/1824
f 1813/1826/1822 1816/1827/1825 1817/481/1826
f 1813/1826/1822 1817/481/1826 1814/480/1823
f 1816/1827/1825 1818/1828/1827 1819/484/1828
f 1816/1827/1825 1819/484/1828 1817/481/1826
f 1818/1828/1827 1820/1829/1829 1821/483/1830
f 1818/1828/1827 1821/483/1830 1819/484/1828
f 1820/1829/1829 1822/1830/1831 1823/482/1832
f 1820/1829/1829 1823/482/1832 1821/483/1830
f 1822/1830/1831 1824/1831/1833 1825/477/1834
f 1822/1830/1831 1825/477/1834 1823/482/1832
f 1824/1831/1833 1826/1832/1835 1827/478/1836
f 1824/1831/1833 1827/478/1836 1825/477/1834
f 1826/1832/1835 1828/1833/1837 1829/485/1838
f 1826/1832/1835 1829/485/1838 1827/478/1836
f 1828/1833/1837 1830/1834/1839 1831/486/1840
f 1828/1833/1837 1831/486/1840 1829/485/1838
f 1830/1834/1839 1812/1825/1821 1815/479/1824
f 1830/1834/1839 1815/479/1824 1831/486/1840
f 3998/494/1841 4016/487/1841 3981/490/1841
f 3843/498/146 1847/502/146 3859/499/146
f 3963/498/151 1857/502/151 3947/499/151
f 1868/493/157 1869/494/157 1870/495/157
f 3680/494/153 3697/490/153 3686/495/153
f 1882/1825/1821 1883/1826/1822 1884/480/1823
f 1882/1825/1821 1884/480/1823 1885/479/1842
f 1883/1826/1822 1886/1827/1825 1887/481/1826
f 1883/1826/1822 1887/481/1826 1884/480/1823
f 1886/1827/1825 1888/1828/1827 1889/484/1828
f 1886/1827/1825 1889/484/1828 1887/481/1826
f 1888/1828/1827 1890/1829/1843 1891/483/1830
f 1888/1828/1827 1891/483/1830 1889/484/1828
f 1890/1829/1843 1892/1830/1831 1893/482/1832
f 1890/1829/1843 1893/482/1832 1891/483/1830
f 1892/1830/1831 1894/1831/1833 1895/477/1834
f 1892/1830/1831 1895/477/1834 1893/482/1832
f 1894/1831/1833 1896/1832/1835 1897/478/1836
f 1894/1831/1833 1897/478/1836 1895/477/1834
f 1896/1832/1835 1898/1833/1837 1899/485/1838
f 1896/1832/1835 1899/485/1838 1897/478/1836
f 1898/1833/1837 1900/1834/1839 1901/486/1840
f 1898/1833/1837 1901/486/1840 1899/485/1838
f 1900/1834/1839 1882/1825/1821 1885/479/1842
f 1900/1834/1839 1885/479/1842 1901/486/1840
f 1908/493/147 1909/494/147 1910/495/147
f 3725/488/141 1916/491/141 1917/492/141
f 1932/1809/1844 1933/1810/1845 1934/1811/1846
f 1932/1809/1844 1934/1811/1846 1935/442/1844
f 3637/442/1847 3631/1811/1848 1936/1812/1849
f 3637/442/1847 1936/1812/1849 1937/443/1850
f 3703/443/1851 3676/1812/1852 1938/1813/1853
f 3703/443/1851 1938/1813/1853 1939/1814/1851
f 1946/1815/1854 3716/511/1805 1947/1816/1805
f 1946/1815/1854 1947/1816/1805 1948/1817/1855
f 1949/1835/1856 1950/1819/1857 1951/1820/1858
f 1949/1835/1856 1951/1820/1858 3653/512/1858
f 3690/1815/1859 3636/1835/1860 3654/512/1861
f 3690/1815/1859 3654/512/1861 3717/511/1862
f 3676/1812/1852 1952/1821/1863 1953/1822/1864
f 3676/1812/1852 1953/1822/1864 1938/1813/1853
f 1934/1811/1846 1933/1810/1845 1954/1823/1865
f 1934/1811/1846 1954/1823/1865 1955/1824/1866
f 1936/1812/1849 3631/1811/1848 3628/1824/1867
f 1936/1812/1849 3628/1824/1867 3675/1821/1868
f 1952/1821/1863 1946/1815/1854 1948/1817/1855
f 1952/1821/1863 1948/1817/1855 1953/1822/1864
f 1955/1824/1866 1954/1823/1865 1950/1819/1857
f 1955/1824/1866 1950/1819/1857 1949/1835/1856
f 3675/1821/1868 3628/1824/1867 3636/1835/1860
f 3675/1821/1868 3636/1835/1860 3690/1815/1859
f 1956/1836/1869 1957/1837/1870 1958/1838/1871
f 1956/1836/1869 1958/1838/1871 1959/1839/1872
f 1957/1837/1870 1960/1840/1873 1961/1841/1874
f 1957/1837/1870 1961/1841/1874 1958/1838/1871
f 1960/1840/1873 1962/1842/1875 1963/1843/1876
f 1960/1840/1873 1963/1843/1876 1961/1841/1874
f 1962/1842/1875 1964/1844/1877 1965/1845/1878
f 1962/1842/1875 1965/1845/1878 1963/1843/1876
f 1964/1844/1877 1966/1846/1879 1967/1847/1880
f 1964/1844/1877 1967/1847/1880 1965/1845/1878
f 1966/1846/1879 1968/1848/1881 1969/1849/1882
f 1966/1846/1879 1969/1849/1882 1967/1847/1880
f 1968/1848/1881 1970/1850/1883 1971/1851/1884
f 1968/1848/1881 1971/1851/1884 1969/1849/1882
f 1970/1850/1883 1972/1852/1885 1973/1853/1886
f 1970/1850/1883 1973/1853/1886 1971/1851/1884
f 1972/1852/1885 1974/1854/1887 1975/1855/1888
f 1972/1852/1885 1975/1855/1888 1973/1853/1886
f 1976/1856/1889 1956/1836/1869 1959/1839/1872
f 1976/1856/1889 1959/1839/1872 1977/1857/1888
f 1981/517/2 1983/519/2 1978/514/2
f 1998/1858/1890 1999/1859/1891 2000/1860/1892
f 1998/1858/1890 2000/1860/1892 2001/1861/1893
f 1999/1859/1891 2002/1862/1894 2003/1863/1895
f 1999/1859/1891 2003/1863/1895 2000/1860/1892
f 2002/1862/1894 2004/1864/1896 2005/1865/1897
f 2002/1862/1894 2005/1865/1897 2003/1863/1895
f 2004/1864/1896 2006/1866/1898 2007/1867/1899
f 2004/1864/1896 2007/1867/1899 2005/1865/1897
f 2006/1866/1898 2008/1868/1900 2009/1869/1901
f 2006/1866/1898 2009/1869/1901 2007/1867/1899
f 2008/1868/1900 2010/1870/1902 2011/1871/1903
f 2008/1868/1900 2011/1871/1903 2009/1869/1901
f 2010/1870/1902 2012/1872/1904 2013/1873/1905
f 2010/1870/1902 2013/1873/1905 2011/1871/1903
f 2012/1872/1904 2014/1874/1906 2015/1875/1907
f 2012/1872/1904 2015/1875/1907 2013/1873/1905
f 2014/1874/1906 2016/1876/1908 2017/1877/1909
f 2014/1874/1906 2017/1877/1909 2015/1875/1907
f 2016/1876/1908 2018/1878/1910 2019/1879/1893
f 2016/1876/1908 2019/1879/1893 2017/1877/1909
f 2020/1880/1911 2021/1881/1912 2022/1882/1913
f 2020/1880/1911 2022/1882/1913 2023/1883/1914
f 2021/1881/1912 2024/1884/1915 2025/1885/1916
f 2021/1881/1912 2025/1885/1916 2022/1882/1913
f 2024/1884/1915 2026/1886/1917 2027/1887/1918
f 2024/1884/1915 2027/1887/1918 2025/1885/1916
f 2026/1886/1917 2028/1888/1919 2029/1889/1920
f 2026/1886/1917 2029/1889/1920 2027/1887/1918
f 2028/1888/1919 2030/1890/1921 2031/1891/1922
f 2028/1888/1919 2031/1891/1922 2029/1889/1920
f 2030/1890/1921 2032/1888/1923 2033/1889/1924
f 2030/1890/1921 2033/1889/1924 2031/1891/1922
f 2032/1888/1923 2034/1886/1925 2035/1887/1926
f 2032/1888/1923 2035/1887/1926 2033/1889/1924
f 2034/1886/1925 2036/1884/1927 2037/1885/1928
f 2034/1886/1925 2037/1885/1928 2035/1887/1926
f 2036/1884/1927 2038/1881/1929 2039/1882/1930
f 2036/1884/1927 2039/1882/1930 2037/1885/1928
f 2038/1881/1929 2020/1880/1911 2023/1883/1914
f 2038/1881/1929 2023/1883/1914 2039/1882/1930
f 2021/1881/1912 2020/1880/1911 2040/1892/1931
f 2021/1881/1912 2040/1892/1931 2041/1893/1932
f 2024/1884/1915 2021/1881/1912 2041/1893/1932
f 2024/1884/1915 2041/1893/1932 2042/1894/1933
f 2026/1886/1917 2024/1884/1915 2042/1894/1933
f 2026/1886/1917 2042/1894/1933 2043/1895/1934
f 2028/1888/1919 2026/1886/1917 2043/1895/1934
f 2028/1888/1919 2043/1895/1934 2044/1896/1935
f 2030/1890/1921 2028/1888/1919 2044/1896/1935
f 2030/1890/1921 2044/1896/1935 2045/1897/1936
f 2032/1888/1923 2030/1890/1921 2045/1897/1936
f 2032/1888/1923 2045/1897/1936 2046/1896/1937
f 2034/1886/1925 2032/1888/1923 2046/1896/1937
f 2034/1886/1925 2046/1896/1937 2047/1895/1938
f 2036/1884/1927 2034/1886/1925 2047/1895/1938
f 2036/1884/1927 2047/1895/1938 2048/1894/1939
f 2038/1881/1929 2036/1884/1927 2048/1894/1939
f 2038/1881/1929 2048/1894/1939 2049/1893/1940
f 2020/1880/1911 2038/1881/1929 2049/1893/1940
f 2020/1880/1911 2049/1893/1940 2040/1892/1931
f 2041/1893/1932 2040/1892/1931 2050/1898/1941
f 2041/1893/1932 2050/1898/1941 2051/1899/1942
f 2042/1894/1933 2041/1893/1932 2051/1899/1942
f 2042/1894/1933 2051/1899/1942 2052/1900/1943
f 2043/1895/1934 2042/1894/1933 2052/1900/1943
f 2043/1895/1934 2052/1900/1943 2053/1901/1944
f 2044/1896/1935 2043/1895/1934 2053/1901/1944
f 2044/1896/1935 2053/1901/1944 2054/1902/1945
f 2045/1897/1936 2044/1896/1935 2054/1902/1945
f 2045/1897/1936 2054/1902/1945 2055/1903/1946
f 2046/1896/1937 2045/1897/1936 2055/1903/1946
f 2046/1896/1937 2055/1903/1946 2056/1902/1947
f 2047/1895/1938 2046/1896/1937 2056/1902/1947
f 2047/1895/1938 2056/1902/1947 2057/1901/1948
f 2048/1894/1939 2047/1895/1938 2057/1901/1948
f 2048/1894/1939 2057/1901/1948 2058/1900/1949
f 2049/1893/1940 2048/1894/1939 2058/1900/1949
f 2049/1893/1940 2058/1900/1949 2059/1899/1950
f 2040/1892/1931 2049/1893/1940 2059/1899/1950
f 2040/1892/1931 2059/1899/1950 2050/1898/1941
f 2060/534/173 2061/553/173 2062/535/173
f 4642/553/1951 2064/1904/1952 2065/1905/1951
f 4642/553/1951 2065/1905/1951 4646/535/1953
f 4644/1904/1954 2066/537/1955 2067/540/1956
f 4644/1904/1954 2067/540/1956 4655/1905/1957
f 4640/538/1958 2070/1906/1959 2071/1907/1960
f 4640/538/1958 2071/1907/1960 4645/539/1961
f 4639/1906/1962 2072/1908/1963 2073/1909/1962
f 4639/1906/1962 2073/1909/1962 4638/1907/1964
f 2080/547/178 2082/549/178 2083/550/178
f 2086/1836/1965 2087/1837/1966 2088/1838/1967
f 2086/1836/1965 2088/1838/1967 2089/1839/1968
f 2087/1837/1966 2090/1840/1969 2091/1841/1970
f 2087/1837/1966 2091/1841/1970 2088/1838/1967
f 2090/1840/1969 2092/1842/1971 2093/1843/1972
f 2090/1840/1969 2093/1843/1972 2091/1841/1970
f 2092/1842/1971 2094/1844/1973 2095/1845/1974
f 2092/1842/1971 2095/1845/1974 2093/1843/1972
f 2094/1844/1973 2096/1846/1975 2097/1847/1976
f 2094/1844/1973 2097/1847/1976 2095/1845/1974
f 2096/1846/1975 2098/1848/1977 2099/1849/1978
f 2096/1846/1975 2099/1849/1978 2097/1847/1976
f 2098/1848/1977 2100/1850/1979 2101/1851/1980
f 2098/1848/1977 2101/1851/1980 2099/1849/1978
f 2100/1850/1979 2102/1852/1981 2103/1853/1982
f 2100/1850/1979 2103/1853/1982 2101/1851/1980
f 2102/1852/1981 2104/1854/1983 2105/1855/1984
f 2102/1852/1981 2105/1855/1984 2103/1853/1982
f 2106/1856/1983 2086/1836/1965 2089/1839/1968
f 2106/1856/1983 2089/1839/1968 2107/1857/1985
f 2118/524/5 2119/525/5 2120/526/5
f 2124/530/5 2123/529/5 2125/531/5
f 2128/1858/1986 2129/1859/1987 2130/1860/1988
f 2128/1858/1986 2130/1860/1988 2131/1861/1989
f 2129/1859/1987 2132/1862/1990 2133/1863/1991
f 2129/1859/1987 2133/1863/1991 2130/1860/1988
f 2132/1862/1990 2134/1864/1992 2135/1865/1993
f 2132/1862/1990 2135/1865/1993 2133/1863/1991
f 2134/1864/1992 2136/1866/1994 2137/1867/1995
f 2134/1864/1992 2137/1867/1995 2135/1865/1993
f 2136/1866/1994 2138/1868/1996 2139/1869/1997
f 2136/1866/1994 2139/1869/1997 2137/1867/1995
f 2138/1868/1996 2140/1870/1998 2141/1871/1999
f 2138/1868/1996 2141/1871/1999 2139/1869/1997
f 2140/1870/1998 2142/1872/2000 2143/1873/2001
f 2140/1870/1998 2143/1873/2001 2141/1871/1999
f 2142/1872/2000 2144/1874/2002 2145/1875/2003
f 2142/1872/2000 2145/1875/2003 2143/1873/2001
f 2144/1874/2002 2146/1876/2004 2147/1877/2005
f 2144/1874/2002 2147/1877/2005 2145/1875/2003
f 2146/1876/2004 2148/1878/2006 2149/1879/1989
f 2146/1876/2004 2149/1879/1989 2147/1877/2005
f 2150/1880/2007 2151/1881/2008 2152/1882/2009
f 2150/1880/2007 2152/1882/2009 2153/1883/2010
f 2151/1881/2008 2154/1884/2011 2155/1885/2012
f 2151/1881/2008 2155/1885/2012 2152/1882/2009
f 2154/1884/2011 2156/1886/2013 2157/1887/2014
f 2154/1884/2011 2157/1887/2014 2155/1885/2012
f 2156/1886/2013 2158/1888/2015 2159/1889/2016
f 2156/1886/2013 2159/1889/2016 2157/1887/2014
f 2158/1888/2015 2160/1890/2017 2161/1891/2018
f 2158/1888/2015 2161/1891/2018 2159/1889/2016
f 2160/1890/2017 2162/1888/2019 2163/1889/2020
f 2160/1890/2017 2163/1889/2020 2161/1891/2018
f 2162/1888/2019 2164/1886/2021 2165/1887/2022
f 2162/1888/2019 2165/1887/2022 2163/1889/2020
f 2164/1886/2021 2166/1884/2023 2167/1885/2024
f 2164/1886/2021 2167/1885/2024 2165/1887/2022
f 2166/1884/2023 2168/1881/2025 2169/1882/2026
f 2166/1884/2023 2169/1882/2026 2167/1885/2024
f 2168/1881/2025 2150/1880/2007 2153/1883/2010
f 2168/1881/2025 2153/1883/2010 2169/1882/2026
f 2151/1881/2008 2150/1880/2007 2170/1892/2027
f 2151/1881/2008 2170/1892/2027 2171/1893/2028
f 2154/1884/2011 2151/1881/2008 2171/1893/2028
f 2154/1884/2011 2171/1893/2028 2172/1894/2029
f 2156/1886/2013 2154/1884/2011 2172/1894/2029
f 2156/1886/2013 2172/1894/2029 2173/1895/2030
f 2158/1888/2015 2156/1886/2013 2173/1895/2030
f 2158/1888/2015 2173/1895/2030 2174/1896/2031
f 2160/1890/2017 2158/1888/2015 2174/1896/2031
f 2160/1890/2017 2174/1896/2031 2175/1897/2032
f 2162/1888/2019 2160/1890/2017 2175/1897/2032
f 2162/1888/2019 2175/1897/2032 2176/1896/2033
f 2164/1886/2021 2162/1888/2019 2176/1896/2033
f 2164/1886/2021 2176/1896/2033 2177/1895/2034
f 2166/1884/2023 2164/1886/2021 2177/1895/2034
f 2166/1884/2023 2177/1895/2034 2178/1894/2035
f 2168/1881/2025 2166/1884/2023 2178/1894/2035
f 2168/1881/2025 2178/1894/2035 2179/1893/2036
f 2150/1880/2007 2168/1881/2025 2179/1893/2036
f 2150/1880/2007 2179/1893/2036 2170/1892/2027
f 2171/1893/2028 2170/1892/2027 2180/1898/2037
f 2171/1893/2028 2180/1898/2037 2181/1899/2038
f 2172/1894/2029 2171/1893/2028 2181/1899/2038
f 2172/1894/2029 2181/1899/2038 2182/1900/2039
f 2173/1895/2030 2172/1894/2029 2182/1900/2039
f 2173/1895/2030 2182/1900/2039 2183/1901/2040
f 2174/1896/2031 2173/1895/2030 2183/1901/2040
f 2174/1896/2031 2183/1901/2040 2184/1902/2041
f 2175/1897/2032 2174/1896/2031 2184/1902/2041
f 2175/1897/2032 2184/1902/2041 2185/1903/2042
f 2176/1896/2033 2175/1897/2032 2185/1903/2042
f 2176/1896/2033 2185/1903/2042 2186/1902/2043
f 2177/1895/2034 2176/1896/2033 2186/1902/2043
f 2177/1895/2034 2186/1902/2043 2187/1901/2044
f 2178/1894/2035 2177/1895/2034 2187/1901/2044
f 2178/1894/2035 2187/1901/2044 2188/1900/2045
f 2179/1893/2036 2178/1894/2035 2188/1900/2045
f 2179/1893/2036 2188/1900/2045 2189/1899/2046
f 2170/1892/2027 2179/1893/2036 2189/1899/2046
f 2170/1892/2027 2189/1899/2046 2180/1898/2037
f 3693/553/2047 2194/1904/2048 2195/1905/2047
f 3693/553/2047 2195/1905/2047 3694/535/2049
f 3696/1904/2050 2196/537/2051 2197/540/2052
f 3696/1904/2050 2197/540/2052 3708/1905/2053
f 3684/538/2054 2200/1906/2055 2201/1907/2056
f 3684/538/2054 2201/1907/2056 3634/539/2057
f 3681/1906/2058 2202/1908/2059 2203/1909/2058
f 3681/1906/2058 2203/1909/2058 3627/1907/2060
f 2208/545/2061 2209/546/2061 2207/544/2061
f 2210/547/2062 2211/548/2062 2212/549/2062
f 2210/547/2062 2212/549/2062 2213/550/2062
f 2210/547/187 2214/551/187 2215/552/187
f 2216/1910/2063 2217/1911/2064 2218/575/2065
f 2216/1910/2063 2218/575/2065 2219/556/2066
f 2220/1912/2067 2221/1913/2068 2222/560/2069
f 2220/1912/2067 2222/560/2069 2223/559/2070
f 2221/1913/2068 2224/1914/2071 2225/562/2072
f 2221/1913/2068 2225/562/2072 2222/560/2069
f 2224/1914/2071 2226/1915/2073 2227/564/2074
f 2224/1914/2071 2227/564/2074 2225/562/2072
f 2226/1915/2073 2228/1916/2075 2229/566/2076
f 2226/1915/2073 2229/566/2076 2227/564/2074
f 2228/1916/2075 2216/1910/2063 2219/556/2066
f 2228/1916/2075 2219/556/2066 2229/566/2076
f 2230/1917/2077 2231/1918/2078 2232/1919/2079
f 2230/1917/2077 2232/1919/2079 2233/1920/2080
f 2234/1921/2081 2230/1917/2077 2233/1920/2080
f 2234/1921/2081 2233/1920/2080 2235/1922/2082
f 2236/1923/2083 2234/1921/2081 2235/1922/2082
f 2236/1923/2083 2235/1922/2082 2237/1924/2084
f 2238/1925/2085 2236/1923/2083 2237/1924/2084
f 2238/1925/2085 2237/1924/2084 2239/1926/2086
f 2240/1927/2087 2241/1928/2088 2242/1929/2089
f 2240/1927/2087 2242/1929/2089 2243/1930/2090
f 2231/1918/2078 2240/1927/2087 2243/1930/2090
f 2231/1918/2078 2243/1930/2090 2232/1919/2079
f 2244/554/2 3665/556/2 3623/575/2
f 2233/1920/2080 2232/1919/2079 2251/1931/2091
f 2233/1920/2080 2251/1931/2091 2252/1932/2092
f 2235/1922/2082 2233/1920/2080 2252/1932/2092
f 2235/1922/2082 2252/1932/2092 2253/1933/2093
f 2237/1924/2084 2235/1922/2082 2253/1933/2093
f 2237/1924/2084 2253/1933/2093 2254/1934/2094
f 2239/1926/2086 2237/1924/2084 2254/1934/2094
f 2239/1926/2086 2254/1934/2094 2255/1935/2095
f 2256/1936/2096 2257/1937/2097 2258/1938/2098
f 2256/1936/2096 2258/1938/2098 2259/1939/2099
f 2242/1929/2089 2256/1936/2096 2259/1939/2099
f 2242/1929/2089 2259/1939/2099 2260/1940/2100
f 2243/1930/2090 2242/1929/2089 2260/1940/2100
f 2243/1930/2090 2260/1940/2100 2261/1941/2101
f 2232/1919/2079 2243/1930/2090 2261/1941/2101
f 2232/1919/2079 2261/1941/2101 2251/1931/2091
f 2268/1942/2102 2269/573/2103 2270/562/2104
f 2268/1942/2102 2270/562/2104 2271/1914/2105
f 2272/1943/2106 2273/1944/2107 2274/576/2108
f 2272/1943/2106 2274/576/2108 2275/1945/2109
f 2275/1945/2109 2274/576/2108 2276/575/2110
f 2275/1945/2109 2276/575/2110 2277/1911/2111
f 2277/1911/2111 2276/575/2110 2278/556/2112
f 2277/1911/2111 2278/556/2112 2279/1910/2113
f 2279/1910/2113 2278/556/2112 2280/566/2114
f 2279/1910/2113 2280/566/2114 2281/1916/2115
f 2281/1916/2115 2280/566/2114 2269/573/2103
f 2281/1916/2115 2269/573/2103 2268/1942/2102
f 2282/1946/2116 2283/1930/2117 2284/1919/2118
f 2282/1946/2116 2284/1919/2118 2285/1918/2119
f 2286/1928/2120 2287/1947/2121 2283/1930/2117
f 2286/1928/2120 2283/1930/2117 2282/1946/2116
f 2288/1948/2122 2289/1936/2123 2287/1947/2121
f 2288/1948/2122 2287/1947/2121 2286/1928/2120
f 2290/1949/2124 2291/1950/2125 2289/1936/2123
f 2290/1949/2124 2289/1936/2123 2288/1948/2122
f 2292/1923/2126 2293/1924/2127 2294/1926/2128
f 2292/1923/2126 2294/1926/2128 2295/1925/2129
f 2296/1921/2130 2297/1922/2131 2293/1924/2127
f 2296/1921/2130 2293/1924/2127 2292/1923/2126
f 2298/1917/2132 2299/1920/2133 2297/1922/2131
f 2298/1917/2132 2297/1922/2131 2296/1921/2130
f 2285/1918/2119 2284/1919/2118 2299/1920/2133
f 2285/1918/2119 2299/1920/2133 2298/1917/2132
f 2300/561/2 4624/562/2134 4621/573/2
f 2302/557/2135 2303/560/2136 4624/562/2134
f 2302/557/2135 4624/562/2134 2300/561/2
f 2304/1951/2137 2305/1952/2 2303/560/2136
f 2304/1951/2137 2303/560/2136 2302/557/2135
f 2306/577/2 4647/576/2 4668/1944/2138
f 2306/577/2 4668/1944/2138 2307/1953/2
f 2283/1930/2117 2311/1941/2139 2312/1931/2140
f 2283/1930/2117 2312/1931/2140 2284/1919/2118
f 2287/1947/2121 2313/1940/2141 2311/1941/2139
f 2287/1947/2121 2311/1941/2139 2283/1930/2117
f 2289/1936/2123 2314/1939/2142 2313/1940/2141
f 2289/1936/2123 2313/1940/2141 2287/1947/2121
f 2291/1950/2125 2315/1954/2143 2314/1939/2142
f 2291/1950/2125 2314/1939/2142 2289/1936/2123
f 2293/1924/2127 2316/1934/2144 2317/1935/2145
f 2293/1924/2127 2317/1935/2145 2294/1926/2128
f 2297/1922/2131 2318/1933/2146 2316/1934/2144
f 2297/1922/2131 2316/1934/2144 2293/1924/2127
f 2299/1920/2133 2319/1932/2147 2318/1933/2146
f 2299/1920/2133 2318/1933/2146 2297/1922/2131
f 2284/1919/2118 2312/1931/2140 2319/1932/2147
f 2284/1919/2118 2319/1932/2147 2299/1920/2133
f 2320/1955/2148 4666/1954/2148 4664/1950/2149
f 2320/1955/2148 4664/1950/2149 2321/1956/2150
f 2322/1957/2151 4664/1950/2152 4665/1949/890
f 2322/1957/2151 4665/1949/890 2323/1958/890
f 2324/578/2153 2328/1959/2154 2329/1960/2155
f 2324/578/2153 2329/1960/2155 2325/579/2138
f 2336/1961/2063 2337/1962/2156 2338/1963/2157
f 2336/1961/2063 2338/1963/2157 2339/584/2158
f 2337/1962/2156 2340/1964/2159 2341/1965/2160
f 2337/1962/2156 2341/1965/2160 2338/1963/2157
f 2340/1964/2159 2342/580/2161 2343/579/2162
f 2340/1964/2159 2343/579/2162 2341/1965/2160
f 2344/1966/2163 2345/1967/2068 2346/588/2069
f 2344/1966/2163 2346/588/2069 2347/587/2070
f 2345/1967/2068 2348/1968/2071 2349/591/2072
f 2345/1967/2068 2349/591/2072 2346/588/2069
f 2348/1968/2071 2350/1969/2073 2351/592/2074
f 2348/1968/2071 2351/592/2074 2349/591/2072
f 2350/1969/2073 2352/1970/2075 2353/594/2076
f 2350/1969/2073 2353/594/2076 2351/592/2074
f 2352/1970/2075 2336/1961/2063 2339/584/2158
f 2352/1970/2075 2339/584/2158 2353/594/2076
f 2354/1971/2077 2355/1972/2078 2356/1973/2079
f 2354/1971/2077 2356/1973/2079 2357/1974/2080
f 2358/1975/2081 2354/1971/2077 2357/1974/2080
f 2358/1975/2081 2357/1974/2080 2359/1976/2082
f 2360/1977/2083 2358/1975/2081 2359/1976/2082
f 2360/1977/2083 2359/1976/2082 2361/1978/2084
f 2362/1979/2085 2360/1977/2083 2361/1978/2084
f 2362/1979/2085 2361/1978/2084 2363/1980/2086
f 2364/1981/2164 2365/1982/2165 2366/1983/2166
f 2364/1981/2164 2366/1983/2166 2367/1984/2167
f 2368/1985/2168 2364/1981/2164 2367/1984/2167
f 2368/1985/2168 2367/1984/2167 2369/1986/2169
f 2370/1987/2087 2368/1985/2168 2369/1986/2169
f 2370/1987/2087 2369/1986/2169 2371/1988/2090
f 2355/1972/2078 2370/1987/2087 2371/1988/2090
f 2355/1972/2078 2371/1988/2090 2356/1973/2079
f 2372/582/2 3667/584/2 3625/1963/2170
f 2374/1989/2171 2372/582/2 3625/1963/2170
f 2374/1989/2171 3625/1963/2170 3582/1965/2172
f 2375/1960/2173 2374/1989/2171 3582/1965/2172
f 2375/1960/2173 3582/1965/2172 3579/579/2
f 2378/589/2 3584/588/2 3626/591/2
f 2357/1974/2080 2356/1973/2079 2381/1990/2091
f 2357/1974/2080 2381/1990/2091 2382/1991/2092
f 2359/1976/2082 2357/1974/2080 2382/1991/2092
f 2359/1976/2082 2382/1991/2092 2383/1992/2093
f 2361/1978/2084 2359/1976/2082 2383/1992/2093
f 2361/1978/2084 2383/1992/2093 2384/1993/2094
f 2363/1980/2086 2361/1978/2084 2384/1993/2094
f 2363/1980/2086 2384/1993/2094 2385/1994/2095
f 2367/1984/2167 2366/1983/2166 2386/1995/2098
f 2367/1984/2167 2386/1995/2098 2387/1996/2099
f 2369/1986/2169 2367/1984/2167 2387/1996/2099
f 2369/1986/2169 2387/1996/2099 2388/1997/2100
f 2371/1988/2090 2369/1986/2169 2388/1997/2100
f 2371/1988/2090 2388/1997/2100 2389/1998/2101
f 2356/1973/2079 2371/1988/2090 2389/1998/2101
f 2356/1973/2079 2389/1998/2101 2381/1990/2091
f 2394/599/2 2391/596/2 2395/600/2
f 2396/1999/2174 2397/2000/2175 2398/2001/2176
f 2396/1999/2174 2398/2001/2176 2399/2002/2177
f 2404/2003/2178 2405/2004/2179 2406/2005/2180
f 2404/2003/2178 2406/2005/2180 2407/2006/2181
f 2406/2005/2180 2405/2004/2179 2410/2007/2182
f 2406/2005/2180 2410/2007/2182 2411/2008/2183
f 2398/2001/2176 2397/2000/2175 3713/2003/2184
f 2398/2001/2176 3713/2003/2184 3714/2006/2185
f 2399/2002/2177 2398/2001/2176 2412/2009/2186
f 2399/2002/2177 2412/2009/2186 2413/2010/2187
f 2398/2001/2176 3714/2006/2185 2414/2011/2188
f 2398/2001/2176 2414/2011/2188 2412/2009/2186
f 2407/2006/2181 2406/2005/2180 2415/2012/2189
f 2407/2006/2181 2415/2012/2189 3699/2011/2190
f 2406/2005/2180 2411/2008/2183 2416/2013/2191
f 2406/2005/2180 2416/2013/2191 2415/2012/2189
f 2397/2000/2175 2396/1999/2174 2417/2014/2192
f 2397/2000/2175 2417/2014/2192 2418/2015/2193
f 2410/2007/2182 2405/2004/2179 2419/2016/2194
f 2410/2007/2182 2419/2016/2194 2420/2017/2195
f 2405/2004/2179 2404/2003/2178 2421/2018/2196
f 2405/2004/2179 2421/2018/2196 2419/2016/2194
f 3713/2003/2184 2397/2000/2175 2418/2015/2193
f 3713/2003/2184 2418/2015/2193 3698/2018/2197
f 2422/1999/2198 2423/2000/2199 2424/2001/2200
f 2422/1999/2198 2424/2001/2200 2425/2002/2201
f 2428/2019/2202 2429/2020/2203 2430/2021/2204
f 2428/2019/2202 2430/2021/2204 2431/2022/2205
f 2434/2003/2178 2435/2004/2179 2436/2005/2180
f 2434/2003/2178 2436/2005/2180 2437/2006/2181
f 2436/2005/2180 2435/2004/2179 2440/2007/2182
f 2436/2005/2180 2440/2007/2182 2441/2008/2183
f 2430/2021/2204 2429/2020/2203 3660/2008/2206
f 2430/2021/2204 3660/2008/2206 3659/2007/2207
f 2424/2001/2200 2423/2000/2199 3661/2003/2184
f 2424/2001/2200 3661/2003/2184 3662/2006/2185
f 2425/2002/2201 2424/2001/2200 2442/2009/2208
f 2425/2002/2201 2442/2009/2208 2443/2010/2209
f 2429/2020/2203 2428/2019/2202 2444/2023/2210
f 2429/2020/2203 2444/2023/2210 2445/2024/2211
f 2424/2001/2200 3662/2006/2185 2446/2011/2188
f 2424/2001/2200 2446/2011/2188 2442/2009/2208
f 2437/2006/2181 2436/2005/2180 2447/2012/2212
f 2437/2006/2181 2447/2012/2212 3648/2011/2190
f 2436/2005/2180 2441/2008/2183 2448/2013/2191
f 2436/2005/2180 2448/2013/2191 2447/2012/2212
f 3660/2008/2206 2429/2020/2203 2445/2024/2211
f 3660/2008/2206 2445/2024/2211 3646/2013/2213
f 2423/2000/2199 2422/1999/2198 2449/2014/2214
f 2423/2000/2199 2449/2014/2214 2450/2015/2215
f 2431/2022/2205 2430/2021/2204 2451/2025/2216
f 2431/2022/2205 2451/2025/2216 2452/2026/2217
f 2430/2021/2204 3659/2007/2207 2453/2017/2218
f 2430/2021/2204 2453/2017/2218 2451/2025/2216
f 2440/2007/2182 2435/2004/2179 2454/2016/2194
f 2440/2007/2182 2454/2016/2194 3645/2017/2195
f 2435/2004/2179 2434/2003/2178 2455/2018/2196
f 2435/2004/2179 2455/2018/2196 2454/2016/2194
f 3661/2003/2184 2423/2000/2199 2450/2015/2215
f 3661/2003/2184 2450/2015/2215 3647/2018/2219
f 2456/2027/7 2457/2028/2220 2458/2029/2221
f 2456/2027/7 2458/2029/2221 2459/2030/7
f 2460/2031/2222 2456/2027/7 2459/2030/7
f 2460/2031/2222 2459/2030/7 2461/2032/2223
f 2462/2033/2224 2463/2034/2224 2458/2029/2221
f 2462/2033/2224 2458/2029/2221 2457/2028/2220
f 2460/2031/2222 2461/2032/2223 2464/2035/2225
f 2460/2031/2222 2464/2035/2225 2465/2036/2225
f 2466/1999/2226 2467/2002/2227 2468/2001/2228
f 2466/1999/2226 2468/2001/2228 2469/2000/2229
f 2474/2003/2230 2475/2006/2231 2476/2005/2232
f 2474/2003/2230 2476/2005/2232 2477/2004/2233
f 2471/602/2 256/33/2 254/32/2
f 2476/2005/2232 2480/2008/2234 2481/2007/2235
f 2476/2005/2232 2481/2007/2235 2477/2004/2233
f 2468/2001/2228 4615/2006/2236 4614/2003/2237
f 2468/2001/2228 4614/2003/2237 2469/2000/2229
f 2467/2002/2227 2482/2010/2238 2483/2009/2239
f 2467/2002/2227 2483/2009/2239 2468/2001/2228
f 2468/2001/2228 2483/2009/2239 2484/2011/2240
f 2468/2001/2228 2484/2011/2240 4615/2006/2236
f 2475/2006/2231 4617/2011/2241 2485/2012/2242
f 2475/2006/2231 2485/2012/2242 2476/2005/2232
f 2476/2005/2232 2485/2012/2242 2486/2013/2243
f 2476/2005/2232 2486/2013/2243 2480/2008/2234
f 2469/2000/2229 2487/2015/2244 2488/2014/2245
f 2469/2000/2229 2488/2014/2245 2466/1999/2226
f 2481/2007/2235 2489/2017/2246 2490/2016/2247
f 2481/2007/2235 2490/2016/2247 2477/2004/2233
f 2477/2004/2233 2490/2016/2247 2491/2018/2248
f 2477/2004/2233 2491/2018/2248 2474/2003/2230
f 4614/2003/2237 4616/2018/2249 2487/2015/2244
f 4614/2003/2237 2487/2015/2244 2469/2000/2229
f 2492/2037/6 2493/2030/6 2494/2038/2250
f 2492/2037/6 2494/2038/2250 2495/2039/2251
f 2496/2040/2252 2497/2032/2253 2493/2030/6
f 2496/2040/2252 2493/2030/6 2492/2037/6
f 2498/2041/2254 2495/2039/2251 2494/2038/2250
f 2498/2041/2254 2494/2038/2250 2499/2042/2254
f 2496/2040/2252 2500/2036/2255 2501/2035/2255
f 2496/2040/2252 2501/2035/2255 2497/2032/2253
f 2514/620/2256 2515/2043/2257 2516/2044/2258
f 2514/620/2256 2516/2044/2258 2517/621/2256
f 2515/2043/2257 2520/623/2259 2521/626/2259
f 2515/2043/2257 2521/626/2259 2516/2044/2258
f 2526/2045/2260 2527/2046/2261 2528/2047/2262
f 2526/2045/2260 2528/2047/2262 2529/2048/2263
f 2529/2048/2263 2528/2047/2262 2530/2049/2264
f 2529/2048/2263 2530/2049/2264 2531/2050/2265
f 2531/2050/2265 2530/2049/2264 2532/2051/2266
f 2531/2050/2265 2532/2051/2266 2533/2052/2267
f 2534/2053/2268 2535/2054/2269 2536/2055/2270
f 2534/2053/2268 2536/2055/2270 2537/2056/2271
f 2535/2054/2269 2538/2057/2272 2539/2058/2273
f 2535/2054/2269 2539/2058/2273 2536/2055/2270
f 2538/2057/2272 2540/2059/2274 2541/2060/2275
f 2538/2057/2272 2541/2060/2275 2539/2058/2273
f 2542/2061/2276 2543/2062/2277 2544/2063/2278
f 2542/2061/2276 2544/2063/2278 2545/2064/2276
f 2546/2065/2279 2547/2066/2280 2548/2067/2280
f 2546/2065/2279 2548/2067/2280 2549/2068/2281
f 2543/2062/2277 2550/2069/2282 2551/2070/2283
f 2543/2062/2277 2551/2070/2283 2544/2063/2278
f 2552/2071/2284 2546/2065/2279 2549/2068/2281
f 2552/2071/2284 2549/2068/2281 2553/2072/2285
f 2550/2069/2282 2554/2073/2286 2555/2074/2286
f 2550/2069/2282 2555/2074/2286 2551/2070/2283
f 2556/2075/2287 2552/2071/2284 2553/2072/2285
f 2556/2075/2287 2553/2072/2285 2557/2076/2287
f 3720/632/2288 3878/631/2289 2562/634/2290
f 3720/632/2288 2562/634/2290 2563/633/2288
f 2566/2077/2291 2567/2078/2292 2568/2079/5
f 2566/2077/2291 2568/2079/5 2569/2080/2291
f 3878/631/2289 4077/640/2293 4075/639/2293
f 3878/631/2289 4075/639/2293 2562/634/2290
f 2568/2079/5 2567/2078/2292 2577/2081/2294
f 2568/2079/5 2577/2081/2294 2578/2082/2294
f 2592/620/2256 2593/2043/2257 2594/2044/2258
f 2592/620/2256 2594/2044/2258 2595/621/2256
f 2593/2043/2257 2598/623/2259 2599/626/2259
f 2593/2043/2257 2599/626/2259 2594/2044/2258
f 2604/2045/2295 2605/2046/2261 2606/2047/2262
f 2604/2045/2295 2606/2047/2262 2607/2048/2296
f 2607/2048/2296 2606/2047/2262 2608/2049/2264
f 2607/2048/2296 2608/2049/2264 2609/2050/2265
f 2609/2050/2265 2608/2049/2264 2610/2051/2266
f 2609/2050/2265 2610/2051/2266 2611/2052/2297
f 2612/2053/2268 2613/2054/2298 2614/2055/2270
f 2612/2053/2268 2614/2055/2270 2615/2083/2299
f 2613/2054/2298 2616/2057/2272 2617/2058/2300
f 2613/2054/2298 2617/2058/2300 2614/2055/2270
f 2616/2057/2272 2618/2059/2301 2619/2060/2275
f 2616/2057/2272 2619/2060/2275 2617/2058/2300
f 2620/2061/2276 2621/2062/2277 2622/2063/2278
f 2620/2061/2276 2622/2063/2278 2623/2064/2276
f 2624/2065/2279 2625/2066/2280 2626/2067/2280
f 2624/2065/2279 2626/2067/2280 2627/2068/2281
f 2621/2062/2277 2628/2069/2282 2629/2084/2283
f 2621/2062/2277 2629/2084/2283 2622/2063/2278
f 2630/2071/2284 2624/2065/2279 2627/2068/2281
f 2630/2071/2284 2627/2068/2281 2631/2085/2285
f 2628/2069/2282 2632/2073/2286 2633/2074/2286
f 2628/2069/2282 2633/2074/2286 2629/2084/2283
f 2634/2075/2287 2630/2071/2284 2631/2085/2285
f 2634/2075/2287 2631/2085/2285 2635/2076/2287
f 277/42/6 2640/618/6 2641/612/6
f 279/42/7 2646/612/7 2647/618/7
f 2648/620/2302 2649/2043/2303 2650/2044/2304
f 2648/620/2302 2650/2044/2304 2651/621/2302
f 2649/2043/2303 2654/623/2305 2655/626/2305
f 2649/2043/2303 2655/626/2305 2650/2044/2304
f 2660/2053/2306 2661/2056/2307 2662/2055/2308
f 2660/2053/2306 2662/2055/2308 2663/2054/2309
f 2663/2054/2309 2662/2055/2308 2664/2058/2310
f 2663/2054/2309 2664/2058/2310 2665/2057/2311
f 2665/2057/2311 2664/2058/2310 2666/2060/2312
f 2665/2057/2311 2666/2060/2312 2667/2059/2313
f 2668/2053/2314 2669/2054/2315 2670/2055/2316
f 2668/2053/2314 2670/2055/2316 2671/2056/2317
f 2669/2054/2315 2672/2057/2318 2673/2058/2319
f 2669/2054/2315 2673/2058/2319 2670/2055/2316
f 2672/2057/2318 2674/2059/2320 2675/2060/2321
f 2672/2057/2318 2675/2060/2321 2673/2058/2319
f 2676/2061/2322 2677/2062/2323 2678/2063/2324
f 2676/2061/2322 2678/2063/2324 2679/2064/2322
f 2680/2065/2325 2681/2066/2326 2682/2067/2326
f 2680/2065/2325 2682/2067/2326 2683/2068/2327
f 2677/2062/2323 2684/2069/2328 2685/2084/2329
f 2677/2062/2323 2685/2084/2329 2678/2063/2324
f 2686/2071/2330 2680/2065/2325 2683/2068/2327
f 2686/2071/2330 2683/2068/2327 2687/2085/2331
f 2684/2069/2328 2688/2073/2332 2689/2074/2332
f 2684/2069/2328 2689/2074/2332 2685/2084/2329
f 2690/2075/2333 2686/2071/2330 2687/2085/2331
f 2690/2075/2333 2687/2085/2331 2691/2076/2333
f 4507/632/2334 4564/631/2335 2696/634/2336
f 4507/632/2334 2696/634/2336 2697/633/2334
f 2700/2077/2337 2701/2078/2292 2702/2079/2338
f 2700/2077/2337 2702/2079/2338 2703/2080/2337
f 4564/631/2335 4612/640/2339 4610/639/2339
f 4564/631/2335 4610/639/2339 2696/634/2336
f 2702/2079/2338 2701/2078/2292 2711/2081/2340
f 2702/2079/2338 2711/2081/2340 2712/2082/2340
f 283/42/6 2718/618/6 2719/612/6
f 285/42/7 2724/612/7 2725/618/7
f 2726/620/2302 2727/2043/2341 2728/2044/2304
f 2726/620/2302 2728/2044/2304 2729/621/2302
f 2730/646/191 4589/620/191 4605/621/191
f 2730/646/191 4605/621/191 2731/645/191
f 2727/2043/2341 2732/623/2305 2733/626/2305
f 2727/2043/2341 2733/626/2305 2728/2044/2304
f 2738/2053/2306 2739/2056/2307 2740/2055/2342
f 2738/2053/2306 2740/2055/2342 2741/2054/2343
f 2741/2054/2343 2740/2055/2342 2742/2058/2344
f 2741/2054/2343 2742/2058/2344 2743/2057/2311
f 2743/2057/2311 2742/2058/2344 2744/2060/2312
f 2743/2057/2311 2744/2060/2312 2745/2059/2345
f 2746/2053/2314 2747/2054/2346 2748/2055/2347
f 2746/2053/2314 2748/2055/2347 2749/2056/2317
f 2747/2054/2346 2750/2057/2318 2751/2058/2348
f 2747/2054/2346 2751/2058/2348 2748/2055/2347
f 2750/2057/2318 2752/2059/2349 2753/2060/2350
f 2750/2057/2318 2753/2060/2350 2751/2058/2348
f 2754/2061/2322 2755/2062/2351 2756/2063/2324
f 2754/2061/2322 2756/2063/2324 2757/2064/2322
f 2758/2065/2325 2759/2066/2326 2760/2067/2326
f 2758/2065/2325 2760/2067/2326 2761/2068/2327
f 2755/2062/2351 2762/2069/2328 2763/2084/2329
f 2755/2062/2351 2763/2084/2329 2756/2063/2324
f 2764/2071/2330 2758/2065/2325 2761/2068/2327
f 2764/2071/2330 2761/2068/2327 2765/2085/2331
f 2762/2069/2328 2766/2073/2332 2767/2074/2332
f 2762/2069/2328 2767/2074/2332 2763/2084/2329
f 2768/2075/2333 2764/2071/2330 2765/2085/2331
f 2768/2075/2333 2765/2085/2331 2769/2076/2333
f 2770/2086/2352 2771/2087/2353 2772/2088/2354
f 2770/2086/2352 2772/2088/2354 2773/2089/2355
f 2771/2087/2353 2774/2090/2356 2775/2091/2357
f 2771/2087/2353 2775/2091/2357 2772/2088/2354
f 2774/2090/2356 2776/2092/2358 2777/2093/2359
f 2774/2090/2356 2777/2093/2359 2775/2091/2357
f 2776/2092/2358 2778/2094/2360 2779/2095/2361
f 2776/2092/2358 2779/2095/2361 2777/2093/2359
f 2778/2094/2360 2780/2096/2362 2781/2097/2363
f 2778/2094/2360 2781/2097/2363 2779/2095/2361
f 2782/2098/2362 2783/2099/2364 2784/2100/2365
f 2782/2098/2362 2784/2100/2365 2785/2101/2366
f 2783/2099/2364 2786/2102/2367 2787/2103/2368
f 2783/2099/2364 2787/2103/2368 2784/2100/2365
f 2786/2102/2367 2788/2104/2369 2789/2105/2370
f 2786/2102/2367 2789/2105/2370 2787/2103/2368
f 2788/2104/2369 2790/2106/2371 2791/2107/2372
f 2788/2104/2369 2791/2107/2372 2789/2105/2370
f 2790/2106/2371 2770/2086/2352 2773/2089/2355
f 2790/2106/2371 2773/2089/2355 2791/2107/2372
f 2787/2103/2368 2789/2105/2370 2792/2108/2373
f 2787/2103/2368 2792/2108/2373 2793/2109/2374
f 2784/2100/2365 2787/2103/2368 2793/2109/2374
f 2784/2100/2365 2793/2109/2374 2794/2110/2375
f 2785/2101/2366 2784/2100/2365 2794/2110/2375
f 2785/2101/2366 2794/2110/2375 2795/2111/2376
f 2779/2095/2361 2781/2097/2363 2796/2112/2376
f 2779/2095/2361 2796/2112/2376 2797/2113/2377
f 2777/2093/2359 2779/2095/2361 2797/2113/2377
f 2777/2093/2359 2797/2113/2377 2798/2114/2378
f 2775/2091/2357 2777/2093/2359 2798/2114/2378
f 2775/2091/2357 2798/2114/2378 2799/2115/2379
f 2772/2088/2354 2775/2091/2357 2799/2115/2379
f 2772/2088/2354 2799/2115/2379 2800/2116/2380
f 2773/2089/2355 2772/2088/2354 2800/2116/2380
f 2773/2089/2355 2800/2116/2380 2801/2117/2381
f 2791/2107/2372 2773/2089/2355 2801/2117/2381
f 2791/2107/2372 2801/2117/2381 2802/2118/2382
f 2789/2105/2370 2791/2107/2372 2802/2118/2382
f 2789/2105/2370 2802/2118/2382 2792/2108/2373
f 2807/2119/2383 2808/2120/2384 2809/2121/2385
f 2807/2119/2383 2809/2121/2385 2810/2122/2386
f 2808/2120/2384 2811/2123/2387 2812/2124/2388
f 2808/2120/2384 2812/2124/2388 2809/2121/2385
f 2811/2123/2387 2813/2125/2389 2814/2126/2390
f 2811/2123/2387 2814/2126/2390 2812/2124/2388
f 2813/2125/2389 2815/2127/2391 2816/2128/2392
f 2813/2125/2389 2816/2128/2392 2814/2126/2390
f 2815/2127/2391 2817/2129/2393 2818/2130/2394
f 2815/2127/2391 2818/2130/2394 2816/2128/2392
f 2819/2131/2393 2820/2132/2395 2821/2133/2396
f 2819/2131/2393 2821/2133/2396 2822/2134/2397
f 2820/2132/2395 2823/2135/2398 2824/2136/2399
f 2820/2132/2395 2824/2136/2399 2821/2133/2396
f 2823/2135/2398 2825/2137/2400 2826/2138/2401
f 2823/2135/2398 2826/2138/2401 2824/2136/2399
f 2825/2137/2400 2827/2139/2402 2828/2140/2403
f 2825/2137/2400 2828/2140/2403 2826/2138/2401
f 2827/2139/2402 2807/2119/2383 2810/2122/2386
f 2827/2139/2402 2810/2122/2386 2828/2140/2403
f 2824/2136/2399 2826/2138/2401 2829/2141/2404
f 2824/2136/2399 2829/2141/2404 2830/2142/2405
f 2821/2133/2396 2824/2136/2399 2830/2142/2405
f 2821/2133/2396 2830/2142/2405 2831/2143/2406
f 2822/2134/2397 2821/2133/2396 2831/2143/2406
f 2822/2134/2397 2831/2143/2406 2832/2144/2407
f 2816/2128/2392 2818/2130/2394 2833/2145/2407
f 2816/2128/2392 2833/2145/2407 2834/2146/2408
f 2814/2126/2390 2816/2128/2392 2834/2146/2408
f 2814/2126/2390 2834/2146/2408 2835/2147/2409
f 2812/2124/2388 2814/2126/2390 2835/2147/2409
f 2812/2124/2388 2835/2147/2409 2836/2148/2410
f 2809/2121/2385 2812/2124/2388 2836/2148/2410
f 2809/2121/2385 2836/2148/2410 2837/2149/2411
f 2810/2122/2386 2809/2121/2385 2837/2149/2411
f 2810/2122/2386 2837/2149/2411 2838/2150/2412
f 2828/2140/2403 2810/2122/2386 2838/2150/2412
f 2828/2140/2403 2838/2150/2412 2839/2151/2413
f 2826/2138/2401 2828/2140/2403 2839/2151/2413
f 2826/2138/2401 2839/2151/2413 2829/2141/2404
f 4499/654/2414 2851/2152/2414 4509/658/2414
f 4499/654/2414 4509/658/2414 4511/655/2414
f 2856/664/1 2858/655/1 2859/654/1
f 2874/2153/2415 2875/2154/2416 2876/2155/2417
f 2874/2153/2415 2876/2155/2417 2877/2156/2418
f 2875/2154/2416 2878/2157/2419 2879/2158/2420
f 2875/2154/2416 2879/2158/2420 2876/2155/2417
f 2878/2157/2419 2880/2159/2421 2881/2160/2422
f 2878/2157/2419 2881/2160/2422 2879/2158/2420
f 2880/2159/2421 2882/2161/2423 2883/2162/2424
f 2880/2159/2421 2883/2162/2424 2881/2160/2422
f 2882/2161/2423 2884/2163/2425 2885/2164/2426
f 2882/2161/2423 2885/2164/2426 2883/2162/2424
f 2884/2163/2425 2886/2165/2427 2887/2166/2428
f 2884/2163/2425 2887/2166/2428 2885/2164/2426
f 2886/2165/2427 2888/2167/2429 2889/2168/2430
f 2886/2165/2427 2889/2168/2430 2887/2166/2428
f 2888/2167/2429 2890/2169/2431 2891/2170/2432
f 2888/2167/2429 2891/2170/2432 2889/2168/2430
f 2890/2169/2431 2892/2171/2433 2893/2172/2434
f 2890/2169/2431 2893/2172/2434 2891/2170/2432
f 2892/2171/2433 2894/2173/2415 2895/2174/2435
f 2892/2171/2433 2895/2174/2435 2893/2172/2434
f 2896/2175/2436 2897/2176/2437 2898/2177/2438
f 2896/2175/2436 2898/2177/2438 2899/2178/2439
f 2897/2176/2437 2900/2179/2440 2901/2180/2441
f 2897/2176/2437 2901/2180/2441 2898/2177/2438
f 2900/2179/2440 2902/2181/2442 2903/2182/2443
f 2900/2179/2440 2903/2182/2443 2901/2180/2441
f 2902/2181/2442 2904/2183/2444 2905/2184/2445
f 2902/2181/2442 2905/2184/2445 2903/2182/2443
f 2904/2183/2444 2906/2185/2446 2907/2186/2447
f 2904/2183/2444 2907/2186/2447 2905/2184/2445
f 2906/2185/2446 2908/2187/2448 2909/2188/2449
f 2906/2185/2446 2909/2188/2449 2907/2186/2447
f 2908/2187/2448 2910/2189/2450 2911/2190/2451
f 2908/2187/2448 2911/2190/2451 2909/2188/2449
f 2910/2189/2450 2912/2191/2452 2913/2192/2453
f 2910/2189/2450 2913/2192/2453 2911/2190/2451
f 2912/2191/2452 2914/2193/2454 2915/2194/2455
f 2912/2191/2452 2915/2194/2455 2913/2192/2453
f 2914/2193/2454 2916/2195/2456 2917/2196/2439
f 2914/2193/2454 2917/2196/2439 2915/2194/2455
f 4343/2178/2457 4293/2177/2458 2918/2197/2459
f 4343/2178/2457 2918/2197/2459 2919/2198/2460
f 4293/2177/2458 4228/2180/2461 2920/2199/2462
f 4293/2177/2458 2920/2199/2462 2918/2197/2459
f 4228/2180/2461 4195/2182/2463 2921/2200/2464
f 4228/2180/2461 2921/2200/2464 2920/2199/2462
f 4195/2182/2463 4211/2184/2465 2922/2201/2466
f 4195/2182/2463 2922/2201/2466 2921/2200/2464
f 4212/2184/2467 4260/2186/2468 2923/2202/2469
f 4212/2184/2467 2923/2202/2469 4207/2201/2470
f 4260/2186/2468 4335/2188/2471 2924/2203/2472
f 4260/2186/2468 2924/2203/2472 2923/2202/2469
f 4335/2188/2471 4370/2190/2473 2925/2204/2474
f 4335/2188/2471 2925/2204/2474 2924/2203/2472
f 4370/2190/2473 4393/2192/2475 2926/2205/2476
f 4370/2190/2473 2926/2205/2476 2925/2204/2474
f 4393/2192/2475 4384/2194/2477 2927/2206/2478
f 4393/2192/2475 2927/2206/2478 2926/2205/2476
f 4384/2194/2477 4344/2196/2479 2928/2207/2480
f 4384/2194/2477 2928/2207/2480 2927/2206/2478
f 2929/2208/2481 2930/2209/2482 4413/2191/2483
f 2929/2208/2481 4413/2191/2483 4389/2189/2484
f 2931/2210/2485 2929/2208/2481 4389/2189/2484
f 2931/2210/2485 4389/2189/2484 4336/2187/2486
f 2932/2211/2487 2931/2210/2485 4336/2187/2486
f 2932/2211/2487 4336/2187/2486 4256/2185/2488
f 2933/2212/2489 2932/2211/2487 4256/2185/2488
f 2933/2212/2489 4256/2185/2488 4190/2183/2490
f 2934/2213/2491 2933/2212/2489 4190/2183/2490
f 2934/2213/2491 4190/2183/2490 4185/2181/2492
f 2935/2214/2493 2934/2213/2491 4185/2181/2492
f 2935/2214/2493 4185/2181/2492 4205/2179/2494
f 2936/2215/2495 2935/2214/2493 4205/2179/2494
f 2936/2215/2495 4205/2179/2494 4283/2176/2496
f 2937/2216/2497 2936/2215/2495 4283/2176/2496
f 2937/2216/2497 4283/2176/2496 4364/2175/2498
f 2938/2217/2499 2939/2218/2500 4365/2195/2498
f 2938/2217/2499 4365/2195/2498 4405/2193/2501
f 2930/2209/2482 2938/2217/2499 4405/2193/2501
f 2930/2209/2482 4405/2193/2501 4413/2191/2483
f 2889/2168/2430 2891/2170/2432 2930/2209/2482
f 2889/2168/2430 2930/2209/2482 2929/2208/2481
f 2887/2166/2428 2889/2168/2430 2929/2208/2481
f 2887/2166/2428 2929/2208/2481 2931/2210/2485
f 2885/2164/2426 2887/2166/2428 2931/2210/2485
f 2885/2164/2426 2931/2210/2485 2932/2211/2487
f 2883/2162/2424 2885/2164/2426 2932/2211/2487
f 2883/2162/2424 2932/2211/2487 2933/2212/2489
f 2881/2160/2422 2883/2162/2424 2933/2212/2489
f 2881/2160/2422 2933/2212/2489 2934/2213/2491
f 2879/2158/2420 2881/2160/2422 2934/2213/2491
f 2879/2158/2420 2934/2213/2491 2935/2214/2493
f 2876/2155/2417 2879/2158/2420 2935/2214/2493
f 2876/2155/2417 2935/2214/2493 2936/2215/2495
f 2877/2156/2418 2876/2155/2417 2936/2215/2495
f 2877/2156/2418 2936/2215/2495 2937/2216/2497
f 2893/2172/2434 2895/2174/2435 2939/2218/2500
f 2893/2172/2434 2939/2218/2500 2938/2217/2499
f 2891/2170/2432 2893/2172/2434 2938/2217/2499
f 2891/2170/2432 2938/2217/2499 2930/2209/2482
f 2940/2219/2502 2941/2220/2502 2942/2221/2503
f 2940/2219/2502 2942/2221/2503 2943/2222/2504
f 2948/2223/2505 2949/2224/2506 2950/2225/2507
f 2948/2223/2505 2950/2225/2507 2951/2226/2507
f 4391/2220/2508 2952/2227/2509 2953/2228/2510
f 4391/2220/2508 2953/2228/2510 4392/2221/2511
f 2954/2229/2512 2955/2230/2513 2956/2231/2514
f 2954/2229/2512 2956/2231/2514 2957/2232/2515
f 2943/2222/2504 2942/2221/2503 2958/2233/2516
f 2943/2222/2504 2958/2233/2516 2959/2234/2516
f 4392/2221/2511 2953/2228/2510 2960/2235/2517
f 4392/2221/2511 2960/2235/2517 4396/2233/2518
f 2949/2224/2506 2948/2223/2505 2961/2236/2519
f 2949/2224/2506 2961/2236/2519 2962/2237/2520
f 2957/2232/2515 2956/2231/2514 2963/2238/2521
f 2957/2232/2515 2963/2238/2521 2964/2239/2522
f 4514/2223/2523 2957/2232/2515 2964/2239/2522
f 4514/2223/2523 2964/2239/2522 4512/2236/2524
f 4513/2226/2525 2954/2229/2512 2957/2232/2515
f 4513/2226/2525 2957/2232/2515 4514/2223/2523
f 2953/2228/2510 2952/2227/2509 4442/2225/2526
f 2953/2228/2510 4442/2225/2526 4443/2224/2527
f 2960/2235/2517 2953/2228/2510 4443/2224/2527
f 2960/2235/2517 4443/2224/2527 4451/2237/2528
f 2967/686/2529 2968/696/2529 2969/684/2530
f 2967/686/2529 2969/684/2530 2970/687/2531
f 2971/682/203 4447/684/203 4441/696/203
f 2973/685/204 2974/697/204 4501/686/204
f 2972/683/203 2975/690/203 2976/693/203
f 2972/683/203 2976/693/203 4447/684/203
f 2970/687/2531 2969/684/2530 4454/693/2532
f 2970/687/2531 4454/693/2532 2977/689/2533
f 2977/689/2533 4454/693/2532 4455/692/2
f 2977/689/2533 4455/692/2 2981/695/2
f 2983/686/2 2984/696/2 2985/684/2534
f 2983/686/2 2985/684/2534 2986/687/2535
f 2987/682/205 2988/683/205 4252/684/205
f 2987/682/205 4252/684/205 4089/696/205
f 2989/685/206 2990/697/206 4090/686/206
f 2989/685/206 4090/686/206 4254/687/206
f 2986/687/2535 2985/684/2534 4367/693/2536
f 2986/687/2535 4367/693/2536 2993/689/2537
f 2994/688/206 2989/685/206 4254/687/206
f 2991/690/205 2996/692/205 2992/693/205
f 2993/689/2537 4367/693/2536 4444/692/2538
f 2993/689/2537 4444/692/2538 2997/695/2538
f 2999/2219/2539 3000/2220/2539 3001/2221/2540
f 2999/2219/2539 3001/2221/2540 3002/2222/2541
f 3007/2223/2542 3008/2224/2543 3009/2225/2544
f 3007/2223/2542 3009/2225/2544 3010/2226/2544
f 4113/2220/2545 3011/2227/2546 3012/2228/2547
f 4113/2220/2545 3012/2228/2547 4114/2221/2548
f 3013/2229/2549 3014/2230/2550 3015/2231/2551
f 3013/2229/2549 3015/2231/2551 3016/2232/2552
f 3002/2222/2541 3001/2221/2540 3017/2233/2553
f 3002/2222/2541 3017/2233/2553 3018/2234/2554
f 4114/2221/2548 3012/2228/2547 3019/2235/2555
f 4114/2221/2548 3019/2235/2555 4109/2233/2556
f 3008/2224/2543 3007/2223/2542 3020/2236/2557
f 3008/2224/2543 3020/2236/2557 3021/2237/2557
f 3016/2232/2552 3015/2231/2551 3022/2238/2558
f 3016/2232/2552 3022/2238/2558 3023/2239/2559
f 4066/2223/2560 3016/2232/2552 3023/2239/2559
f 4066/2223/2560 3023/2239/2559 4070/2236/2561
f 4065/2226/2562 3013/2229/2549 3016/2232/2552
f 4065/2226/2562 3016/2232/2552 4066/2223/2560
f 3012/2228/2547 3011/2227/2546 4129/2225/2563
f 3012/2228/2547 4129/2225/2563 4130/2224/2564
f 3019/2235/2555 3012/2228/2547 4130/2224/2564
f 3019/2235/2555 4130/2224/2564 4122/2237/2565
f 3026/686/2566 3027/696/2566 3028/684/2567
f 3026/686/2566 3028/684/2567 3029/687/2568
f 3032/685/7 3033/697/7 4057/686/7
f 3029/687/2568 3028/684/2567 4094/693/2569
f 3029/687/2568 4094/693/2569 3036/689/2570
f 3034/690/6 3038/691/6 3039/692/6
f 3034/690/6 3039/692/6 3035/693/6
f 3036/689/2570 4094/693/2569 4093/692/2
f 3036/689/2570 4093/692/2 3040/695/2
f 3041/694/7 3037/688/7 4056/689/7
f 3041/694/7 4056/689/7 4055/695/7
f 3042/2219/2571 3043/2220/2571 3044/2221/2572
f 3042/2219/2571 3044/2221/2572 3045/2222/2573
f 3050/2223/2574 3051/2224/2575 3052/2225/2576
f 3050/2223/2574 3052/2225/2576 3053/2226/2576
f 4150/2220/2577 3054/2227/2578 3055/2228/2579
f 4150/2220/2577 3055/2228/2579 4151/2221/2580
f 3056/2229/2581 3057/2230/2582 3058/2231/2583
f 3056/2229/2581 3058/2231/2583 3059/2232/2584
f 3045/2222/2573 3044/2221/2572 3060/2233/2585
f 3045/2222/2573 3060/2233/2585 3061/2234/2586
f 4151/2221/2580 3055/2228/2579 3062/2235/2587
f 4151/2221/2580 3062/2235/2587 4145/2233/2588
f 3051/2224/2575 3050/2223/2574 3063/2236/2589
f 3051/2224/2575 3063/2236/2589 3064/2237/2589
f 3059/2232/2584 3058/2231/2583 3065/2238/2590
f 3059/2232/2584 3065/2238/2590 3066/2239/2591
f 4042/2223/2592 3059/2232/2584 3066/2239/2591
f 4042/2223/2592 3066/2239/2591 4049/2236/2593
f 4041/2226/2594 3056/2229/2581 3059/2232/2584
f 4041/2226/2594 3059/2232/2584 4042/2223/2592
f 3055/2228/2579 3054/2227/2578 4080/2225/2595
f 3055/2228/2579 4080/2225/2595 4081/2224/2596
f 3062/2235/2587 3055/2228/2579 4081/2224/2596
f 3062/2235/2587 4081/2224/2596 4082/2237/2597
f 3069/686/2598 3070/696/2598 3071/684/2599
f 3069/686/2598 3071/684/2599 3072/687/2600
f 3072/687/2600 3071/684/2599 4187/693/2601
f 3072/687/2600 4187/693/2601 3079/689/2602
f 3080/688/208 3075/685/208 4316/687/208
f 3079/689/2602 4187/693/2601 4092/692/2
f 3079/689/2602 4092/692/2 3083/695/2
f 3085/2219/2603 3086/2220/2603 3087/2221/2604
f 3085/2219/2603 3087/2221/2604 3088/2222/2605
f 3093/2223/2606 3094/2224/2607 3095/2225/2608
f 3093/2223/2606 3095/2225/2608 3096/2226/2608
f 4484/2220/2609 3097/2227/2610 3098/2228/2611
f 4484/2220/2609 3098/2228/2611 4485/2221/2612
f 3099/2229/2613 3100/2230/2614 3101/2231/2615
f 3099/2229/2613 3101/2231/2615 3102/2232/2616
f 3088/2222/2605 3087/2221/2604 3103/2233/2617
f 3088/2222/2605 3103/2233/2617 3104/2234/2618
f 4485/2221/2612 3098/2228/2611 3105/2235/2619
f 4485/2221/2612 3105/2235/2619 4487/2233/2620
f 3094/2224/2607 3093/2223/2606 3106/2236/2621
f 3094/2224/2607 3106/2236/2621 3107/2237/2622
f 3102/2232/2616 3101/2231/2615 3108/2238/2623
f 3102/2232/2616 3108/2238/2623 3109/2239/2624
f 4490/2223/2625 3102/2232/2616 3109/2239/2624
f 4490/2223/2625 3109/2239/2624 4488/2236/2626
f 4489/2226/2627 3099/2229/2613 3102/2232/2616
f 4489/2226/2627 3102/2232/2616 4490/2223/2625
f 3098/2228/2611 3097/2227/2610 4394/2225/2628
f 3098/2228/2611 4394/2225/2628 4395/2224/2629
f 3105/2235/2619 3098/2228/2611 4395/2224/2629
f 3105/2235/2619 4395/2224/2629 4400/2237/2630
f 3112/2240/2631 3113/2241/2632 3114/2242/2
f 3112/2240/2631 3114/2242/2 3115/2243/2633
f 3113/2241/2632 3116/2244/2634 3117/2245/2635
f 3113/2241/2632 3117/2245/2635 3114/2242/2
f 3115/2243/2633 3114/2242/2 3118/2246/2636
f 3115/2243/2633 3118/2246/2636 3119/2247/2637
f 3114/2242/2 3117/2245/2635 3120/2248/2638
f 3114/2242/2 3120/2248/2638 3118/2246/2636
f 3121/2249/2639 3122/2250/2640 3123/2251/2641
f 3121/2249/2639 3123/2251/2641 3124/2252/2642
f 3122/2250/2640 3125/2253/2643 3126/2254/2644
f 3122/2250/2640 3126/2254/2644 3123/2251/2641
f 3127/2255/2645 3128/2256/2646 3129/2257/2647
f 3127/2255/2645 3129/2257/2647 3130/2258/2648
f 3128/2256/2646 3131/2259/2649 3132/2260/2650
f 3128/2256/2646 3132/2260/2650 3129/2257/2647
f 3131/2259/2649 3133/2261/2651 3134/2262/2652
f 3131/2259/2649 3134/2262/2652 3132/2260/2650
f 3133/2261/2651 3135/2263/2653 3136/2264/2654
f 3133/2261/2651 3136/2264/2654 3134/2262/2652
f 3135/2263/2653 3137/2265/2655 3138/2266/2656
f 3135/2263/2653 3138/2266/2656 3136/2264/2654
f 3137/2265/2655 3139/2267/2657 3140/2268/2658
f 3137/2265/2655 3140/2268/2658 3138/2266/2656
f 3139/2267/2657 3141/2269/2659 3142/2270/2660
f 3139/2267/2657 3142/2270/2660 3140/2268/2658
f 3141/2269/2659 3143/2271/2661 3144/2272/2662
f 3141/2269/2659 3144/2272/2662 3142/2270/2660
f 3143/2271/2661 3145/2273/2663 3146/2274/2664
f 3143/2271/2661 3146/2274/2664 3144/2272/2662
f 3145/2273/2663 3121/2249/2639 3124/2252/2642
f 3145/2273/2663 3124/2252/2642 3146/2274/2664
f 3140/2268/2658 3142/2270/2660 3147/2275/2665
f 3140/2268/2658 3147/2275/2665 3148/2276/2666
f 3138/2266/2656 3140/2268/2658 3738/2276/2667
f 3138/2266/2656 3738/2276/2667 3149/2277/2668
f 3136/2264/2654 3138/2266/2656 3702/2277/2669
f 3136/2264/2654 3702/2277/2669 3150/2278/2670
f 3134/2262/2652 3136/2264/2654 3150/2278/2670
f 3134/2262/2652 3150/2278/2670 3151/2279/2671
f 3132/2260/2650 3134/2262/2652 3655/2279/2672
f 3132/2260/2650 3655/2279/2672 3152/2280/2673
f 3129/2257/2647 3132/2260/2650 3152/2280/2673
f 3129/2257/2647 3152/2280/2673 3153/2281/2674
f 3130/2258/2648 3129/2257/2647 3733/2281/2675
f 3130/2258/2648 3733/2281/2675 3154/2282/2676
f 3123/2251/2641 3126/2254/2644 3155/2283/2676
f 3123/2251/2641 3155/2283/2676 3156/2284/2677
f 3124/2252/2642 3123/2251/2641 3156/2284/2677
f 3124/2252/2642 3156/2284/2677 3157/2285/2678
f 3146/2274/2664 3124/2252/2642 3157/2285/2678
f 3146/2274/2664 3157/2285/2678 3158/2286/2679
f 3144/2272/2662 3146/2274/2664 3871/2286/2680
f 3144/2272/2662 3871/2286/2680 3159/2287/2681
f 3142/2270/2660 3144/2272/2662 3159/2287/2681
f 3142/2270/2660 3159/2287/2681 3147/2275/2665
f 3161/699/209 3170/2288/209 3171/708/209
f 3774/710/211 3176/718/211 3177/713/211
f 3182/2289/2682 3183/2290/2683 3184/2291/2682
f 3182/2289/2682 3184/2291/2682 3185/2292/2684
f 3186/2293/2685 3187/2294/2686 3188/2295/2685
f 3186/2293/2685 3188/2295/2685 3189/2296/2687
f 3190/709/2688 3192/711/2688 3193/712/2688
f 3953/715/2689 3929/709/2689 3775/712/2689
f 3200/2289/2690 3201/2290/2691 3202/2291/2690
f 3200/2289/2690 3202/2291/2690 3203/2292/2692
f 3204/2293/2693 3205/2294/2694 3206/2295/2693
f 3204/2293/2693 3206/2295/2693 3207/2296/2695
f 3208/2297/2696 3209/2298/2697 3210/2299/2698
f 3208/2297/2696 3210/2299/2698 3211/2300/2699
f 3976/2298/2700 3212/2301/2701 3213/2302/2702
f 3976/2298/2700 3213/2302/2702 3957/2299/2703
f 3994/2301/2704 3214/2303/2705 3215/2304/2706
f 3994/2301/2704 3215/2304/2706 3977/2302/2707
f 3992/2303/2708 3216/2305/2709 3217/2306/2710
f 3992/2303/2708 3217/2306/2710 3973/2304/2711
f 3969/2305/2712 3218/2307/2713 3219/2308/2714
f 3969/2305/2712 3219/2308/2714 3954/2306/2715
f 3220/2309/2716 3949/2297/2717 3941/2300/2718
f 3220/2309/2716 3941/2300/2718 3221/2310/2719
f 3222/719/219 3224/721/219 3225/2311/219
f 3228/724/221 3230/726/221 3231/727/221
f 3248/744/233 3249/757/233 3250/745/233
f 3262/2312/2720 3263/2313/2721 3820/757/2722
f 3262/2312/2720 3820/757/2722 3817/744/2723
f 3264/2314/2724 3265/2315/2725 3770/746/2726
f 3264/2314/2724 3770/746/2726 3773/745/2727
f 3266/2316/2728 3267/2317/2729 3818/748/2723
f 3266/2316/2728 3818/748/2723 3804/747/2730
f 3268/2318/2725 3269/2319/2731 3761/750/2732
f 3268/2318/2725 3761/750/2732 3771/749/2726
f 3270/2320/2733 3266/2316/2728 3804/747/2730
f 3270/2320/2733 3804/747/2730 3792/751/2734
f 3269/2319/2731 3271/2321/2735 3745/752/2736
f 3269/2319/2731 3745/752/2736 3761/750/2732
f 3272/2322/2737 3270/2320/2733 3792/751/2734
f 3272/2322/2737 3792/751/2734 3794/753/2738
f 3271/2321/2735 3273/2323/2739 3747/754/2740
f 3271/2321/2735 3747/754/2740 3745/752/2736
f 3274/2324/2741 3272/2322/2737 3794/753/2738
f 3274/2324/2741 3794/753/2738 3806/755/2742
f 3273/2323/2739 3275/2325/2743 3763/756/2744
f 3273/2323/2739 3763/756/2744 3747/754/2740
f 3263/2313/2721 3274/2324/2741 3806/755/2742
f 3263/2313/2721 3806/755/2742 3820/757/2722
f 3275/2325/2743 3264/2314/2724 3773/745/2727
f 3275/2325/2743 3773/745/2727 3763/756/2744
f 3276/2326/2745 3277/2327/2746 3278/2328/2747
f 3276/2326/2745 3278/2328/2747 3279/2329/2748
f 3280/2330/2749 3913/2326/2750 3850/2329/2751
f 3280/2330/2749 3850/2329/2751 3281/2331/2752
f 3282/2332/2753 3916/2330/2754 3852/2331/2755
f 3282/2332/2753 3852/2331/2755 3283/2333/2756
f 3284/2334/2757 3898/2332/2758 3842/2333/2759
f 3284/2334/2757 3842/2333/2759 3285/2335/2760
f 3286/2336/2761 3881/2334/2762 3832/2335/2763
f 3286/2336/2761 3832/2335/2763 3287/2337/2764
f 3894/2327/2765 3288/2338/2766 3289/2339/2767
f 3894/2327/2765 3289/2339/2767 3839/2328/2768
f 3279/2329/2748 3278/2328/2747 3290/2340/2769
f 3279/2329/2748 3290/2340/2769 3291/2341/2770
f 3281/2331/2752 3850/2329/2751 3815/2341/2771
f 3281/2331/2752 3815/2341/2771 3292/2342/2772
f 3283/2333/2756 3852/2331/2755 3814/2342/2773
f 3283/2333/2756 3814/2342/2773 3293/2343/2774
f 3285/2335/2760 3842/2333/2759 3807/2343/2775
f 3285/2335/2760 3807/2343/2775 3294/2344/2776
f 3287/2337/2764 3832/2335/2763 3798/2344/2777
f 3287/2337/2764 3798/2344/2777 3295/2345/2778
f 3839/2328/2768 3289/2339/2767 3296/2346/2779
f 3839/2328/2768 3296/2346/2779 3808/2340/2780
f 3973/2304/2711 3217/2306/2710 3277/2327/2746
f 3973/2304/2711 3277/2327/2746 3276/2326/2745
f 3977/2302/2707 3215/2304/2706 3913/2326/2750
f 3977/2302/2707 3913/2326/2750 3280/2330/2749
f 3957/2299/2703 3213/2302/2702 3916/2330/2754
f 3957/2299/2703 3916/2330/2754 3282/2332/2753
f 3211/2300/2699 3210/2299/2698 3898/2332/2758
f 3211/2300/2699 3898/2332/2758 3284/2334/2757
f 3221/2310/2719 3941/2300/2718 3881/2334/2762
f 3221/2310/2719 3881/2334/2762 3286/2336/2761
f 3954/2306/2715 3219/2308/2714 3288/2338/2766
f 3954/2306/2715 3288/2338/2766 3894/2327/2765
f 3297/2347/2781 3298/2348/2782 3299/2349/2783
f 3297/2347/2781 3299/2349/2783 3300/2350/2784
f 3301/2351/2785 3302/2352/2786 3787/980/2787
f 3301/2351/2785 3787/980/2787 3781/979/2788
f 3303/2353/2789 3304/2354/2790 3302/2352/2786
f 3303/2353/2789 3302/2352/2786 3301/2351/2785
f 3305/2355/2791 3306/2356/2792 3298/2348/2782
f 3305/2355/2791 3298/2348/2782 3297/2347/2781
f 3904/54/2793 3880/56/2794 3304/2354/2790
f 3904/54/2793 3304/2354/2790 3303/2353/2789
f 3307/2357/2795 3308/2358/2796 3306/2356/2792
f 3307/2357/2795 3306/2356/2792 3305/2355/2791
f 3880/56/2794 3307/2357/2795 3305/2355/2791
f 3880/56/2794 3305/2355/2791 3304/2354/2790
f 3302/2352/2786 3304/2354/2790 3305/2355/2791
f 3302/2352/2786 3305/2355/2791 3297/2347/2781
f 3787/980/2787 3302/2352/2786 3297/2347/2781
f 3787/980/2787 3297/2347/2781 3300/2350/2784
f 3309/2347/2797 3310/2350/2798 3311/2349/2799
f 3309/2347/2797 3311/2349/2799 3312/2348/2800
f 3826/2351/2801 3782/979/2802 3313/980/2803
f 3826/2351/2801 3313/980/2803 3314/2352/2804
f 3854/2353/2805 3826/2351/2801 3314/2352/2804
f 3854/2353/2805 3314/2352/2804 3315/2354/2806
f 3316/2359/2807 3309/2347/2797 3312/2348/2800
f 3316/2359/2807 3312/2348/2800 3317/2356/2808
f 3905/54/2809 3854/2353/2805 3315/2354/2806
f 3905/54/2809 3315/2354/2806 3318/56/2810
f 3319/2357/2811 3316/2359/2807 3317/2356/2808
f 3319/2357/2811 3317/2356/2808 3320/2358/2812
f 3318/56/2810 3315/2354/2806 3316/2359/2807
f 3318/56/2810 3316/2359/2807 3319/2357/2811
f 3314/2352/2804 3309/2347/2797 3316/2359/2807
f 3314/2352/2804 3316/2359/2807 3315/2354/2806
f 3313/980/2803 3310/2350/2798 3309/2347/2797
f 3313/980/2803 3309/2347/2797 3314/2352/2804
f 3321/2360/2813 3322/2361/2814 3783/2350/2815
f 3321/2360/2813 3783/2350/2815 3769/2349/2813
f 3323/2362/2816 3324/2363/2817 3813/2358/2817
f 3323/2362/2816 3813/2358/2817 3845/2357/2818
f 314/55/12 3323/2362/2816 3845/2357/2818
f 314/55/12 3845/2357/2818 315/56/12
f 3322/2361/2814 310/978/490 312/980/490
f 3322/2361/2814 312/980/490 3783/2350/2815
f 3325/2364/2819 3326/2365/2820 3327/2366/2821
f 3325/2364/2819 3327/2366/2821 3328/2367/2822
f 3326/2365/2820 3329/2368/2823 3330/2369/2824
f 3326/2365/2820 3330/2369/2824 3327/2366/2821
f 3329/2368/2823 3331/2370/2825 3332/2371/2826
f 3329/2368/2823 3332/2371/2826 3330/2369/2824
f 3331/2370/2825 3333/2372/2827 3334/2373/2828
f 3331/2370/2825 3334/2373/2828 3332/2371/2826
f 3333/2372/2827 3335/2374/2829 3336/2375/2830
f 3333/2372/2827 3336/2375/2830 3334/2373/2828
f 3335/2374/2829 3337/2376/2831 3338/2377/2832
f 3335/2374/2829 3338/2377/2832 3336/2375/2830
f 3337/2376/2831 3339/2378/2833 3340/2379/2834
f 3337/2376/2831 3340/2379/2834 3338/2377/2832
f 3339/2378/2833 3341/2380/2835 3342/2381/2836
f 3339/2378/2833 3342/2381/2836 3340/2379/2834
f 3341/2380/2835 3343/2382/2837 3344/2383/2838
f 3341/2380/2835 3344/2383/2838 3342/2381/2836
f 3345/2384/2837 3325/2364/2819 3328/2367/2822
f 3345/2384/2837 3328/2367/2822 3346/2385/2838
f 3348/759/2839 3356/767/2839 3349/760/2839
f 3357/2386/2840 3358/2387/2841 3359/2388/2842
f 3357/2386/2840 3359/2388/2842 3360/2389/2843
f 3358/2387/2841 3361/2390/2844 3362/2391/2845
f 3358/2387/2841 3362/2391/2845 3359/2388/2842
f 3361/2390/2844 3363/2392/2846 3364/2393/2847
f 3361/2390/2844 3364/2393/2847 3362/2391/2845
f 3363/2392/2846 3365/2394/2848 3366/2395/2849
f 3363/2392/2846 3366/2395/2849 3364/2393/2847
f 3365/2394/2848 3367/2396/2850 3368/2397/2851
f 3365/2394/2848 3368/2397/2851 3366/2395/2849
f 3367/2396/2850 3369/2398/2852 3370/2399/2853
f 3367/2396/2850 3370/2399/2853 3368/2397/2851
f 3369/2398/2852 3371/2400/2854 3372/2401/2855
f 3369/2398/2852 3372/2401/2855 3370/2399/2853
f 3371/2400/2854 3373/2402/2856 3374/2403/2857
f 3371/2400/2854 3374/2403/2857 3372/2401/2855
f 3373/2402/2856 3375/2404/2858 3376/2405/2859
f 3373/2402/2856 3376/2405/2859 3374/2403/2857
f 3377/2406/2860 3357/2386/2840 3360/2389/2843
f 3377/2406/2860 3360/2389/2843 3378/2407/2861
f 3358/2387/2841 3357/2386/2840 3379/2408/2862
f 3358/2387/2841 3379/2408/2862 3380/2409/2863
f 3361/2390/2844 3358/2387/2841 3380/2409/2863
f 3361/2390/2844 3380/2409/2863 3381/2410/2864
f 3363/2392/2846 3361/2390/2844 3381/2410/2864
f 3363/2392/2846 3381/2410/2864 3382/2411/2865
f 3365/2394/2848 3363/2392/2846 3382/2411/2865
f 3365/2394/2848 3382/2411/2865 3383/2412/2866
f 3367/2396/2850 3365/2394/2848 3383/2412/2866
f 3367/2396/2850 3383/2412/2866 3384/2413/2867
f 3369/2398/2852 3367/2396/2850 3384/2413/2867
f 3369/2398/2852 3384/2413/2867 3385/2414/2868
f 3371/2400/2854 3369/2398/2852 3385/2414/2868
f 3371/2400/2854 3385/2414/2868 3386/2415/2869
f 3373/2402/2856 3371/2400/2854 3386/2415/2869
f 3373/2402/2856 3386/2415/2869 3387/2416/2870
f 3375/2404/2858 3373/2402/2856 3387/2416/2870
f 3375/2404/2858 3387/2416/2870 3388/2417/2871
f 3357/2386/2840 3377/2406/2860 3389/2418/2872
f 3357/2386/2840 3389/2418/2872 3379/2408/2862
f 3380/2409/2863 3379/2408/2862 3390/2419/2873
f 3380/2409/2863 3390/2419/2873 3391/2420/2874
f 3381/2410/2864 3380/2409/2863 3391/2420/2874
f 3381/2410/2864 3391/2420/2874 3392/2421/2875
f 3382/2411/2865 3381/2410/2864 3392/2421/2875
f 3382/2411/2865 3392/2421/2875 3393/2422/2876
f 3383/2412/2866 3382/2411/2865 3393/2422/2876
f 3383/2412/2866 3393/2422/2876 3394/2423/2877
f 3384/2413/2867 3383/2412/2866 3394/2423/2877
f 3384/2413/2867 3394/2423/2877 3395/2424/2878
f 3385/2414/2868 3384/2413/2867 3395/2424/2878
f 3385/2414/2868 3395/2424/2878 3396/2425/2879
f 3386/2415/2869 3385/2414/2868 3396/2425/2879
f 3386/2415/2869 3396/2425/2879 3397/2426/2880
f 3387/2416/2870 3386/2415/2869 3397/2426/2880
f 3387/2416/2870 3397/2426/2880 3398/2427/2881
f 3388/2417/2871 3387/2416/2870 3398/2427/2881
f 3388/2417/2871 3398/2427/2881 3399/2428/2882
f 3379/2408/2862 3389/2418/2872 3400/2429/2882
f 3379/2408/2862 3400/2429/2882 3390/2419/2873
f 4171/769/2883 3405/2430/2884 3406/2431/2885
f 4171/769/2883 3406/2431/2885 4165/770/2886
f 3407/2432/2887 3408/772/2888 3409/775/2887
f 3407/2432/2887 3409/775/2887 3410/2433/2889
f 4156/773/2890 3413/2434/2891 3414/2435/2890
f 4156/773/2890 3414/2435/2890 4131/774/2892
f 4161/2434/2893 4166/768/2894 4160/771/2893
f 4161/2434/2893 4160/771/2893 4146/2435/2895
f 3421/782/252 3422/787/252 3423/783/252
f 3427/2364/2896 3428/2367/2897 3429/2366/2898
f 3427/2364/2896 3429/2366/2898 3430/2365/2899
f 3430/2365/2899 3429/2366/2898 3431/2369/2900
f 3430/2365/2899 3431/2369/2900 3432/2368/2901
f 3432/2368/2901 3431/2369/2900 3433/2371/2902
f 3432/2368/2901 3433/2371/2902 3434/2370/2903
f 3434/2370/2903 3433/2371/2902 3435/2373/2904
f 3434/2370/2903 3435/2373/2904 3436/2372/2905
f 3436/2372/2905 3435/2373/2904 3437/2375/2906
f 3436/2372/2905 3437/2375/2906 3438/2374/2907
f 3438/2374/2907 3437/2375/2906 3439/2377/2908
f 3438/2374/2907 3439/2377/2908 3440/2376/2909
f 3440/2376/2909 3439/2377/2908 3441/2379/2910
f 3440/2376/2909 3441/2379/2910 3442/2378/2911
f 3442/2378/2911 3441/2379/2910 3443/2381/2912
f 3442/2378/2911 3443/2381/2912 3444/2380/2913
f 3444/2380/2913 3443/2381/2912 3445/2383/2914
f 3444/2380/2913 3445/2383/2914 3446/2382/2915
f 3447/2384/2916 3448/2385/2917 3428/2367/2897
f 3447/2384/2916 3428/2367/2897 3427/2364/2896
f 3455/764/254 3456/765/254 3454/763/254
f 3459/2386/2918 3460/2389/2919 3461/2388/2920
f 3459/2386/2918 3461/2388/2920 3462/2387/2921
f 3462/2387/2921 3461/2388/2920 3463/2391/2922
f 3462/2387/2921 3463/2391/2922 3464/2390/2923
f 3464/2390/2923 3463/2391/2922 3465/2393/2924
f 3464/2390/2923 3465/2393/2924 3466/2392/2925
f 3466/2392/2925 3465/2393/2924 3467/2395/2926
f 3466/2392/2925 3467/2395/2926 3468/2394/2927
f 3468/2394/2927 3467/2395/2926 3469/2397/2928
f 3468/2394/2927 3469/2397/2928 3470/2396/2929
f 3470/2396/2929 3469/2397/2928 3471/2399/2930
f 3470/2396/2929 3471/2399/2930 3472/2398/2931
f 3472/2398/2931 3471/2399/2930 3473/2401/2932
f 3472/2398/2931 3473/2401/2932 3474/2400/2933
f 3474/2400/2933 3473/2401/2932 3475/2403/2934
f 3474/2400/2933 3475/2403/2934 3476/2402/2935
f 3476/2402/2935 3475/2403/2934 3477/2405/2936
f 3476/2402/2935 3477/2405/2936 3478/2404/2937
f 3479/2406/2938 3480/2407/2936 3460/2389/2919
f 3479/2406/2938 3460/2389/2919 3459/2386/2918
f 3462/2387/2921 3481/2409/2939 3482/2408/2940
f 3462/2387/2921 3482/2408/2940 3459/2386/2918
f 3464/2390/2923 3483/2410/2941 3481/2409/2939
f 3464/2390/2923 3481/2409/2939 3462/2387/2921
f 3466/2392/2925 3484/2411/2942 3483/2410/2941
f 3466/2392/2925 3483/2410/2941 3464/2390/2923
f 3468/2394/2927 3485/2412/2943 3484/2411/2942
f 3468/2394/2927 3484/2411/2942 3466/2392/2925
f 3470/2396/2929 3486/2413/2944 3485/2412/2943
f 3470/2396/2929 3485/2412/2943 3468/2394/2927
f 3472/2398/2931 3487/2414/2945 3486/2413/2944
f 3472/2398/2931 3486/2413/2944 3470/2396/2929
f 3474/2400/2933 3488/2415/2946 3487/2414/2945
f 3474/2400/2933 3487/2414/2945 3472/2398/2931
f 3476/2402/2935 3489/2416/2947 3488/2415/2946
f 3476/2402/2935 3488/2415/2946 3474/2400/2933
f 3478/2404/2937 3490/2417/2948 3489/2416/2947
f 3478/2404/2937 3489/2416/2947 3476/2402/2935
f 3459/2386/2918 3482/2408/2940 3491/2418/2948
f 3459/2386/2918 3491/2418/2948 3479/2406/2938
f 3481/2409/2939 3492/2420/2949 3493/2419/2950
f 3481/2409/2939 3493/2419/2950 3482/2408/2940
f 3483/2410/2941 3494/2421/2951 3492/2420/2949
f 3483/2410/2941 3492/2420/2949 3481/2409/2939
f 3484/2411/2942 3495/2422/2952 3494/2421/2951
f 3484/2411/2942 3494/2421/2951 3483/2410/2941
f 3485/2412/2943 3496/2423/2953 3495/2422/2952
f 3485/2412/2943 3495/2422/2952 3484/2411/2942
f 3486/2413/2944 3497/2424/2954 3496/2423/2953
f 3486/2413/2944 3496/2423/2953 3485/2412/2943
f 3487/2414/2945 3498/2425/2955 3497/2424/2954
f 3487/2414/2945 3497/2424/2954 3486/2413/2944
f 3488/2415/2946 3499/2426/2956 3498/2425/2955
f 3488/2415/2946 3498/2425/2955 3487/2414/2945
f 3489/2416/2947 3500/2427/2957 3499/2426/2956
f 3489/2416/2947 3499/2426/2956 3488/2415/2946
f 3490/2417/2948 3501/2428/2958 3500/2427/2957
f 3490/2417/2948 3500/2427/2957 3489/2416/2947
f 3482/2408/2940 3493/2419/2950 3502/2429/2959
f 3482/2408/2940 3502/2429/2959 3491/2418/2948
f 4397/769/2960 4399/770/2961 3507/2431/2962
f 4397/769/2960 3507/2431/2962 3508/2430/2963
f 3509/2432/2964 3510/2433/2965 3511/775/2964
f 3509/2432/2964 3511/775/2964 3512/772/2966
f 4404/773/2967 4417/774/2968 3515/2435/2969
f 4404/773/2967 3515/2435/2969 3516/2434/2970
f 4401/2434/2971 4407/2435/2972 4402/771/2971
f 4401/2434/2971 4402/771/2971 4398/768/2973
f 3523/782/2974 3524/784/2974 3525/783/2974
f 3529/788/268 3530/791/268 3531/789/268
f 3533/792/267 316/981/491 318/794/493
f 3533/792/267 318/794/493 3534/793/267
f 3540/792/269 320/794/495 319/981/494
f 3541/788/271 3543/789/271 3544/790/271
f 3545/792/272 322/981/497 324/794/499
f 3545/792/272 324/794/499 3546/793/272
f 3547/788/273 3548/790/273 3549/789/273
f 3550/791/2975 3549/789/2975 3551/793/2975
f 3552/792/273 326/794/501 325/981/500
